Rule type;Priority;Source sheet;Row;Section;Tax point;Category;Waste type;Unit type;Factor hint;Volume liter;Tax code;Formula;Tax part;Confidence;Source text
TAXEPUNKT;30;Taxepunkter;6;§2 Avgifter och tjänster – en- och tvåbostadshus, fritidshus, verksamhet, lägenhet och anläggning;;Hushåll;;;;;;;;0.75;§2 Avgifter och tjänster – en- och tvåbostadshus, fritidshus, verksamhet, lägenhet och anläggning | §2 Avgifter och tjänster – en- och tvåbostadshus, fritidshus, verksamhet, lägenhet och anläggning |  |  |  |  |  |  |  |  |  | 
TAXEPUNKT;30;Taxepunkter;7;§2.1 Grundavgifter;;Hushåll;;;;;;;;0.75;§2.1 Grundavgifter | §2.1 Grundavgifter |  |  |  |  |  |  |  |  |  | 
TAXEPUNKT;30;Taxepunkter;8;§2.1.1 Grundavgifter;;Hushåll;;;;;;;;0.75;§2.1.1 Grundavgifter | §2.1.1 Grundavgifter |  |  |  |  |  |  |  |  |  | 
TAXEPUNKT;10;Taxepunkter;9;§2.1;En- och tvåbostadshus;Hushåll;;;ÅRPR;;GRUNDPER;;;1.00;§2.1 | §2.1 | En- och tvåbostadshus |  | st/år | GRUNDPER | GRUNDPER | ÅRPR |  |  |  | 
TAXEPUNKT;10;Taxepunkter;10;§2.1;Fritidshus;Hushåll;;;ÅRPR;;GRUNDFRI;;;1.00;§2.1 | §2.1 | Fritidshus |  | st/år | GRUNDFRI | GRUNDFRI | ÅRPR |  |  |  | 
TAXEPUNKT;10;Taxepunkter;11;§2.1;Verksamhet;Hushåll;;;ÅRKV;;GRUNDLÄG;;;1.00;§2.1 | §2.1 | Verksamhet |  | st/år | GRUNDLÄG | GRUNDLÄG | ÅRKV |  |  |  | 
TAXEPUNKT;10;Taxepunkter;12;§2.1;Lägenhet i flerbostadshus;Hushåll;;;ÅRKV;;GRUNDFLB;;;1.00;§2.1 | §2.1 | Lägenhet i flerbostadshus |  | st/år | GRUNDFLB | GRUNDFLB | ÅRKV |  |  |  | 
TAXEPUNKT;30;Taxepunkter;13;§2.1;Lägenhet för specialändamål;Hushåll;;;;;;;;0.75;§2.1 | §2.1 | Lägenhet för specialändamål |  | st/år |  |  |  |  |  |  | 
TAXEPUNKT;30;Taxepunkter;14;§2.1;Anläggning;Hushåll;;;;;;;;0.75;§2.1 | §2.1 | Anläggning |  | st/år |  |  |  |  |  |  | 
TAXEPUNKT;30;Taxepunkter;15;§2.1;Säsongsbaserad uppställningsplats;Hushåll;;;;;;;;0.75;§2.1 | §2.1 | Säsongsbaserad uppställningsplats |  | st/år |  |  |  |  |  |  | 
TAXEPUNKT;30;Taxepunkter;16;§2.1;Campingstuga/-lägenhet;Hushåll;;;;;;;;0.75;§2.1 | §2.1 | Campingstuga/-lägenhet |  | st/år |  |  |  |  |  |  | 
TAXEPUNKT;30;Taxepunkter;17;§2.1;Administrativ avgift vid beviljad dispens om uppehåll i hämtning eller eget omhändertagande av avfall under kommunalt ansvar;Hushåll;;;;;;;;0.75;§2.1 | §2.1 | Administrativ avgift vid beviljad dispens om uppehåll i hämtning eller eget omhändertagande av avfall under kommunalt ansvar |  | st/år |  |  |  |  |  |  | 
TAXEPUNKT;30;Taxepunkter;18;§2.2 Årlig hämtningsavgift per abonnemangstyp;;Hushåll;;;;;;;;0.75;§2.2 Årlig hämtningsavgift per abonnemangstyp | §2.2 Årlig hämtningsavgift per abonnemangstyp |  |  |  |  |  |  |  |  |  | 
TAXEPUNKT;30;Taxepunkter;19;§2.2.1 Hämtningsavgift per år för en- och tvåbostadshus;;Hushåll;;;;;;;;0.75;§2.2.1 Hämtningsavgift per år för en- och tvåbostadshus | §2.2.1 Hämtningsavgift per år för en- och tvåbostadshus |  |  |  |  |  |  |  |  |  | 
TAXEPUNKT;10;Taxepunkter;20;§2.2.1;Kärl 240 l (mat-/restavfall);Hushåll;Restavfall;Behållarvolym;ÅRKV;240;KÄ240RM26;;;1.00;§2.2.1 | §2.2.1 | Kärl 240 l (mat-/restavfall) | Hämtning var 14:e dag | st/år | KÄ240RM26 | KÄ240RM26 | ÅRKV |  |  |  | 
TAXEPUNKT;30;Taxepunkter;21;§2.2.1;Kärl 240 l (mat-/restavfall);Hushåll;Restavfall;Behållarvolym;VOLYM/BEHÅLLARE;240;;;;0.75;§2.2.1 | §2.2.1 | Kärl 240 l (mat-/restavfall) | Hämtning månadsvis | st/år |  |  |  |  |  |  | 
TAXEPUNKT;10;Taxepunkter;22;§2.2.1;Extrakärl 190 l (restavfall);Hushåll;Restavfall;Behållarvolym;VOLYM/BEHÅLLARE;190;KÄ190XRM26;;;1.00;§2.2.1 | §2.2.1 | Extrakärl 190 l (restavfall) | Hämtning var 14:e dag | st/år | KÄ190XRM26 | KÄ190XRM26 |  |  |  |  | 
TAXEPUNKT;30;Taxepunkter;23;§2.2.1;Extrakärl 190 l (restavfall);Hushåll;Restavfall;Behållarvolym;VOLYM/BEHÅLLARE;190;;;;0.75;§2.2.1 | §2.2.1 | Extrakärl 190 l (restavfall) | Hämtning månadsvis | st/år |  |  |  |  |  |  | 
TAXEPUNKT;30;Taxepunkter;24;§2.2.1;Kärl 370 l (papper-/plastförpackningar);Hushåll;;Behållarvolym;VOLYM/BEHÅLLARE;370;;;;0.75;§2.2.1 | §2.2.1 | Kärl 370 l (papper-/plastförpackningar) | Kostnadsfritt | st/år |  |  |  |  |  |  | 
TAXEPUNKT;30;Taxepunkter;25;§2.2.2 Hämtningsavgift per år för fritidshus inom hämtningsområde X;;Hushåll;;;;;;;;0.75;§2.2.2 Hämtningsavgift per år för fritidshus inom hämtningsområde X | §2.2.2 Hämtningsavgift per år för fritidshus inom hämtningsområde X |  |  |  |  |  |  |  |  |  | 
TAXEPUNKT;10;Taxepunkter;26;§2.2.2;Kärl 240 l (mat-/restavfall);Hushåll;Restavfall;Behållarvolym;ÅRKV;240;KÄ240RM26;;;1.00;§2.2.2 | §2.2.2 | Kärl 240 l (mat-/restavfall) | Hämtning var 14:e dag | st/år | KÄ240RM26 | KÄ240RM26 | ÅRKV |  |  |  | 
TAXEPUNKT;30;Taxepunkter;27;§2.2.2;Kärl 240 l (mat-/restavfall);Hushåll;Restavfall;Behållarvolym;VOLYM/BEHÅLLARE;240;;;;0.75;§2.2.2 | §2.2.2 | Kärl 240 l (mat-/restavfall) | Hämtning månadsvis | st/år |  |  |  |  |  |  | 
TAXEPUNKT;10;Taxepunkter;28;§2.2.2;Extrakärl 190 l (restavfall);Hushåll;Restavfall;Behållarvolym;VOLYM/BEHÅLLARE;190;KÄ190XRM26FRI;;;1.00;§2.2.2 | §2.2.2 | Extrakärl 190 l (restavfall) | Hämtning var 14:e dag | st/år | KÄ190XRM26FRI | KÄ190XRM26FRI |  |  |  |  | 
TAXEPUNKT;30;Taxepunkter;29;§2.2.2;Kärl 370 l (papper-/plastförpackningar);Hushåll;;Behållarvolym;VOLYM/BEHÅLLARE;370;;;;0.75;§2.2.2 | §2.2.2 | Kärl 370 l (papper-/plastförpackningar) | Kostnadsfritt | st/år |  |  |  |  |  |  | 
TAXEPUNKT;30;Taxepunkter;30;§2.2.3 Gemensam uppsamlingsplats inom hämtningsområde X;;Hushåll;;;;;;;;0.75;§2.2.3 Gemensam uppsamlingsplats inom hämtningsområde X | §2.2.3 Gemensam uppsamlingsplats inom hämtningsområde X |  |  |  |  |  |  |  |  |  | 
TAXEPUNKT;10;Taxepunkter;31;§2.2.3;Gemensam uppsamlingsplats för mat-/restavfall;Hushåll;Restavfall;;;;GEMUPPFRI;;;1.00;§2.2.3 | §2.2.3 | Gemensam uppsamlingsplats för mat-/restavfall |  | st/år | GEMUPPFRI | GEMUPPFRI |  |  |  |  | 
TAXEPUNKT;30;Taxepunkter;32;§2.2.3;Gemensam uppsamlingsplats för förpackningar;Hushåll;Förpackningar;;;;;;;0.75;§2.2.3 | §2.2.3 | Gemensam uppsamlingsplats för förpackningar | Kostnadsfritt | st/år |  |  |  |  |  |  | 
TAXEPUNKT;30;Taxepunkter;33;§2.2.3;Extra digital licens (årskostnad);Hushåll;;;;;;;;0.75;§2.2.3 | §2.2.3 | Extra digital licens (årskostnad) |  | st/år |  |  |  |  |  |  | 
TAXEPUNKT;30;Taxepunkter;34;§2.2.3;Fysisk nyckel, kallad fob (engångskostnad);Hushåll;;Tillfälle;TILLFÄLLE;;;;;0.75;§2.2.3 | §2.2.3 | Fysisk nyckel, kallad fob (engångskostnad) |  | st/tillfälle |  |  |  |  |  |  | 
TAXEPUNKT;30;Taxepunkter;35;§2.2.3;Byte av telefonnummer kopplat till licens;Hushåll;;Tillfälle;TILLFÄLLE;;;;;0.75;§2.2.3 | §2.2.3 | Byte av telefonnummer kopplat till licens |  | st/tillfälle |  |  |  |  |  |  | 
TAXEPUNKT;30;Taxepunkter;36;§2.2.3;Kostnad för öppning av behållare;Hushåll;;Tillfälle;TILLFÄLLE;;;;;0.75;§2.2.3 | §2.2.3 | Kostnad för öppning av behållare |  | st/tillfälle |  |  |  |  |  |  | 
TAXEPUNKT;30;Taxepunkter;37;§2.2.4 Hämtningsavgift per år för flerbostadshus inom hämtningsområde X;;Hushåll;;;;;;;;0.75;§2.2.4 Hämtningsavgift per år för flerbostadshus inom hämtningsområde X | §2.2.4 Hämtningsavgift per år för flerbostadshus inom hämtningsområde X |  |  |  |  |  |  |  |  |  | 
TAXEPUNKT;30;Taxepunkter;38;§2.2.4;Kärl 240 l (mat-/restavfall);Hushåll;Restavfall;Behållarvolym;VOLYM/BEHÅLLARE;240;;;;0.75;§2.2.4 | §2.2.4 | Kärl 240 l (mat-/restavfall) | Hämtning varje vecka | st/år |  |  |  |  |  |  | 
TAXEPUNKT;10;Taxepunkter;39;§2.2.4;Kärl 240 l (mat-/restavfall);Hushåll;Restavfall;Behållarvolym;ÅRKV;240;KÄ240RM26FV;;;1.00;§2.2.4 | §2.2.4 | Kärl 240 l (mat-/restavfall) | Hämtning var 14:e dag | st/år | KÄ240RM26FV | KÄ240RM26FV | ÅRKV |  |  |  | 
TAXEPUNKT;30;Taxepunkter;40;§2.2.4;Kärl 240 l (mat-/restavfall);Hushåll;Restavfall;Behållarvolym;VOLYM/BEHÅLLARE;240;;;;0.75;§2.2.4 | §2.2.4 | Kärl 240 l (mat-/restavfall) | Hämtning månadsvis | st/år |  |  |  |  |  |  | 
TAXEPUNKT;30;Taxepunkter;41;§2.2.4;Kärl 370 l (restavfall);Hushåll;Restavfall;Behållarvolym;VOLYM/BEHÅLLARE;370;;;;0.75;§2.2.4 | §2.2.4 | Kärl 370 l (restavfall) | Hämtning varje vecka | st/år |  |  |  |  |  |  | 
TAXEPUNKT;10;Taxepunkter;42;§2.2.4;Kärl 370 l (restavfall);Hushåll;Restavfall;Behållarvolym;ÅRKV;370;KÄ370RE26FV;;;1.00;§2.2.4 | §2.2.4 | Kärl 370 l (restavfall) | Hämtning var 14:e dag | st/år | KÄ370RE26FV | KÄ370RE26FV | ÅRKV |  |  |  | 
TAXEPUNKT;30;Taxepunkter;43;§2.2.4;Kärl 370 l (restavfall);Hushåll;Restavfall;Behållarvolym;VOLYM/BEHÅLLARE;370;;;;0.75;§2.2.4 | §2.2.4 | Kärl 370 l (restavfall) | Hämtning månadsvis | st/år |  |  |  |  |  |  | 
TAXEPUNKT;30;Taxepunkter;44;§2.2.4;Kärl 660 l (restavfall);Hushåll;Restavfall;Behållarvolym;VOLYM/BEHÅLLARE;660;;;;0.75;§2.2.4 | §2.2.4 | Kärl 660 l (restavfall) | Hämtning varje vecka | st/år |  |  |  |  |  |  | 
TAXEPUNKT;10;Taxepunkter;45;§2.2.4;Kärl 660 l (restavfall);Hushåll;Restavfall;Behållarvolym;ÅRKV;660;KÄ660RE26FV;;;1.00;§2.2.4 | §2.2.4 | Kärl 660 l (restavfall) | Hämtning var 14:e dag | st/år | KÄ660RE26FV | KÄ660RE26FV | ÅRKV |  |  |  | 
TAXEPUNKT;30;Taxepunkter;46;§2.2.4;Kärl 660 l (restavfall);Hushåll;Restavfall;Behållarvolym;VOLYM/BEHÅLLARE;660;;;;0.75;§2.2.4 | §2.2.4 | Kärl 660 l (restavfall) | Hämtning månadsvis | st/år |  |  |  |  |  |  | 
TAXEPUNKT;30;Taxepunkter;47;§2.2.4;Kärl 140 l (matavfall);Hushåll;Matavfall;Behållarvolym;VOLYM/BEHÅLLARE;140;;;;0.75;§2.2.4 | §2.2.4 | Kärl 140 l (matavfall) | Hämtning varje vecka | st/år |  |  |  |  |  |  | 
TAXEPUNKT;10;Taxepunkter;48;§2.2.4;Kärl 140 l (matavfall);Hushåll;Matavfall;Behållarvolym;ÅRKV;140;KÄ140MA26FV;;;1.00;§2.2.4 | §2.2.4 | Kärl 140 l (matavfall) | Hämtning var 14:e dag | st/år | KÄ140MA26FV | KÄ140MA26FV | ÅRKV |  |  |  | 
TAXEPUNKT;30;Taxepunkter;49;§2.2.4;Kärl 140 l (matavfall);Hushåll;Matavfall;Behållarvolym;VOLYM/BEHÅLLARE;140;;;;0.75;§2.2.4 | §2.2.4 | Kärl 140 l (matavfall) | Hämtning månadsvis | st/år |  |  |  |  |  |  | 
TAXEPUNKT;30;Taxepunkter;50;§2.2.4;Kärl 190 l (förpackningar);Hushåll;Förpackningar;Behållarvolym;VOLYM/BEHÅLLARE;190;;;;0.75;§2.2.4 | §2.2.4 | Kärl 190 l (förpackningar) | Hämtning varje vecka | st/år |  |  |  |  |  |  | 
TAXEPUNKT;30;Taxepunkter;51;§2.2.4;Kärl 190 l (förpackningar);Hushåll;Förpackningar;Behållarvolym;VOLYM/BEHÅLLARE;190;;;;0.75;§2.2.4 | §2.2.4 | Kärl 190 l (förpackningar) | Hämtning var 14:e dag | st/år |  |  |  |  |  |  | 
TAXEPUNKT;30;Taxepunkter;52;§2.2.4;Kärl 190 l (förpackningar);Hushåll;Förpackningar;Behållarvolym;VOLYM/BEHÅLLARE;190;;;;0.75;§2.2.4 | §2.2.4 | Kärl 190 l (förpackningar) | Hämtning månadsvis | st/år |  |  |  |  |  |  | 
TAXEPUNKT;30;Taxepunkter;53;§2.2.4;Kärl 370 l (förpackningar);Hushåll;Förpackningar;Behållarvolym;VOLYM/BEHÅLLARE;370;;;;0.75;§2.2.4 | §2.2.4 | Kärl 370 l (förpackningar) | Hämtning varje vecka | st/år |  |  |  |  |  |  | 
TAXEPUNKT;30;Taxepunkter;54;§2.2.4;Kärl 370 l (förpackningar);Hushåll;Förpackningar;Behållarvolym;VOLYM/BEHÅLLARE;370;;;;0.75;§2.2.4 | §2.2.4 | Kärl 370 l (förpackningar) | Hämtning var 14:e dag | st/år |  |  |  |  |  |  | 
TAXEPUNKT;30;Taxepunkter;55;§2.2.4;Kärl 370 l (förpackningar);Hushåll;Förpackningar;Behållarvolym;VOLYM/BEHÅLLARE;370;;;;0.75;§2.2.4 | §2.2.4 | Kärl 370 l (förpackningar) | Hämtning månadsvis | st/år |  |  |  |  |  |  | 
TAXEPUNKT;30;Taxepunkter;56;§2.2.4;Kärl 660 l (förpackningar);Hushåll;Förpackningar;Behållarvolym;VOLYM/BEHÅLLARE;660;;;;0.75;§2.2.4 | §2.2.4 | Kärl 660 l (förpackningar) | Hämtning varje vecka | st/år |  |  |  |  |  |  | 
TAXEPUNKT;30;Taxepunkter;57;§2.2.4;Kärl 660 l (förpackningar);Hushåll;Förpackningar;Behållarvolym;VOLYM/BEHÅLLARE;660;;;;0.75;§2.2.4 | §2.2.4 | Kärl 660 l (förpackningar) | Hämtning var 14:e dag | st/år |  |  |  |  |  |  | 
TAXEPUNKT;30;Taxepunkter;58;§2.2.4;Kärl 660 l (förpackningar);Hushåll;Förpackningar;Behållarvolym;VOLYM/BEHÅLLARE;660;;;;0.75;§2.2.4 | §2.2.4 | Kärl 660 l (förpackningar) | Hämtning månadsvis | st/år |  |  |  |  |  |  | 
TAXEPUNKT;30;Taxepunkter;59;§2.2.4;Kärl 190 l (tidningar och returpapper);Hushåll;;Behållarvolym;VOLYM/BEHÅLLARE;190;;;;0.75;§2.2.4 | §2.2.4 | Kärl 190 l (tidningar och returpapper) | Hämtning varje vecka | st/år |  |  |  |  |  |  | 
TAXEPUNKT;30;Taxepunkter;60;§2.2.4;Kärl 190 l (tidningar och returpapper);Hushåll;;Behållarvolym;VOLYM/BEHÅLLARE;190;;;;0.75;§2.2.4 | §2.2.4 | Kärl 190 l (tidningar och returpapper) | Hämtning var 14:e dag | st/år |  |  |  |  |  |  | 
TAXEPUNKT;30;Taxepunkter;61;§2.2.4;Kärl 190 l (tidningar och returpapper);Hushåll;;Behållarvolym;VOLYM/BEHÅLLARE;190;;;;0.75;§2.2.4 | §2.2.4 | Kärl 190 l (tidningar och returpapper) | Hämtning månadsvis | st/år |  |  |  |  |  |  | 
TAXEPUNKT;30;Taxepunkter;62;§2.2.4;Kärl 370 l (tidningar och returpapper);Hushåll;;Behållarvolym;VOLYM/BEHÅLLARE;370;;;;0.75;§2.2.4 | §2.2.4 | Kärl 370 l (tidningar och returpapper) | Hämtning varje vecka | st/år |  |  |  |  |  |  | 
TAXEPUNKT;30;Taxepunkter;63;§2.2.4;Kärl 370 l (tidningar och returpapper);Hushåll;;Behållarvolym;VOLYM/BEHÅLLARE;370;;;;0.75;§2.2.4 | §2.2.4 | Kärl 370 l (tidningar och returpapper) | Hämtning var 14:e dag | st/år |  |  |  |  |  |  | 
TAXEPUNKT;30;Taxepunkter;64;§2.2.4;Kärl 370 l (tidningar och returpapper);Hushåll;;Behållarvolym;VOLYM/BEHÅLLARE;370;;;;0.75;§2.2.4 | §2.2.4 | Kärl 370 l (tidningar och returpapper) | Hämtning månadsvis | st/år |  |  |  |  |  |  | 
TAXEPUNKT;30;Taxepunkter;65;§2.2.4;Bottentömmande behållare (mat-/restavfall, förpackningar);Hushåll;Restavfall;;;;;;;0.75;§2.2.4 | §2.2.4 | Bottentömmande behållare (mat-/restavfall, förpackningar) | Avgift per tömning | st/tömning |  |  |  |  |  |  | 
TAXEPUNKT;30;Taxepunkter;66;§2.2.4;Bottentömmande behållare (mat-/restavfall, förpackningar);Hushåll;Restavfall;;;;;;;0.75;§2.2.4 | §2.2.4 | Bottentömmande behållare (mat-/restavfall, förpackningar) | Tillägg för två tömningar per vecka | st/tömning |  |  |  |  |  |  | 
TAXEPUNKT;30;Taxepunkter;67;§2.2.4;Gemensam uppsamlingsplats för mat-/restavfall, förpackningar;Hushåll;Restavfall;;;;;;;0.75;§2.2.4 | §2.2.4 | Gemensam uppsamlingsplats för mat-/restavfall, förpackningar | Avgift per lägenhet | lägenhet/år |  |  |  |  |  |  | 
TAXEPUNKT;30;Taxepunkter;68;§2.2.5 Hämtningsavgift per år för verksamheter inom hämtningsområde X;;Hushåll;;;;;;;;0.75;§2.2.5 Hämtningsavgift per år för verksamheter inom hämtningsområde X | §2.2.5 Hämtningsavgift per år för verksamheter inom hämtningsområde X |  |  |  |  |  |  |  |  |  | 
TAXEPUNKT;30;Taxepunkter;69;§2.2.5;Kärl 240 l (mat-/restavfall);Hushåll;Restavfall;Behållarvolym;VOLYM/BEHÅLLARE;240;;;;0.75;§2.2.5 | §2.2.5 | Kärl 240 l (mat-/restavfall) | Hämtning varje vecka | st/år |  |  |  |  |  |  | 
TAXEPUNKT;10;Taxepunkter;70;§2.2.5;Kärl 240 l (mat-/restavfall);Hushåll;Restavfall;Behållarvolym;ÅRKV;240;KÄ240RM26FV;;;1.00;§2.2.5 | §2.2.5 | Kärl 240 l (mat-/restavfall) | Hämtning var 14:e dag | st/år | KÄ240RM26FV | KÄ240RM26FV | ÅRKV |  |  |  | 
TAXEPUNKT;30;Taxepunkter;71;§2.2.5;Kärl 240 l (mat-/restavfall);Hushåll;Restavfall;Behållarvolym;VOLYM/BEHÅLLARE;240;;;;0.75;§2.2.5 | §2.2.5 | Kärl 240 l (mat-/restavfall) | Hämtning månadsvis | st/år |  |  |  |  |  |  | 
TAXEPUNKT;30;Taxepunkter;72;§2.2.5;Kärl 370 l (restavfall);Hushåll;Restavfall;Behållarvolym;VOLYM/BEHÅLLARE;370;;;;0.75;§2.2.5 | §2.2.5 | Kärl 370 l (restavfall) | Hämtning varje vecka | st/år |  |  |  |  |  |  | 
TAXEPUNKT;10;Taxepunkter;73;§2.2.5;Kärl 370 l (restavfall);Hushåll;Restavfall;Behållarvolym;ÅRKV;370;KÄ370RE26FV;;;1.00;§2.2.5 | §2.2.5 | Kärl 370 l (restavfall) | Hämtning var 14:e dag | st/år | KÄ370RE26FV | KÄ370RE26FV | ÅRKV |  |  |  | 
TAXEPUNKT;30;Taxepunkter;74;§2.2.5;Kärl 370 l (restavfall);Hushåll;Restavfall;Behållarvolym;VOLYM/BEHÅLLARE;370;;;;0.75;§2.2.5 | §2.2.5 | Kärl 370 l (restavfall) | Hämtning månadsvis | st/år |  |  |  |  |  |  | 
TAXEPUNKT;30;Taxepunkter;75;§2.2.5;Kärl 660 l (restavfall);Hushåll;Restavfall;Behållarvolym;VOLYM/BEHÅLLARE;660;;;;0.75;§2.2.5 | §2.2.5 | Kärl 660 l (restavfall) | Hämtning varje vecka | st/år |  |  |  |  |  |  | 
TAXEPUNKT;10;Taxepunkter;76;§2.2.5;Kärl 660 l (restavfall);Hushåll;Restavfall;Behållarvolym;ÅRKV;660;KÄ660RE26FV;;;1.00;§2.2.5 | §2.2.5 | Kärl 660 l (restavfall) | Hämtning var 14:e dag | st/år | KÄ660RE26FV | KÄ660RE26FV | ÅRKV |  |  |  | 
TAXEPUNKT;30;Taxepunkter;77;§2.2.5;Kärl 660 l (restavfall);Hushåll;Restavfall;Behållarvolym;VOLYM/BEHÅLLARE;660;;;;0.75;§2.2.5 | §2.2.5 | Kärl 660 l (restavfall) | Hämtning månadsvis | st/år |  |  |  |  |  |  | 
TAXEPUNKT;30;Taxepunkter;78;§2.2.5;Kärl 140 l (matavfall);Hushåll;Matavfall;Behållarvolym;VOLYM/BEHÅLLARE;140;;;;0.75;§2.2.5 | §2.2.5 | Kärl 140 l (matavfall) | Hämtning varje vecka | st/år |  |  |  |  |  |  | 
TAXEPUNKT;10;Taxepunkter;79;§2.2.5;Kärl 140 l (matavfall);Hushåll;Matavfall;Behållarvolym;ÅRKV;140;KÄ140MA26FV;;;1.00;§2.2.5 | §2.2.5 | Kärl 140 l (matavfall) | Hämtning var 14:e dag | st/år | KÄ140MA26FV | KÄ140MA26FV | ÅRKV |  |  |  | 
TAXEPUNKT;30;Taxepunkter;80;§2.2.5;Kärl 140 l (matavfall);Hushåll;Matavfall;Behållarvolym;VOLYM/BEHÅLLARE;140;;;;0.75;§2.2.5 | §2.2.5 | Kärl 140 l (matavfall) | Hämtning månadsvis | st/år |  |  |  |  |  |  | 
TAXEPUNKT;30;Taxepunkter;81;§2.2.5;Bottentömmande behållare (mat-/restavfall);Hushåll;Restavfall;;;;;;;0.75;§2.2.5 | §2.2.5 | Bottentömmande behållare (mat-/restavfall) | Avgift per tömning | st/tömning |  |  |  |  |  |  | 
TAXEPUNKT;30;Taxepunkter;82;§2.2.5;Lastväxlarflak (restavfall);Hushåll;Restavfall;;;;;;;0.75;§2.2.5 | §2.2.5 | Lastväxlarflak (restavfall) | Avgift per tömning | st/tömning |  |  |  |  |  |  | 
TAXEPUNKT;30;Taxepunkter;83;§2.2.5;Bottentömmande behållare (mat-/restavfall);Hushåll;Restavfall;;;;;;;0.75;§2.2.5 | §2.2.5 | Bottentömmande behållare (mat-/restavfall) | Tillägg för två tömningar per vecka | st/tömning |  |  |  |  |  |  | 
TAXEPUNKT;30;Taxepunkter;84;§2.2.6 Hämtningsavgift per år för verksamhet inom detaljhandeln med beviljad hantering av kommunalt avfall;;Hushåll;;;;;;;;0.75;§2.2.6 Hämtningsavgift per år för verksamhet inom detaljhandeln med beviljad hantering av kommunalt avfall | §2.2.6 Hämtningsavgift per år för verksamhet inom detaljhandeln med beviljad hantering av kommunalt avfall |  |  |  |  |  |  |  |  |  | 
TAXEPUNKT;30;Taxepunkter;85;§2.2.6;Kärl 240 l (mat-/restavfall);Hushåll;Restavfall;Behållarvolym;VOLYM/BEHÅLLARE;240;;;;0.75;§2.2.6 | §2.2.6 | Kärl 240 l (mat-/restavfall) | Hämtning varje vecka | st/år |  |  |  |  |  |  | 
TAXEPUNKT;30;Taxepunkter;86;§2.2.6;Kärl 240 l (mat-/restavfall);Hushåll;Restavfall;Behållarvolym;VOLYM/BEHÅLLARE;240;;;;0.75;§2.2.6 | §2.2.6 | Kärl 240 l (mat-/restavfall) | Hämtning var 14:e dag | st/år |  |  |  |  |  |  | 
TAXEPUNKT;30;Taxepunkter;87;§2.2.6;Kärl 240 l (mat-/restavfall);Hushåll;Restavfall;Behållarvolym;VOLYM/BEHÅLLARE;240;;;;0.75;§2.2.6 | §2.2.6 | Kärl 240 l (mat-/restavfall) | Hämtning månadsvis | st/år |  |  |  |  |  |  | 
TAXEPUNKT;30;Taxepunkter;88;§2.2.6;Kärl 370 l (restavfall);Hushåll;Restavfall;Behållarvolym;VOLYM/BEHÅLLARE;370;;;;0.75;§2.2.6 | §2.2.6 | Kärl 370 l (restavfall) | Hämtning varje vecka | st/år |  |  |  |  |  |  | 
TAXEPUNKT;30;Taxepunkter;89;§2.2.6;Kärl 370 l (restavfall);Hushåll;Restavfall;Behållarvolym;VOLYM/BEHÅLLARE;370;;;;0.75;§2.2.6 | §2.2.6 | Kärl 370 l (restavfall) | Hämtning var 14:e dag | st/år |  |  |  |  |  |  | 
TAXEPUNKT;30;Taxepunkter;90;§2.2.6;Kärl 370 l (restavfall);Hushåll;Restavfall;Behållarvolym;VOLYM/BEHÅLLARE;370;;;;0.75;§2.2.6 | §2.2.6 | Kärl 370 l (restavfall) | Hämtning månadsvis | st/år |  |  |  |  |  |  | 
TAXEPUNKT;30;Taxepunkter;91;§2.2.6;Kärl 660 l (restavfall);Hushåll;Restavfall;Behållarvolym;VOLYM/BEHÅLLARE;660;;;;0.75;§2.2.6 | §2.2.6 | Kärl 660 l (restavfall) | Hämtning varje vecka | st/år |  |  |  |  |  |  | 
TAXEPUNKT;30;Taxepunkter;92;§2.2.6;Kärl 660 l (restavfall);Hushåll;Restavfall;Behållarvolym;VOLYM/BEHÅLLARE;660;;;;0.75;§2.2.6 | §2.2.6 | Kärl 660 l (restavfall) | Hämtning var 14:e dag | st/år |  |  |  |  |  |  | 
TAXEPUNKT;30;Taxepunkter;93;§2.2.6;Kärl 660 l (restavfall);Hushåll;Restavfall;Behållarvolym;VOLYM/BEHÅLLARE;660;;;;0.75;§2.2.6 | §2.2.6 | Kärl 660 l (restavfall) | Hämtning månadsvis | st/år |  |  |  |  |  |  | 
TAXEPUNKT;30;Taxepunkter;94;§2.2.6;Kärl 140 l (matavfall);Hushåll;Matavfall;Behållarvolym;VOLYM/BEHÅLLARE;140;;;;0.75;§2.2.6 | §2.2.6 | Kärl 140 l (matavfall) | Hämtning varje vecka | st/år |  |  |  |  |  |  | 
TAXEPUNKT;30;Taxepunkter;95;§2.2.6;Kärl 140 l (matavfall);Hushåll;Matavfall;Behållarvolym;VOLYM/BEHÅLLARE;140;;;;0.75;§2.2.6 | §2.2.6 | Kärl 140 l (matavfall) | Hämtning var 14:e dag | st/år |  |  |  |  |  |  | 
TAXEPUNKT;30;Taxepunkter;96;§2.2.6;Kärl 140 l (matavfall);Hushåll;Matavfall;Behållarvolym;VOLYM/BEHÅLLARE;140;;;;0.75;§2.2.6 | §2.2.6 | Kärl 140 l (matavfall) | Hämtning månadsvis | st/år |  |  |  |  |  |  | 
TAXEPUNKT;30;Taxepunkter;97;§2.2.6;Bottentömmande behållare (mat-/restavfall);Hushåll;Restavfall;;;;;;;0.75;§2.2.6 | §2.2.6 | Bottentömmande behållare (mat-/restavfall) | Avgift per tömning | st/tömning |  |  |  |  |  |  | 
TAXEPUNKT;30;Taxepunkter;98;§2.2.6;Lastväxlarflak (restavfall);Hushåll;Restavfall;;;;;;;0.75;§2.2.6 | §2.2.6 | Lastväxlarflak (restavfall) | Avgift per tömning | st/tömning |  |  |  |  |  |  | 
TAXEPUNKT;30;Taxepunkter;99;§2.2.6;Bottentömmande behållare (mat-/restavfall);Hushåll;Restavfall;;;;;;;0.75;§2.2.6 | §2.2.6 | Bottentömmande behållare (mat-/restavfall) | Tillägg för två tömningar per vecka | st/tömning |  |  |  |  |  |  | 
TAXEPUNKT;30;Taxepunkter;100;§2.2.7 Verksamheter med beviljad hantering av förbrukat matfett, kontorspapper eller returpapper;;Hushåll;;;;;;;;0.75;§2.2.7 Verksamheter med beviljad hantering av förbrukat matfett, kontorspapper eller returpapper | §2.2.7 Verksamheter med beviljad hantering av förbrukat matfett, kontorspapper eller returpapper |  |  |  |  |  |  |  |  |  | 
TAXEPUNKT;30;Taxepunkter;101;§2.2.7;Kärl 140 l (kontors-/returpapper);Hushåll;;Behållarvolym;VOLYM/BEHÅLLARE;140;;;;0.75;§2.2.7 | §2.2.7 | Kärl 140 l (kontors-/returpapper) | Avgift per tömning | st/tömning |  |  |  |  |  |  | 
TAXEPUNKT;30;Taxepunkter;102;§2.2.7;Egen överlämning av förbrukat kontors-/returpapper enligt anvisning;Hushåll;;;;;;;;0.75;§2.2.7 | §2.2.7 | Egen överlämning av förbrukat kontors-/returpapper enligt anvisning | Avgift per tömning | st/tömning |  |  |  |  |  |  | 
TAXEPUNKT;30;Taxepunkter;103;§2.2.7;Egen överlämning av förbrukat matfett enligt anvisning;Hushåll;;;;;;;;0.75;§2.2.7 | §2.2.7 | Egen överlämning av förbrukat matfett enligt anvisning | Avgift per tömning | st/tömning |  |  |  |  |  |  | 
TAXEPUNKT;30;Taxepunkter;104;§2.3 Rörlig avgift (gäller ej gemensam uppsamlingsplats);;Hushåll;;;;;;;;0.75;§2.3 Rörlig avgift (gäller ej gemensam uppsamlingsplats) | §2.3 Rörlig avgift (gäller ej gemensam uppsamlingsplats) |  |  |  |  |  |  |  |  |  | 
TAXEPUNKT;30;Taxepunkter;105;§2.3.1 Rörlig avgift (gäller ej gemensam uppsamlingsplats);;Hushåll;;;;;;;;0.75;§2.3.1 Rörlig avgift (gäller ej gemensam uppsamlingsplats) | §2.3.1 Rörlig avgift (gäller ej gemensam uppsamlingsplats) |  |  |  |  |  |  |  |  |  | 
TAXEPUNKT;10;Taxepunkter;106;§2.3.1;Viktavgift matavfall;Hushåll;Matavfall;;KVAN;;VIKTMAT;;;1.00;§2.3.1 | §2.3.1 | Viktavgift matavfall |  | kr/kg | VIKTMAT |  | KVAN |  |  |  | 
TAXEPUNKT;10;Taxepunkter;107;§2.3.1;Viktavgift restavfall;Hushåll;Restavfall;;KVAN;;VIKTREST;;;1.00;§2.3.1 | §2.3.1 | Viktavgift restavfall |  | kr/kg | VIKTREST |  | KVAN |  |  |  | 
TAXEPUNKT;30;Taxepunkter;108;§2.3.1;Lyftavgift kärl;Hushåll;;;;;;;;0.75;§2.3.1 | §2.3.1 | Lyftavgift kärl |  | st/tömning |  |  |  |  |  |  | 
TAXEPUNKT;30;Taxepunkter;109;§2.4 Tillägg och avgifter för avfall;;Hushåll;;;;;;;;0.75;§2.4 Tillägg och avgifter för avfall | §2.4 Tillägg och avgifter för avfall |  |  |  |  |  |  |  |  |  | 
TAXEPUNKT;30;Taxepunkter;110;§2.4.1 Fakturaavgift;;Hushåll;;;;;;;;0.75;§2.4.1 Fakturaavgift | §2.4.1 Fakturaavgift |  |  |  |  |  |  |  |  |  | 
TAXEPUNKT;30;Taxepunkter;111;§2.4.1;Fakturaavgift;Hushåll;;;;;;;;0.75;§2.4.1 | §2.4.1 | Fakturaavgift | Avgift per faktura | kr/st |  |  |  |  |  |  | 
TAXEPUNKT;30;Taxepunkter;112;§2.4.1;Fakturaavgift;Hushåll;;;;;;;;0.75;§2.4.1 | §2.4.1 | Fakturaavgift | Avgift per faktura | kr/st |  |  |  |  |  |  | 
TAXEPUNKT;30;Taxepunkter;113;§2.4.2 Överviktsavgift kärl;;Hushåll;;;;;;;;0.75;§2.4.2 Överviktsavgift kärl | §2.4.2 Överviktsavgift kärl |  |  |  |  |  |  |  |  |  | 
TAXEPUNKT;30;Taxepunkter;114;§2.4.2;Delat kärl 240 l restavfall;Hushåll;Restavfall;Behållarvolym;VOLYM/BEHÅLLARE;240;;;;0.75;§2.4.2 | §2.4.2 | Delat kärl 240 l restavfall | Över 40 kg | kr/kg |  |  |  |  |  |  | 
TAXEPUNKT;30;Taxepunkter;115;§2.4.2;Delat kärl 240 l matavfall;Hushåll;Matavfall;Behållarvolym;VOLYM/BEHÅLLARE;240;;;;0.75;§2.4.2 | §2.4.2 | Delat kärl 240 l matavfall | Över 40 kg | kr/kg |  |  |  |  |  |  | 
TAXEPUNKT;30;Taxepunkter;116;§2.4.2;Extra kärl 140 l matavfall;Hushåll;Matavfall;Behållarvolym;VOLYM/BEHÅLLARE;140;;;;0.75;§2.4.2 | §2.4.2 | Extra kärl 140 l matavfall | Över 60 kg | kr/kg |  |  |  |  |  |  | 
TAXEPUNKT;30;Taxepunkter;117;§2.4.2;Extra kärl 140-190 l restavfall;Hushåll;Restavfall;Behållarvolym;VOLYM/BEHÅLLARE;190;;;;0.75;§2.4.2 | §2.4.2 | Extra kärl 140-190 l restavfall | Över 60 kg | kr/kg |  |  |  |  |  |  | 
TAXEPUNKT;30;Taxepunkter;118;§2.4.2;Kärl 370 l restavfall;Hushåll;Restavfall;Behållarvolym;VOLYM/BEHÅLLARE;370;;;;0.75;§2.4.2 | §2.4.2 | Kärl 370 l restavfall | Över 60 kg | kr/kg |  |  |  |  |  |  | 
TAXEPUNKT;30;Taxepunkter;119;§2.4.2;Kärl 660 l restavfall;Hushåll;Restavfall;Behållarvolym;VOLYM/BEHÅLLARE;660;;;;0.75;§2.4.2 | §2.4.2 | Kärl 660 l restavfall | Över 100 kg | kr/kg |  |  |  |  |  |  | 
TAXEPUNKT;30;Taxepunkter;120;§2.4.3 Överfull behållare;;Hushåll;;;;;;;;0.75;§2.4.3 Överfull behållare | §2.4.3 Överfull behållare |  |  |  |  |  |  |  |  |  | 
TAXEPUNKT;30;Taxepunkter;121;§2.4.3;Överfullt kärl;Hushåll;;Tillfälle;TILLFÄLLE;;;;;0.75;§2.4.3 | §2.4.3 | Överfullt kärl |  | st/tillfälle/behållare |  |  |  |  |  |  | 
TAXEPUNKT;30;Taxepunkter;122;§2.4.3;Överfull bottentömmande behållare;Hushåll;;Tillfälle;TILLFÄLLE;;;;;0.75;§2.4.3 | §2.4.3 | Överfull bottentömmande behållare |  | st/tillfälle/behållare |  |  |  |  |  |  | 
TAXEPUNKT;30;Taxepunkter;123;§2.4.4 Byte av trasigt kärl;;Hushåll;;;;;;;;0.75;§2.4.4 Byte av trasigt kärl | §2.4.4 Byte av trasigt kärl |  |  |  |  |  |  |  |  |  | 
TAXEPUNKT;30;Taxepunkter;124;§2.4.4;Byte av trasigt kärl vid oaktsamhet;Hushåll;;;;;;;;0.75;§2.4.4 | §2.4.4 | Byte av trasigt kärl vid oaktsamhet |  | st/kärl |  |  |  |  |  |  | 
TAXEPUNKT;30;Taxepunkter;125;§2.4.4;Byte av trasigt kärl vid tömning;Hushåll;;;;;;;;0.75;§2.4.4 | §2.4.4 | Byte av trasigt kärl vid tömning |  | st/kärl |  |  |  |  |  |  | 
TAXEPUNKT;30;Taxepunkter;126;§2.4.5 Byte av abonnemang;;Hushåll;;;;;;;;0.75;§2.4.5 Byte av abonnemang | §2.4.5 Byte av abonnemang |  |  |  |  |  |  |  |  |  | 
TAXEPUNKT;30;Taxepunkter;127;§2.4.5;Byte/återtag av kärl en (1) ggr/år;Hushåll;;Behållarvolym;VOLYM/BEHÅLLARE;240;;;;0.75;§2.4.5 | §2.4.5 | Byte/återtag av kärl en (1) ggr/år | 140–240 liter | st/kärl |  |  |  |  |  |  | 
TAXEPUNKT;30;Taxepunkter;128;§2.4.5;Byte/återtag av kärl en (1) ggr/år;Hushåll;;Behållarvolym;VOLYM/BEHÅLLARE;660;;;;0.75;§2.4.5 | §2.4.5 | Byte/återtag av kärl en (1) ggr/år | 370–660 liter | st/kärl |  |  |  |  |  |  | 
TAXEPUNKT;30;Taxepunkter;129;§2.4.5;Ytterligare byte av kärl under kalenderåret;Hushåll;;;;;;;;0.75;§2.4.5 | §2.4.5 | Ytterligare byte av kärl under kalenderåret |  | st/kärl |  |  |  |  |  |  | 
TAXEPUNKT;30;Taxepunkter;130;§2.4.6 Felsorteringsavgift;;Hushåll;;;;;;;;0.75;§2.4.6 Felsorteringsavgift | §2.4.6 Felsorteringsavgift |  |  |  |  |  |  |  |  |  | 
TAXEPUNKT;10;Taxepunkter;131;§2.4.6;Kärl;Hushåll;;Tillfälle;KVAN;;FELSORT;;;1.00;§2.4.6 | §2.4.6 | Kärl |  | st/tillfälle | FELSORT | FELSORT | KVAN |  |  |  | 
TAXEPUNKT;10;Taxepunkter;132;§2.4.6;Bottentömmande behållare;Hushåll;;Tillfälle;KVAN;;FELSORT;;;1.00;§2.4.6 | §2.4.6 | Bottentömmande behållare |  | st/tillfälle | FELSORT | FELSORT | KVAN |  |  |  | 
TAXEPUNKT;30;Taxepunkter;133;§2.4.7 Dragväg och avfallsutrymmen;;Hushåll;;;;;;;;0.75;§2.4.7 Dragväg och avfallsutrymmen | §2.4.7 Dragväg och avfallsutrymmen |  |  |  |  |  |  |  |  |  | 
TAXEPUNKT;30;Taxepunkter;134;§2.4.7;Kärl 140-660 L;Hushåll;;Behållarvolym;VOLYM/BEHÅLLARE;660;;;;0.75;§2.4.7 | §2.4.7 | Kärl 140-660 L | 1,5-10 | st/år |  |  |  |  |  |  | 
TAXEPUNKT;30;Taxepunkter;135;§2.4.7;Kärl 140-660 L;Hushåll;;Behållarvolym;VOLYM/BEHÅLLARE;660;;;;0.75;§2.4.7 | §2.4.7 | Kärl 140-660 L | 10-20 | st/år |  |  |  |  |  |  | 
TAXEPUNKT;30;Taxepunkter;136;§2.4.7;Kärl 140-660 L;Hushåll;;Behållarvolym;VOLYM/BEHÅLLARE;660;;;;0.75;§2.4.7 | §2.4.7 | Kärl 140-660 L | 20-30 | st/år |  |  |  |  |  |  | 
TAXEPUNKT;30;Taxepunkter;137;§2.4.7;Avfallsport eller dörr;Hushåll;;;;;;;;0.75;§2.4.7 | §2.4.7 | Avfallsport eller dörr |  | st/år |  |  |  |  |  |  | 
TAXEPUNKT;30;Taxepunkter;138;§2.4.7;Låst dörr, med kod;Hushåll;;;;;;;;0.75;§2.4.7 | §2.4.7 | Låst dörr, med kod |  | st/år |  |  |  |  |  |  | 
TAXEPUNKT;30;Taxepunkter;139;§2.4.8 Evenemang och andra tillfälliga händelser;;Hushåll;;;;;;;;0.75;§2.4.8 Evenemang och andra tillfälliga händelser | §2.4.8 Evenemang och andra tillfälliga händelser |  |  |  |  |  |  |  |  |  | 
TAXEPUNKT;30;Taxepunkter;140;§2.4.8;Kärl 140 l matavfall;Hushåll;Matavfall;Behållarvolym;VOLYM/BEHÅLLARE;140;;;;0.75;§2.4.8 | §2.4.8 | Kärl 140 l matavfall |  | st/period |  |  |  |  |  |  | 
TAXEPUNKT;30;Taxepunkter;141;§2.4.8;Kärl 190 l restavfall;Hushåll;Restavfall;Behållarvolym;VOLYM/BEHÅLLARE;190;;;;0.75;§2.4.8 | §2.4.8 | Kärl 190 l restavfall |  | st/period |  |  |  |  |  |  | 
TAXEPUNKT;30;Taxepunkter;142;§2.4.8;Kärl 370 l restavfall;Hushåll;Restavfall;Behållarvolym;VOLYM/BEHÅLLARE;370;;;;0.75;§2.4.8 | §2.4.8 | Kärl 370 l restavfall |  | st/period |  |  |  |  |  |  | 
TAXEPUNKT;30;Taxepunkter;143;§2.4.8;Kärl 660 l restavfall;Hushåll;Restavfall;Behållarvolym;VOLYM/BEHÅLLARE;660;;;;0.75;§2.4.8 | §2.4.8 | Kärl 660 l restavfall |  | st/period |  |  |  |  |  |  | 
TAXEPUNKT;30;Taxepunkter;144;§2.4.8;Bottemtömmande behållare;Hushåll;;;;;;;;0.75;§2.4.8 | §2.4.8 | Bottemtömmande behållare |  | st/period |  |  |  |  |  |  | 
TAXEPUNKT;30;Taxepunkter;145;§2.4.9 Budning av mat- och restavfall;;Hushåll;Restavfall;;;;;;;0.75;§2.4.9 Budning av mat- och restavfall | §2.4.9 Budning av mat- och restavfall |  |  |  |  |  |  |  |  |  | 
TAXEPUNKT;30;Taxepunkter;146;§2.4.9;Sidlastande fordon;Hushåll;;Tillfälle;TILLFÄLLE;;;;;0.75;§2.4.9 | §2.4.9 | Sidlastande fordon |  | st/tillfälle |  |  |  |  |  |  | 
TAXEPUNKT;30;Taxepunkter;147;§2.4.9;Bottentömmande fordon;Hushåll;;Tillfälle;TILLFÄLLE;;;;;0.75;§2.4.9 | §2.4.9 | Bottentömmande fordon |  | st/tillfälle |  |  |  |  |  |  | 
TAXEPUNKT;30;Taxepunkter;148;§2.4.9;Tömningsavgift per behållare;Hushåll;;Tillfälle;TILLFÄLLE;;;;;0.75;§2.4.9 | §2.4.9 | Tömningsavgift per behållare |  | st/tillfälle |  |  |  |  |  |  | 
TAXEPUNKT;30;Taxepunkter;149;§2.4.10 Betalsäck och akutsäck;;Hushåll;;;;;;;;0.75;§2.4.10 Betalsäck och akutsäck | §2.4.10 Betalsäck och akutsäck |  |  |  |  |  |  |  |  |  | 
TAXEPUNKT;10;Taxepunkter;150;§2.4.10;Betalsäck;Hushåll;;;KVAN;;BETALSÄCK;;;1.00;§2.4.10 | §2.4.10 | Betalsäck |  | st/säck | BETALSÄCK | BETALSÄCK | KVAN |  |  |  | 
TAXEPUNKT;10;Taxepunkter;151;§2.4.10;Akutsäck;Hushåll;;;KVAN;;AKUTSÄCK;;;1.00;§2.4.10 | §2.4.10 | Akutsäck |  | st/säck | AKUTSÄCK | AKUTSÄCK | KVAN |  |  |  | 
TAXEPUNKT;30;Taxepunkter;152;§2.4.11 Tillbehör;;Hushåll;;;;;;;;0.75;§2.4.11 Tillbehör | §2.4.11 Tillbehör |  |  |  |  |  |  |  |  |  | 
TAXEPUNKT;30;Taxepunkter;153;§2.4.11;Matavfallspåsar 9 L;Hushåll;;Behållarvolym;VOLYM/BEHÅLLARE;;;;;0.75;§2.4.11 | §2.4.11 | Matavfallspåsar 9 L |  | bunt |  |  |  |  |  |  | 
TAXEPUNKT;30;Taxepunkter;154;§2.4.11;Matavfallspåsar 22 L;Hushåll;;Behållarvolym;VOLYM/BEHÅLLARE;22;;;;0.75;§2.4.11 | §2.4.11 | Matavfallspåsar 22 L |  | bunt |  |  |  |  |  |  | 
TAXEPUNKT;30;Taxepunkter;155;§2.4.11;Gravitationslås till kärl;Hushåll;;Styck;ST;;;;;0.75;§2.4.11 | §2.4.11 | Gravitationslås till kärl |  | st |  |  |  |  |  |  | 
TAXEPUNKT;30;Taxepunkter;156;§2.4.11;Extra nyckel till gravitationslås;Hushåll;;Styck;ST;;;;;0.75;§2.4.11 | §2.4.11 | Extra nyckel till gravitationslås |  | st |  |  |  |  |  |  | 
TAXEPUNKT;30;Taxepunkter;157;§2.5 Övrigt avfall under kommunalt ansvar från hushåll;;Hushåll;;;;;;;;0.75;§2.5 Övrigt avfall under kommunalt ansvar från hushåll | §2.5 Övrigt avfall under kommunalt ansvar från hushåll |  |  |  |  |  |  |  |  |  | 
TAXEPUNKT;30;Taxepunkter;158;§2.5.1 Budning för fastighetsnära hämtning av kommunalt avfall;;Hushåll;;;;;;;;0.75;§2.5.1 Budning för fastighetsnära hämtning av kommunalt avfall | §2.5.1 Budning för fastighetsnära hämtning av kommunalt avfall |  |  |  |  |  |  |  |  |  | 
TAXEPUNKT;30;Taxepunkter;159;§2.5.1;Kommunalt avfall;Hushåll;;Tillfälle;TILLFÄLLE;;;;;0.75;§2.5.1 | §2.5.1 | Kommunalt avfall |  | st/tillfälle |  |  |  |  |  |  | 
TAXEPUNKT;30;Taxepunkter;160;§2.5.1;Farligt avfall (ej uppmärkt);Hushåll;Farligt avfall;Tillfälle;TILLFÄLLE;;;;;0.75;§2.5.1 | §2.5.1 | Farligt avfall (ej uppmärkt) |  | st/tillfälle |  |  |  |  |  |  | 
TAXEPUNKT;30;Taxepunkter;161;§2.5.1;Farligt avfall (uppmärkt);Hushåll;Farligt avfall;Tillfälle;TILLFÄLLE;;;;;0.75;§2.5.1 | §2.5.1 | Farligt avfall (uppmärkt) |  | st/tillfälle |  |  |  |  |  |  | 
TAXEPUNKT;30;Taxepunkter;162;§2.5.1;Farligt avfall (uppmärkt);Hushåll;Farligt avfall;Tillfälle;TILLFÄLLE;;;;;0.75;§2.5.1 | §2.5.1 | Farligt avfall (uppmärkt) |  | st/tillfälle |  |  |  |  |  |  | 
TAXEPUNKT;30;Taxepunkter;163;§3 Tömning av slam;;Flerbostad/verksamhet;Slam;;;;;;;0.75;§3 Tömning av slam | §3 Tömning av slam |  |  |  |  |  |  |  |  |  | 
TAXEPUNKT;30;Taxepunkter;164;§3.1 Tömning slam;;Flerbostad/verksamhet;Slam;;;;;;;0.75;§3.1 Tömning slam | §3.1 Tömning slam |  |  |  |  |  |  |  |  |  | 
TAXEPUNKT;30;Taxepunkter;165;§3.1.1 Ordinarie tömning slam;;Flerbostad/verksamhet;Slam;;;;;;;0.75;§3.1.1 Ordinarie tömning slam | §3.1.1 Ordinarie tömning slam |  |  |  |  |  |  |  |  |  | 
TAXEPUNKT;10;Taxepunkter;166;§3.1.1;Upp till 3 m3;Flerbostad/verksamhet;;Volym;ÅRKV;;BRN03SLORD;;;1.00;§3.1.1 | §3.1.1 | Upp till 3 m3 |  | kr/tömning | BRN03SLORD | BRN03SLORD | ÅRKV |  |  |  | 
TAXEPUNKT;10;Taxepunkter;167;§3.1.1;Mellan 3 m3 och 6 m3;Flerbostad/verksamhet;;Volym;ÅRKV;;BDT36SLORD;;;1.00;§3.1.1 | §3.1.1 | Mellan 3 m3 och 6 m3 |  | kr/tömning | BDT36SLORD | BDT36SLORD | ÅRKV |  |  |  | 
TAXEPUNKT;10;Taxepunkter;168;§3.1.1;Mellan 6 m3 och 9 m3;Flerbostad/verksamhet;;Volym;ÅRKV;;BRNÖ6SLORD;;;1.00;§3.1.1 | §3.1.1 | Mellan 6 m3 och 9 m3 |  | kr/tömning | BRNÖ6SLORD | BRNÖ6SLORD | ÅRKV |  |  |  | 
TAXEPUNKT;30;Taxepunkter;169;§3.1.1;Tillägg per m3 över 9 m3;Flerbostad/verksamhet;;Volym;VOLM;;;;;0.75;§3.1.1 | §3.1.1 | Tillägg per m3 över 9 m3 |  | kr/m3 |  |  |  |  |  |  | 
TAXEPUNKT;10;Taxepunkter;170;§3.1.1;Bad-, disk- och tvättbrunn upp till 3 m3;Flerbostad/verksamhet;;Volym;ÅRKV;;BDT03SLORD;;;1.00;§3.1.1 | §3.1.1 | Bad-, disk- och tvättbrunn upp till 3 m3 |  | kr/tömning | BDT03SLORD | BDT03SLORD | ÅRKV |  |  |  | 
TAXEPUNKT;30;Taxepunkter;171;§3.1.1;Tilägg per m3 över 3m3;Flerbostad/verksamhet;;Volym;VOLM;;;;;0.75;§3.1.1 | §3.1.1 | Tilägg per m3 över 3m3 |  | kr/m3 |  |  |  |  |  |  | 
TAXEPUNKT;30;Taxepunkter;172;§3.2 Tilläggstjänster slam;;Flerbostad/verksamhet;Slam;;;;;;;0.75;§3.2 Tilläggstjänster slam | §3.2 Tilläggstjänster slam |  |  |  |  |  |  |  |  |  | 
TAXEPUNKT;30;Taxepunkter;173;§3.2.1 Tilläggstjänster slam;;Flerbostad/verksamhet;Slam;;;;;;;0.75;§3.2.1 Tilläggstjänster slam | §3.2.1 Tilläggstjänster slam |  |  |  |  |  |  |  |  |  | 
TAXEPUNKT;30;Taxepunkter;174;§3.2.1;Dragning av extra slang vid 5-25 m;Flerbostad/verksamhet;;Tillfälle;TILLFÄLLE;;;;;0.75;§3.2.1 | §3.2.1 | Dragning av extra slang vid 5-25 m |  | kr/tillfälle |  |  |  |  |  |  | 
TAXEPUNKT;30;Taxepunkter;175;§3.2.1;Dragning av extra slang vid 25-35 m;Flerbostad/verksamhet;;Tillfälle;TILLFÄLLE;;;;;0.75;§3.2.1 | §3.2.1 | Dragning av extra slang vid 25-35 m |  | kr/tillfälle |  |  |  |  |  |  | 
TAXEPUNKT;30;Taxepunkter;176;§3.2.1;Dragning av extra slang vid 36-45 m;Flerbostad/verksamhet;;Tillfälle;TILLFÄLLE;;;;;0.75;§3.2.1 | §3.2.1 | Dragning av extra slang vid 36-45 m |  | kr/tillfälle |  |  |  |  |  |  | 
TAXEPUNKT;30;Taxepunkter;177;§3.2.1;Dragning av extra slang vid 46-55 m;Flerbostad/verksamhet;;Tillfälle;TILLFÄLLE;;;;;0.75;§3.2.1 | §3.2.1 | Dragning av extra slang vid 46-55 m |  | kr/tillfälle |  |  |  |  |  |  | 
TAXEPUNKT;30;Taxepunkter;178;§3.2.1;Hantering av brunnslock som väger 15-25 kg;Flerbostad/verksamhet;;Tillfälle;TILLFÄLLE;;;;;0.75;§3.2.1 | §3.2.1 | Hantering av brunnslock som väger 15-25 kg |  | kr/tillfälle |  |  |  |  |  |  | 
TAXEPUNKT;30;Taxepunkter;179;§3.2.1;Krav på information om tömningstid;Flerbostad/verksamhet;;Tillfälle;TILLFÄLLE;;;;;0.75;§3.2.1 | §3.2.1 | Krav på information om tömningstid |  | kr/tillfälle |  |  |  |  |  |  | 
TAXEPUNKT;30;Taxepunkter;180;§3.2.1;Krav på närvaro vid specificerad tömningstid;Flerbostad/verksamhet;;Tillfälle;TILLFÄLLE;;;;;0.75;§3.2.1 | §3.2.1 | Krav på närvaro vid specificerad tömningstid |  | kr/tillfälle |  |  |  |  |  |  | 
TAXEPUNKT;30;Taxepunkter;181;§3.2.1;Hantering av kod för kodlås vid slamtömning;Flerbostad/verksamhet;Slam;Tillfälle;TILLFÄLLE;;;;;0.75;§3.2.1 | §3.2.1 | Hantering av kod för kodlås vid slamtömning |  | kr/tillfälle |  |  |  |  |  |  | 
TAXEPUNKT;30;Taxepunkter;182;§3.2.1;Hetvattentvätt med spolbil, timersättning;Flerbostad/verksamhet;;Tillfälle;TILLFÄLLE;;;;;0.75;§3.2.1 | §3.2.1 | Hetvattentvätt med spolbil, timersättning |  | kr/tillfälle |  |  |  |  |  |  | 
TAXEPUNKT;30;Taxepunkter;183;§3.2.1;Avgift om tömning ej kan utföras pga. hinder, bristande transportväg, betonglock, lock tyngre än 25 kg eller vägran;Flerbostad/verksamhet;;Tillfälle;TILLFÄLLE;;;;;0.75;§3.2.1 | §3.2.1 | Avgift om tömning ej kan utföras pga. hinder, bristande transportväg, betonglock, lock tyngre än 25 kg eller vägran |  | kr/tillfälle |  |  |  |  |  |  | 
TAXEPUNKT;30;Taxepunkter;184;§3.2.1;Tömning av extra tank/brunn i samband med ordinarie/budad tömning upp till 5 m3;Flerbostad/verksamhet;;Volym;VOLM;;;;;0.75;§3.2.1 | §3.2.1 | Tömning av extra tank/brunn i samband med ordinarie/budad tömning upp till 5 m3 |  | kr/tillfälle |  |  |  |  |  |  | 
TAXEPUNKT;30;Taxepunkter;185;§3.3 Övriga avgifter och tillägg slam;;Flerbostad/verksamhet;Slam;;;;;;;0.75;§3.3 Övriga avgifter och tillägg slam | §3.3 Övriga avgifter och tillägg slam |  |  |  |  |  |  |  |  |  | 
TAXEPUNKT;30;Taxepunkter;186;§3.3.1 Budningskostnad av brunn och tank;;Flerbostad/verksamhet;;;;;;;;0.75;§3.3.1 Budningskostnad av brunn och tank | §3.3.1 Budningskostnad av brunn och tank |  |  |  |  |  |  |  |  |  | 
TAXEPUNKT;30;Taxepunkter;187;§3.3.1;Budning inom ordinarie tömningsperiod (1 maj- 31 oktober);Flerbostad/verksamhet;;Tillfälle;TILLFÄLLE;;;;;0.75;§3.3.1 | §3.3.1 | Budning inom ordinarie tömningsperiod (1 maj- 31 oktober) | Inom 24 timmar | kr/tillfälle |  |  |  |  |  |  | 
TAXEPUNKT;10;Taxepunkter;188;§3.3.1;Budning utanför ordinarie tömningsperiod (1 nov – 30 april);Flerbostad/verksamhet;;Tillfälle;KVAN;;AKUT;;;1.00;§3.3.1 | §3.3.1 | Budning utanför ordinarie tömningsperiod (1 nov – 30 april) | Inom 24 timmar | kr/tillfälle | AKUT | AKUT | KVAN |  |  |  | 
TAXEPUNKT;30;Taxepunkter;189;§3.3.1;Budning inom ordinarie tömningsperiod (1 maj- 31 oktober);Flerbostad/verksamhet;;Tillfälle;TILLFÄLLE;;;;;0.75;§3.3.1 | §3.3.1 | Budning inom ordinarie tömningsperiod (1 maj- 31 oktober) | Inom 7 arbetsdagar | kr/tillfälle |  |  |  |  |  |  | 
TAXEPUNKT;30;Taxepunkter;190;§3.3.1;Budning utanför ordinarie tömningsperiod (1 nov – 30 april);Flerbostad/verksamhet;;Tillfälle;TILLFÄLLE;;;;;0.75;§3.3.1 | §3.3.1 | Budning utanför ordinarie tömningsperiod (1 nov – 30 april) | Inom 7 arbetsdagar | kr/tillfälle |  |  |  |  |  |  | 
TAXEPUNKT;30;Taxepunkter;191;§3.3.2 Budningskostnad av brunn och tank;;Flerbostad/verksamhet;;;;;;;;0.75;§3.3.2 Budningskostnad av brunn och tank | §3.3.2 Budningskostnad av brunn och tank |  |  |  |  |  |  |  |  |  | 
TAXEPUNKT;30;Taxepunkter;192;§3.3.2;Tömning av toalettvagnar eller liknande;Flerbostad/verksamhet;;Tillfälle;TILLFÄLLE;;;;;0.75;§3.3.2 | §3.3.2 | Tömning av toalettvagnar eller liknande |  | kr/tillfälle |  |  |  |  |  |  | 
TAXEPUNKT;10;Taxepunkter;193;§3.3.2;Framkörningsavgift då ordinarie tömning inte skett på grund av hinder, abonnenten vägrar, bristfällig väg eller annat;Flerbostad/verksamhet;;Tillfälle;KVAN;;FRAMKAVG;;;1.00;§3.3.2 | §3.3.2 | Framkörningsavgift då ordinarie tömning inte skett på grund av hinder, abonnenten vägrar, bristfällig väg eller annat |  | kr/tillfälle | FRAMKAVG | FRAMKAVG | KVAN |  |  |  | 
TAXEPUNKT;30;Taxepunkter;194;§3.3.2;Sen anmälan om förändringar av tömningsintervall. Om förändring, nyanmälan eller avbokning av slamtömning meddelas efter 1 april innevarande år.;Flerbostad/verksamhet;Slam;Tillfälle;TILLFÄLLE;;;;;0.75;§3.3.2 | §3.3.2 | Sen anmälan om förändringar av tömningsintervall. Om förändring, nyanmälan eller avbokning av slamtömning meddelas efter 1 april innevarande år. |  | kr/tillfälle |  |  |  |  |  |  | 
TAXEPUNKT;30;Taxepunkter;195;§3.4 Latrinbehållare;;Flerbostad/verksamhet;;;;;;;;0.75;§3.4 Latrinbehållare | §3.4 Latrinbehållare |  |  |  |  |  |  |  |  |  | 
TAXEPUNKT;30;Taxepunkter;196;§3.4.1 Latrinbehållare;;Flerbostad/verksamhet;;;;;;;;0.75;§3.4.1 Latrinbehållare | §3.4.1 Latrinbehållare |  |  |  |  |  |  |  |  |  | 
TAXEPUNKT;10;Taxepunkter;197;§3.4.1;Latrinbehållare 37 liter inkl. mottagning och behandling;Flerbostad/verksamhet;;Styck;KVAN;37;LATRINBEHÅLL;;;1.00;§3.4.1 | §3.4.1 | Latrinbehållare 37 liter inkl. mottagning och behandling |  | st | LATRINBEHÅLL | LATRINBEHÅLL | KVAN |  |  |  | 
TAXEPUNKT;30;Taxepunkter;198;§3.4.1;Köp av engångsbehållare för latrin;Flerbostad/verksamhet;;Styck;ST;;;;;0.75;§3.4.1 | §3.4.1 | Köp av engångsbehållare för latrin |  | st |  |  |  |  |  |  | 
TAXEPUNKT;30;Taxepunkter;199;§4 Hämtning av fosforfilter;;Tilläggstjänst;;;;;;;;0.75;§4 Hämtning av fosforfilter | §4 Hämtning av fosforfilter |  |  |  |  |  |  |  |  |  | 
TAXEPUNKT;30;Taxepunkter;200;§4.1 Budad hämtning fosforfilter;;Tilläggstjänst;;;;;;;;0.75;§4.1 Budad hämtning fosforfilter | §4.1 Budad hämtning fosforfilter |  |  |  |  |  |  |  |  |  | 
TAXEPUNKT;30;Taxepunkter;201;§4.1.1 Budad hämtning fosforfilter;;Tilläggstjänst;;;;;;;;0.75;§4.1.1 Budad hämtning fosforfilter | §4.1.1 Budad hämtning fosforfilter |  |  |  |  |  |  |  |  |  | 
TAXEPUNKT;30;Taxepunkter;202;§4.1.1;Filtermassor upp till 500 kg;Tilläggstjänst;;Tillfälle;TILLFÄLLE;;;;;0.75;§4.1.1 | §4.1.1 | Filtermassor upp till 500 kg | Budad hämtning inom sju (7) arbetsdagar | kr/tillfälle |  |  |  |  |  |  | 
TAXEPUNKT;30;Taxepunkter;203;§4.1.1;Filtermassor 500-1000 kg;Tilläggstjänst;;Tillfälle;TILLFÄLLE;;;;;0.75;§4.1.1 | §4.1.1 | Filtermassor 500-1000 kg | Budad hämtning inom sju (7) arbetsdagar | kr/tillfälle |  |  |  |  |  |  | 
TAXEPUNKT;30;Taxepunkter;204;§4.1.1;Filtermassor upp till 500 kg;Tilläggstjänst;;Tillfälle;TILLFÄLLE;;;;;0.75;§4.1.1 | §4.1.1 | Filtermassor upp till 500 kg | Tillägg för transport och behandlingskostnad | kr/tillfälle |  |  |  |  |  |  | 
TAXEPUNKT;30;Taxepunkter;205;§4.1.1;Filtermassor 500-1000 kg;Tilläggstjänst;;Tillfälle;TILLFÄLLE;;;;;0.75;§4.1.1 | §4.1.1 | Filtermassor 500-1000 kg | Tillägg för transport och behandlingskostnad | kr/tillfälle |  |  |  |  |  |  | 
TAXEPUNKT;30;Taxepunkter;206;§4.2 Tilläggstjänster fosforfilter;;Tilläggstjänst;;;;;;;;0.75;§4.2 Tilläggstjänster fosforfilter | §4.2 Tilläggstjänster fosforfilter |  |  |  |  |  |  |  |  |  | 
TAXEPUNKT;30;Taxepunkter;207;§4.2.1 Tilläggstjänster fosforfilter;;Tilläggstjänst;;;;;;;;0.75;§4.2.1 Tilläggstjänster fosforfilter | §4.2.1 Tilläggstjänster fosforfilter |  |  |  |  |  |  |  |  |  | 
TAXEPUNKT;30;Taxepunkter;208;§4.2.1;Krav på information om hämtningstid;Tilläggstjänst;;Tillfälle;TILLFÄLLE;;;;;0.75;§4.2.1 | §4.2.1 | Krav på information om hämtningstid |  | kr/tillfälle |  |  |  |  |  |  | 
TAXEPUNKT;30;Taxepunkter;209;§4.2.1;Krav på närvaro vid specificerad hämtningstid;Tilläggstjänst;;Tillfälle;TILLFÄLLE;;;;;0.75;§4.2.1 | §4.2.1 | Krav på närvaro vid specificerad hämtningstid |  | kr/tillfälle |  |  |  |  |  |  | 
TAXEPUNKT;30;Taxepunkter;210;§4.2.1;Hantering av kod för kodlås;Tilläggstjänst;;Tillfälle;TILLFÄLLE;;;;;0.75;§4.2.1 | §4.2.1 | Hantering av kod för kodlås |  | kr/tillfälle |  |  |  |  |  |  | 
TAXEPUNKT;30;Taxepunkter;211;§4.2.1;Avgift om hämtning ej kan utföras pga hinder, bristande väg eller vägran;Tilläggstjänst;;Tillfälle;TILLFÄLLE;;;;;0.75;§4.2.1 | §4.2.1 | Avgift om hämtning ej kan utföras pga hinder, bristande väg eller vägran |  | kr/tillfälle |  |  |  |  |  |  | 
TAXEPUNKT;30;Taxepunkter;212;§5 Tömning av fettavskiljare;;Slam;;;;;;;;0.75;§5 Tömning av fettavskiljare | §5 Tömning av fettavskiljare |  |  |  |  |  |  |  |  |  | 
TAXEPUNKT;30;Taxepunkter;213;§5.1 Ordinarie tömning av fettavskiljare;;Slam;;;;;;;;0.75;§5.1 Ordinarie tömning av fettavskiljare | §5.1 Ordinarie tömning av fettavskiljare |  |  |  |  |  |  |  |  |  | 
TAXEPUNKT;30;Taxepunkter;214;§5.1.1 Ordinarie tömning av fettavskiljare;;Slam;;;;;;;;0.75;§5.1.1 Ordinarie tömning av fettavskiljare | §5.1.1 Ordinarie tömning av fettavskiljare |  |  |  |  |  |  |  |  |  | 
TAXEPUNKT;30;Taxepunkter;215;§5.1.1;Upp till 3 m3;Slam;;Volym;VOLM;;;;;0.75;§5.1.1 | §5.1.1 | Upp till 3 m3 | Tömning, transport och behandling av fettavskiljare/tank enligt anmält tömningsintervall | kr/tillfälle |  |  |  |  |  |  | 
TAXEPUNKT;30;Taxepunkter;216;§5.1.1;Mellan 3 m3 och 6 m3;Slam;;Volym;VOLM;;;;;0.75;§5.1.1 | §5.1.1 | Mellan 3 m3 och 6 m3 | Tömning, transport och behandling av fettavskiljare/tank enligt anmält tömningsintervall | kr/tillfälle |  |  |  |  |  |  | 
TAXEPUNKT;30;Taxepunkter;217;§5.1.1;Över 6 m3;Slam;;Volym;VOLM;;;;;0.75;§5.1.1 | §5.1.1 | Över 6 m3 | Tömning, transport och behandling av fettavskiljare/tank enligt anmält tömningsintervall | kr/tillfälle |  |  |  |  |  |  | 
TAXEPUNKT;30;Taxepunkter;218;§5.1.1;Upp till 3 m3;Slam;;Volym;VOLM;;;;;0.75;§5.1.1 | §5.1.1 | Upp till 3 m3 | Tillägg för transport och behandlingskostnad | kr/tillfälle |  |  |  |  |  |  | 
TAXEPUNKT;30;Taxepunkter;219;§5.1.1;Mellan 3 m3 och 6 m3;Slam;;Volym;VOLM;;;;;0.75;§5.1.1 | §5.1.1 | Mellan 3 m3 och 6 m3 | Tillägg för transport och behandlingskostnad | kr/tillfälle |  |  |  |  |  |  | 
TAXEPUNKT;30;Taxepunkter;220;§5.1.1;Över 6 m3;Slam;;Volym;VOLM;;;;;0.75;§5.1.1 | §5.1.1 | Över 6 m3 | Tillägg för transport och behandlingskostnad | kr/tillfälle |  |  |  |  |  |  | 
TAXEPUNKT;30;Taxepunkter;221;§5.2 Tilläggstjänster fettavskiljare;;Slam;;;;;;;;0.75;§5.2 Tilläggstjänster fettavskiljare | §5.2 Tilläggstjänster fettavskiljare |  |  |  |  |  |  |  |  |  | 
TAXEPUNKT;30;Taxepunkter;222;§5.2.1 Tilläggstjänster fettavskiljare;;Slam;;;;;;;;0.75;§5.2.1 Tilläggstjänster fettavskiljare | §5.2.1 Tilläggstjänster fettavskiljare |  |  |  |  |  |  |  |  |  | 
TAXEPUNKT;30;Taxepunkter;223;§5.2.1;Dragning av extra slang vid 5-25 m;Slam;;Tillfälle;TILLFÄLLE;;;;;0.75;§5.2.1 | §5.2.1 | Dragning av extra slang vid 5-25 m |  | kr/tillfälle |  |  |  |  |  |  | 
TAXEPUNKT;30;Taxepunkter;224;§5.2.1;Dragning av extra slang vid 25-35 m;Slam;;Tillfälle;TILLFÄLLE;;;;;0.75;§5.2.1 | §5.2.1 | Dragning av extra slang vid 25-35 m |  | kr/tillfälle |  |  |  |  |  |  | 
TAXEPUNKT;30;Taxepunkter;225;§5.2.1;Dragning av extra slang vid 36-45 m;Slam;;Tillfälle;TILLFÄLLE;;;;;0.75;§5.2.1 | §5.2.1 | Dragning av extra slang vid 36-45 m |  | kr/tillfälle |  |  |  |  |  |  | 
TAXEPUNKT;30;Taxepunkter;226;§5.2.1;Dragning av extra slang vid 46-55 m;Slam;;Tillfälle;TILLFÄLLE;;;;;0.75;§5.2.1 | §5.2.1 | Dragning av extra slang vid 46-55 m |  | kr/tillfälle |  |  |  |  |  |  | 
TAXEPUNKT;30;Taxepunkter;227;§5.2.1;Hantering av brunnslock som väger 15-25 kg;Slam;;Tillfälle;TILLFÄLLE;;;;;0.75;§5.2.1 | §5.2.1 | Hantering av brunnslock som väger 15-25 kg |  | kr/tillfälle |  |  |  |  |  |  | 
TAXEPUNKT;30;Taxepunkter;228;§5.2.1;Krav på information om tömningstid;Slam;;Tillfälle;TILLFÄLLE;;;;;0.75;§5.2.1 | §5.2.1 | Krav på information om tömningstid |  | kr/tillfälle |  |  |  |  |  |  | 
TAXEPUNKT;30;Taxepunkter;229;§5.2.1;Krav på närvaro vid specifiserad tömningstid;Slam;;Tillfälle;TILLFÄLLE;;;;;0.75;§5.2.1 | §5.2.1 | Krav på närvaro vid specifiserad tömningstid |  | kr/tillfälle |  |  |  |  |  |  | 
TAXEPUNKT;30;Taxepunkter;230;§5.2.1;Hantering av kod för kodlås vid tömning;Slam;;Tillfälle;TILLFÄLLE;;;;;0.75;§5.2.1 | §5.2.1 | Hantering av kod för kodlås vid tömning |  | kr/tillfälle |  |  |  |  |  |  | 
TAXEPUNKT;30;Taxepunkter;231;§5.2.1;Hetvattentvätt med spolbil, timersättning;Slam;;Tillfälle;TILLFÄLLE;;;;;0.75;§5.2.1 | §5.2.1 | Hetvattentvätt med spolbil, timersättning |  | kr/tillfälle |  |  |  |  |  |  | 
TAXEPUNKT;30;Taxepunkter;232;§5.2.1;Silikontätning per lock;Slam;;Tillfälle;TILLFÄLLE;;;;;0.75;§5.2.1 | §5.2.1 | Silikontätning per lock |  | kr/tillfälle |  |  |  |  |  |  | 
TAXEPUNKT;30;Taxepunkter;233;§5.2.1;Avgift om tömning ej kan utföras pga hinder, bristande transportväg, betonglock, lock tyngre än 25 kg eller vägran;Slam;;Tillfälle;TILLFÄLLE;;;;;0.75;§5.2.1 | §5.2.1 | Avgift om tömning ej kan utföras pga hinder, bristande transportväg, betonglock, lock tyngre än 25 kg eller vägran |  | kr/tillfälle |  |  |  |  |  |  | 
TAXEPUNKT;30;Taxepunkter;234;§5.2.1;Tömning av extra tank i samband med ordinarie/budad tömning upp till 5 m3;Slam;;Volym;VOLM;;;;;0.75;§5.2.1 | §5.2.1 | Tömning av extra tank i samband med ordinarie/budad tömning upp till 5 m3 |  | kr/tillfälle |  |  |  |  |  |  | 
TAXEPUNKT;30;Taxepunkter;235;§5.3 Övriga avgifter och tillägg fettavskiljare;;Slam;;;;;;;;0.75;§5.3 Övriga avgifter och tillägg fettavskiljare | §5.3 Övriga avgifter och tillägg fettavskiljare |  |  |  |  |  |  |  |  |  | 
TAXEPUNKT;30;Taxepunkter;236;§5.3.1 Övriga avgifter och tillägg fettavskiljare;;Slam;;;;;;;;0.75;§5.3.1 Övriga avgifter och tillägg fettavskiljare | §5.3.1 Övriga avgifter och tillägg fettavskiljare |  |  |  |  |  |  |  |  |  | 
TAXEPUNKT;30;Taxepunkter;237;§5.3.1;Budning inom ordinarie tömningsperiod (1 maj- 31 oktober);Slam;;Tillfälle;TILLFÄLLE;;;;;0.75;§5.3.1 | §5.3.1 | Budning inom ordinarie tömningsperiod (1 maj- 31 oktober) | Inom 48 timmar | kr/tillfälle |  |  |  |  |  |  | 
TAXEPUNKT;30;Taxepunkter;238;§5.3.1;Budning utanför ordinarie tömningsperiod;Slam;;Tillfälle;TILLFÄLLE;;;;;0.75;§5.3.1 | §5.3.1 | Budning utanför ordinarie tömningsperiod | Inom 48 timmar | kr/tillfälle |  |  |  |  |  |  | 
TAXEPUNKT;30;Taxepunkter;239;§5.3.1;Budning inom ordinarie tömningsperiod (1 maj- 31 oktober);Slam;;Tillfälle;TILLFÄLLE;;;;;0.75;§5.3.1 | §5.3.1 | Budning inom ordinarie tömningsperiod (1 maj- 31 oktober) | Inom 8 arbetsdagar | kr/tillfälle |  |  |  |  |  |  | 
TAXEPUNKT;30;Taxepunkter;240;§5.3.1;Budning utanför ordinarie tömningsperiod;Slam;;Tillfälle;TILLFÄLLE;;;;;0.75;§5.3.1 | §5.3.1 | Budning utanför ordinarie tömningsperiod | Inom 8 arbetsdagar | kr/tillfälle |  |  |  |  |  |  | 
TAXEPUNKT;30;Taxepunkter;241;§5.3.1;Framkörningsavgift då ordinarie tömning inte skett på grund av hinder, abonnenten vägrar, bristfällig väg eller annat;Slam;;Tillfälle;TILLFÄLLE;;;;;0.75;§5.3.1 | §5.3.1 | Framkörningsavgift då ordinarie tömning inte skett på grund av hinder, abonnenten vägrar, bristfällig väg eller annat |  | kr/tillfälle |  |  |  |  |  |  | 
TAXEPUNKT;30;Taxepunkter;242;§5.3.1;Sen anmälan om förändringar av tömningsintervall. Om förändring, nyanmälan eller avbokning av tömning meddelas efter 1 april innevarande år.;Slam;;Tillfälle;TILLFÄLLE;;;;;0.75;§5.3.1 | §5.3.1 | Sen anmälan om förändringar av tömningsintervall. Om förändring, nyanmälan eller avbokning av tömning meddelas efter 1 april innevarande år. |  | kr/tillfälle |  |  |  |  |  |  | 
TAXEPUNKT;30;Taxepunkter;243;§6 Avfall inlämnat på återvinningscentral;;ÅVC/verksamhetsavfall;;;;;;;;0.75;§6 Avfall inlämnat på återvinningscentral | §6 Avfall inlämnat på återvinningscentral |  |  |  |  |  |  |  |  |  | 
TAXEPUNKT;30;Taxepunkter;244;§6.1.1 Avgifter vid ÅVC;;Verksamhetsavfall;;;;;;;;0.75;§6.1.1 Avgifter vid ÅVC | §6.1.1 Avgifter vid ÅVC |  |  |  |  |  |  |  |  |  | 
TAXEPUNKT;30;Taxepunkter;245;§6.1.1 Inpassering på ÅVC;;Verksamhetsavfall;;;;;;;;0.75;§6.1.1 Inpassering på ÅVC | §6.1.1 Inpassering på ÅVC |  |  |  |  |  |  |  |  |  | 
TAXEPUNKT;30;Taxepunkter;246;§6.1.1;Verksamheter;Verksamhetsavfall;;;;;;;;0.75;§6.1.1 | §6.1.1 | Verksamheter |  | kr/besök |  |  |  |  |  |  | 
TAXEPUNKT;30;Taxepunkter;247;§6.1.1;Övriga abonnemangstyper;Verksamhetsavfall;;;;;;;;0.75;§6.1.1 | §6.1.1 | Övriga abonnemangstyper |  | kr/besök |  |  |  |  |  |  | 
TAXEPUNKT;30;Taxepunkter;248;§6.1.1;Vågkort;Verksamhetsavfall;;;;;;;;0.75;§6.1.1 | §6.1.1 | Vågkort |  | kr/besök |  |  |  |  |  |  | 
TAXEPUNKT;30;Taxepunkter;249;§6.1.1;Borttappat vågkort;Verksamhetsavfall;;;;;;;;0.75;§6.1.1 | §6.1.1 | Borttappat vågkort |  | kr/besök |  |  |  |  |  |  | 
TAXEPUNKT;30;Taxepunkter;250;§6.1.1;Ej redovisad ankomst till ÅVC för avlämning av verksamhetsavfall;Verksamhetsavfall;;;;;;;;0.75;§6.1.1 | §6.1.1 | Ej redovisad ankomst till ÅVC för avlämning av verksamhetsavfall |  | kr/besök |  |  |  |  |  |  | 
TAXEPUNKT;30;Taxepunkter;251;§6.1.1;Ej redovisad eller fel redovisad fraktion av avfall;Verksamhetsavfall;;;;;;;;0.75;§6.1.1 | §6.1.1 | Ej redovisad eller fel redovisad fraktion av avfall |  | kr/fraktion |  |  |  |  |  |  | 
TAXEPUNKT;30;Taxepunkter;252;§6.1.2 Hanteringsavgifter för avfall inlämnat på återvinningscentral;;ÅVC/verksamhetsavfall;;;;;;;;0.75;§6.1.2 Hanteringsavgifter för avfall inlämnat på återvinningscentral | §6.1.2 Hanteringsavgifter för avfall inlämnat på återvinningscentral |  |  |  |  |  |  |  |  |  | 
TAXEPUNKT;30;Taxepunkter;253;§6.1.2;Avfall till energiåtervinning (240 L sopsäck);ÅVC/verksamhetsavfall;;Behållarvolym;VOLYM/BEHÅLLARE;240;;;;0.75;§6.1.2 | §6.1.2 | Avfall till energiåtervinning (240 L sopsäck) | 200301 | kr/st |  |  |  |  |  |  | 
TAXEPUNKT;30;Taxepunkter;254;§6.1.2;Avfall till energiåtervinning;ÅVC/verksamhetsavfall;;;;;;;;0.75;§6.1.2 | §6.1.2 | Avfall till energiåtervinning | 200301 | kr/kg |  |  |  |  |  |  | 
TAXEPUNKT;30;Taxepunkter;255;§6.1.2;Skrymmande avfall till energiåtervinning större än 20x20x80;ÅVC/verksamhetsavfall;;;;;;;;0.75;§6.1.2 | §6.1.2 | Skrymmande avfall till energiåtervinning större än 20x20x80 | 200307 | kr/kg |  |  |  |  |  |  | 
TAXEPUNKT;30;Taxepunkter;256;§6.1.2;Träavfall – obehandlat, utan tapet, plastmatta, tjärpapp;ÅVC/verksamhetsavfall;;;;;;;;0.75;§6.1.2 | §6.1.2 | Träavfall – obehandlat, utan tapet, plastmatta, tjärpapp | 170201 | kr/kg |  |  |  |  |  |  | 
TAXEPUNKT;30;Taxepunkter;257;§6.1.2;Träavfall – behandlat, utan tapet, plastmatta, tjärpapp;ÅVC/verksamhetsavfall;;;;;;;;0.75;§6.1.2 | §6.1.2 | Träavfall – behandlat, utan tapet, plastmatta, tjärpapp | 170201 | kr/kg |  |  |  |  |  |  | 
TAXEPUNKT;30;Taxepunkter;258;§6.1.2;Tryckimpregnerat trä (inkl pall);ÅVC/verksamhetsavfall;Tryckimpregnerat trä;;;;;;;0.75;§6.1.2 | §6.1.2 | Tryckimpregnerat trä (inkl pall) | 170204* | kr/kg |  |  |  |  |  |  | 
TAXEPUNKT;30;Taxepunkter;259;§6.1.2;Betong, lättbetong;ÅVC/verksamhetsavfall;Betong;;;;;;;0.75;§6.1.2 | §6.1.2 | Betong, lättbetong | 170101 | kr/kg |  |  |  |  |  |  | 
TAXEPUNKT;30;Taxepunkter;260;§6.1.2;Gips, gipsskivor;ÅVC/verksamhetsavfall;Gips;;;;;;;0.75;§6.1.2 | §6.1.2 | Gips, gipsskivor | 170802 | kr/kg |  |  |  |  |  |  | 
TAXEPUNKT;30;Taxepunkter;261;§6.1.2;Tegel;ÅVC/verksamhetsavfall;Tegel;;;;;;;0.75;§6.1.2 | §6.1.2 | Tegel | 170102 | kr/kg |  |  |  |  |  |  | 
TAXEPUNKT;30;Taxepunkter;262;§6.1.2;Fönster- och planglas utan karm;ÅVC/verksamhetsavfall;;;;;;;;0.75;§6.1.2 | §6.1.2 | Fönster- och planglas utan karm | 170202 | kr/kg |  |  |  |  |  |  | 
TAXEPUNKT;30;Taxepunkter;263;§6.1.2;Fönster med karm;ÅVC/verksamhetsavfall;;;;;;;;0.75;§6.1.2 | §6.1.2 | Fönster med karm |  | kr/kg |  |  |  |  |  |  | 
TAXEPUNKT;30;Taxepunkter;264;§6.1.2;Plast;ÅVC/verksamhetsavfall;Plast;;;;;;;0.75;§6.1.2 | §6.1.2 | Plast |  | kr/kg |  |  |  |  |  |  | 
TAXEPUNKT;30;Taxepunkter;265;§6.1.2;Isolering utan innehåll av asbest;ÅVC/verksamhetsavfall;Asbest;Volym;VOLM;;;;;0.75;§6.1.2 | §6.1.2 | Isolering utan innehåll av asbest | 170604 | kr/m3 |  |  |  |  |  |  | 
TAXEPUNKT;30;Taxepunkter;266;§6.1.2;Klinker, keramik, porslin;ÅVC/verksamhetsavfall;;;;;;;;0.75;§6.1.2 | §6.1.2 | Klinker, keramik, porslin | 170103 | kr/kg |  |  |  |  |  |  | 
TAXEPUNKT;30;Taxepunkter;267;§6.1.2;Handfat;ÅVC/verksamhetsavfall;;;;;;;;0.75;§6.1.2 | §6.1.2 | Handfat | 170103 | kr/st |  |  |  |  |  |  | 
TAXEPUNKT;30;Taxepunkter;268;§6.1.2;WC stolar;ÅVC/verksamhetsavfall;;;;;;;;0.75;§6.1.2 | §6.1.2 | WC stolar | 170103 | kr/st |  |  |  |  |  |  | 
TAXEPUNKT;30;Taxepunkter;269;§6.1.2;Metall;ÅVC/verksamhetsavfall;Metall;;;;;;;0.75;§6.1.2 | §6.1.2 | Metall | 200140 | kr/kg |  |  |  |  |  |  | 
TAXEPUNKT;30;Taxepunkter;270;§6.1.2;Textilier;ÅVC/verksamhetsavfall;;;;;;;;0.75;§6.1.2 | §6.1.2 | Textilier |  | kr/kg |  |  |  |  |  |  | 
TAXEPUNKT;30;Taxepunkter;271;§6.1.2;Fiskeredskap;ÅVC/verksamhetsavfall;;;;;;;;0.75;§6.1.2 | §6.1.2 | Fiskeredskap |  | kr/kg |  |  |  |  |  |  | 
TAXEPUNKT;30;Taxepunkter;272;§6.1.2;Ätbart fett/frityrolja;ÅVC/verksamhetsavfall;;;;;;;;0.75;§6.1.2 | §6.1.2 | Ätbart fett/frityrolja |  | kr/l |  |  |  |  |  |  | 
TAXEPUNKT;30;Taxepunkter;273;§6.1.2;Kvistar och grenar;ÅVC/verksamhetsavfall;;Volym;VOLM;;;;;0.75;§6.1.2 | §6.1.2 | Kvistar och grenar | 200201 | kr/m3 |  |  |  |  |  |  | 
TAXEPUNKT;30;Taxepunkter;274;§6.1.2;Jord;ÅVC/verksamhetsavfall;;Volym;VOLM;;;;;0.75;§6.1.2 | §6.1.2 | Jord |  | kr/m3 |  |  |  |  |  |  | 
TAXEPUNKT;30;Taxepunkter;275;§6.1.2;Sten;ÅVC/verksamhetsavfall;;Volym;VOLM;;;;;0.75;§6.1.2 | §6.1.2 | Sten |  | kr/m3 |  |  |  |  |  |  | 
TAXEPUNKT;30;Taxepunkter;276;§6.1.2;Stubbar rötter för krossning;ÅVC/verksamhetsavfall;;;;;;;;0.75;§6.1.2 | §6.1.2 | Stubbar rötter för krossning |  | kr/kg |  |  |  |  |  |  | 
TAXEPUNKT;30;Taxepunkter;277;§6.1.2;Flera fraktioner för egen sortering på ramp max 2 m3;ÅVC/verksamhetsavfall;;Volym;VOLM;;;;;0.75;§6.1.2 | §6.1.2 | Flera fraktioner för egen sortering på ramp max 2 m3 |  | Kr/besök |  |  |  |  |  |  | 
TAXEPUNKT;30;Taxepunkter;278;§6.1.2;Osorterat avfall till sortering ej innehåll av farligt avfall eller elavfall;ÅVC/verksamhetsavfall;Elavfall;;;;;;;0.75;§6.1.2 | §6.1.2 | Osorterat avfall till sortering ej innehåll av farligt avfall eller elavfall |  | Kr/besök |  |  |  |  |  |  | 
TAXEPUNKT;30;Taxepunkter;279;§6.1.3 Tillägg för farligt avfall;;Verksamhetsavfall;Farligt avfall;;;;;;;0.75;§6.1.3 Tillägg för farligt avfall | §6.1.3 Tillägg för farligt avfall |  |  |  |  |  |  |  |  |  | 
TAXEPUNKT;30;Taxepunkter;280;§6.1.3;Tonerkassetter, utan elektronik/chip;Verksamhetsavfall;;;;;;;;0.75;§6.1.3 | §6.1.3 | Tonerkassetter, utan elektronik/chip | 80307 | Kr/Kg |  |  |  |  |  |  | 
TAXEPUNKT;30;Taxepunkter;281;§6.1.3;Oljeemulsion, emballerat;Verksamhetsavfall;Oljeavfall;;;;;;;0.75;§6.1.3 | §6.1.3 | Oljeemulsion, emballerat | 120109* | Kr/Kg |  |  |  |  |  |  | 
TAXEPUNKT;30;Taxepunkter;282;§6.1.3;Förorenad olja innehållande PCB;Verksamhetsavfall;Oljeavfall;;;;;;;0.75;§6.1.3 | §6.1.3 | Förorenad olja innehållande PCB | 130301* | Kr/Kg |  |  |  |  |  |  | 
TAXEPUNKT;30;Taxepunkter;283;§6.1.3;Oljeavskiljarslam;Verksamhetsavfall;Oljeavfall;;;;;;;0.75;§6.1.3 | §6.1.3 | Oljeavskiljarslam | 130508* | Kr/Kg |  |  |  |  |  |  | 
TAXEPUNKT;30;Taxepunkter;284;§6.1.3;Diesel;Verksamhetsavfall;;;;;;;;0.75;§6.1.3 | §6.1.3 | Diesel | 130701* | Kr/Kg |  |  |  |  |  |  | 
TAXEPUNKT;30;Taxepunkter;285;§6.1.3;Bensinrester;Verksamhetsavfall;;;;;;;;0.75;§6.1.3 | §6.1.3 | Bensinrester | 130702* | Kr/Kg |  |  |  |  |  |  | 
TAXEPUNKT;30;Taxepunkter;286;§6.1.3;Hydralslang, med/utan koppling;Verksamhetsavfall;;;;;;;;0.75;§6.1.3 | §6.1.3 | Hydralslang, med/utan koppling | 130899* | Kr/Kg |  |  |  |  |  |  | 
TAXEPUNKT;30;Taxepunkter;287;§6.1.3;Förpackningar, tömde ej rengjorda;Verksamhetsavfall;Förpackningar;;;;;;;0.75;§6.1.3 | §6.1.3 | Förpackningar, tömde ej rengjorda | 150110* | Kr/Kg |  |  |  |  |  |  | 
TAXEPUNKT;30;Taxepunkter;288;§6.1.3;Oljeavfall, fast osorterat emba;Verksamhetsavfall;Oljeavfall;;;;;;;0.75;§6.1.3 | §6.1.3 | Oljeavfall, fast osorterat emba | 150202* | Kr/Kg |  |  |  |  |  |  | 
TAXEPUNKT;30;Taxepunkter;289;§6.1.3;Absorbermedel, filtermaterial;Verksamhetsavfall;;;;;;;;0.75;§6.1.3 | §6.1.3 | Absorbermedel, filtermaterial | 150202* | Kr/Kg |  |  |  |  |  |  | 
TAXEPUNKT;30;Taxepunkter;290;§6.1.3;Oljefilter;Verksamhetsavfall;Oljeavfall;;;;;;;0.75;§6.1.3 | §6.1.3 | Oljefilter | 160107* | Kr/Kg |  |  |  |  |  |  | 
TAXEPUNKT;30;Taxepunkter;291;§6.1.3;Bromsvätska;Verksamhetsavfall;;;;;;;;0.75;§6.1.3 | §6.1.3 | Bromsvätska | 160113* | Kr/Kg |  |  |  |  |  |  | 
TAXEPUNKT;30;Taxepunkter;292;§6.1.3;Transformator, kondensator med PCB;Verksamhetsavfall;;;;;;;;0.75;§6.1.3 | §6.1.3 | Transformator, kondensator med PCB | 160209* | Kr/Kg |  |  |  |  |  |  | 
TAXEPUNKT;30;Taxepunkter;293;§6.1.3;Fogskum;Verksamhetsavfall;;;;;;;;0.75;§6.1.3 | §6.1.3 | Fogskum | 160504* | Kr/Kg |  |  |  |  |  |  | 
TAXEPUNKT;30;Taxepunkter;294;§6.1.3;Halon;Verksamhetsavfall;;;;;;;;0.75;§6.1.3 | §6.1.3 | Halon | 160504* | Kr/Kg |  |  |  |  |  |  | 
TAXEPUNKT;30;Taxepunkter;295;§6.1.3;Koldioxid;Verksamhetsavfall;;;;;;;;0.75;§6.1.3 | §6.1.3 | Koldioxid | 160504* | Kr/Kg |  |  |  |  |  |  | 
TAXEPUNKT;30;Taxepunkter;296;§6.1.3;Brandsläckare;Verksamhetsavfall;;;;;;;;0.75;§6.1.3 | §6.1.3 | Brandsläckare | 160504* | Kr/Kg |  |  |  |  |  |  | 
TAXEPUNKT;30;Taxepunkter;297;§6.1.3;Helium;Verksamhetsavfall;;;;;;;;0.75;§6.1.3 | §6.1.3 | Helium | 160504* | Kr/Kg |  |  |  |  |  |  | 
TAXEPUNKT;30;Taxepunkter;298;§6.1.3;Tändare;Verksamhetsavfall;;;;;;;;0.75;§6.1.3 | §6.1.3 | Tändare | 160504* | Kr/Kg |  |  |  |  |  |  | 
TAXEPUNKT;30;Taxepunkter;299;§6.1.3;Syrgas;Verksamhetsavfall;;;;;;;;0.75;§6.1.3 | §6.1.3 | Syrgas | 160504* | Kr/Kg |  |  |  |  |  |  | 
TAXEPUNKT;30;Taxepunkter;300;§6.1.3;Oxiderande fast ämne/vätska;Verksamhetsavfall;;;;;;;;0.75;§6.1.3 | §6.1.3 | Oxiderande fast ämne/vätska | 160504* | Kr/Kg |  |  |  |  |  |  | 
TAXEPUNKT;30;Taxepunkter;301;§6.1.3;Klorex;Verksamhetsavfall;;;;;;;;0.75;§6.1.3 | §6.1.3 | Klorex | 160504* | Kr/Kg |  |  |  |  |  |  | 
TAXEPUNKT;30;Taxepunkter;302;§6.1.3;Aerosoler isocyanat, bekämpning;Verksamhetsavfall;;;;;;;;0.75;§6.1.3 | §6.1.3 | Aerosoler isocyanat, bekämpning | 160504* | Kr/Kg |  |  |  |  |  |  | 
TAXEPUNKT;30;Taxepunkter;303;§6.1.3;Gasol inkl tub;Verksamhetsavfall;;;;;;;;0.75;§6.1.3 | §6.1.3 | Gasol inkl tub | 160504* | Kr/Kg |  |  |  |  |  |  | 
TAXEPUNKT;30;Taxepunkter;304;§6.1.3;Gasol, blå programmet;Verksamhetsavfall;;;;;;;;0.75;§6.1.3 | §6.1.3 | Gasol, blå programmet | 160504* | Kr/Kg |  |  |  |  |  |  | 
TAXEPUNKT;30;Taxepunkter;305;§6.1.3;Giftig organisk vätska;Verksamhetsavfall;;;;;;;;0.75;§6.1.3 | §6.1.3 | Giftig organisk vätska | 160506* | Kr/Kg |  |  |  |  |  |  | 
TAXEPUNKT;30;Taxepunkter;306;§6.1.3;Småkemikalier, ej Hg-haltiga;Verksamhetsavfall;;;;;;;;0.75;§6.1.3 | §6.1.3 | Småkemikalier, ej Hg-haltiga | 160506* | Kr/Kg |  |  |  |  |  |  | 
TAXEPUNKT;30;Taxepunkter;307;§6.1.3;Giftig oorganisk vätska;Verksamhetsavfall;;;;;;;;0.75;§6.1.3 | §6.1.3 | Giftig oorganisk vätska | 160506* | Kr/Kg |  |  |  |  |  |  | 
TAXEPUNKT;30;Taxepunkter;308;§6.1.3;Oxidationsmedel, flytande;Verksamhetsavfall;;;;;;;;0.75;§6.1.3 | §6.1.3 | Oxidationsmedel, flytande | 160904* | Kr/Kg |  |  |  |  |  |  | 
TAXEPUNKT;30;Taxepunkter;309;§6.1.3;Asbest, emballerat;Verksamhetsavfall;Asbest;;;;;;;0.75;§6.1.3 | §6.1.3 | Asbest, emballerat | 170601* | Kr/Kg |  |  |  |  |  |  | 
TAXEPUNKT;30;Taxepunkter;310;§6.1.3;Smittförande avfall;Verksamhetsavfall;;;;;;;;0.75;§6.1.3 | §6.1.3 | Smittförande avfall | 180103* | Kr/Kg |  |  |  |  |  |  | 
TAXEPUNKT;30;Taxepunkter;311;§6.1.3;Lösningsmedel;Verksamhetsavfall;;;;;;;;0.75;§6.1.3 | §6.1.3 | Lösningsmedel | 200113* | Kr/Kg |  |  |  |  |  |  | 
TAXEPUNKT;30;Taxepunkter;312;§6.1.3;Väteperoxid;Verksamhetsavfall;;;;;;;;0.75;§6.1.3 | §6.1.3 | Väteperoxid | 200113* | Kr/Kg |  |  |  |  |  |  | 
TAXEPUNKT;30;Taxepunkter;313;§6.1.3;Flourvätesyra;Verksamhetsavfall;;;;;;;;0.75;§6.1.3 | §6.1.3 | Flourvätesyra | 200114* | Kr/Kg |  |  |  |  |  |  | 
TAXEPUNKT;30;Taxepunkter;314;§6.1.3;Svavelsyra;Verksamhetsavfall;;;;;;;;0.75;§6.1.3 | §6.1.3 | Svavelsyra | 200114* | Kr/Kg |  |  |  |  |  |  | 
TAXEPUNKT;30;Taxepunkter;315;§6.1.3;Salpetersyra;Verksamhetsavfall;;;;;;;;0.75;§6.1.3 | §6.1.3 | Salpetersyra | 200114* | Kr/Kg |  |  |  |  |  |  | 
TAXEPUNKT;30;Taxepunkter;316;§6.1.3;Surt oorganisk fast ämne;Verksamhetsavfall;;;;;;;;0.75;§6.1.3 | §6.1.3 | Surt oorganisk fast ämne | 200114* | Kr/Kg |  |  |  |  |  |  | 
TAXEPUNKT;30;Taxepunkter;317;§6.1.3;Surt organisk fast ämne;Verksamhetsavfall;;;;;;;;0.75;§6.1.3 | §6.1.3 | Surt organisk fast ämne | 200114* | Kr/Kg |  |  |  |  |  |  | 
TAXEPUNKT;30;Taxepunkter;318;§6.1.3;Surt oorganisk vätska;Verksamhetsavfall;;;;;;;;0.75;§6.1.3 | §6.1.3 | Surt oorganisk vätska | 200114* | Kr/Kg |  |  |  |  |  |  | 
TAXEPUNKT;30;Taxepunkter;319;§6.1.3;Surt organisk vätska;Verksamhetsavfall;;;;;;;;0.75;§6.1.3 | §6.1.3 | Surt organisk vätska | 200114* | Kr/Kg |  |  |  |  |  |  | 
TAXEPUNKT;30;Taxepunkter;320;§6.1.3;Ammoniaklösning;Verksamhetsavfall;;;;;;;;0.75;§6.1.3 | §6.1.3 | Ammoniaklösning | 200115* | Kr/Kg |  |  |  |  |  |  | 
TAXEPUNKT;30;Taxepunkter;321;§6.1.3;Alkaliskt avfall fast;Verksamhetsavfall;;;;;;;;0.75;§6.1.3 | §6.1.3 | Alkaliskt avfall fast | 200115* | Kr/Kg |  |  |  |  |  |  | 
TAXEPUNKT;30;Taxepunkter;322;§6.1.3;Basiskt organiskt fast/flytande;Verksamhetsavfall;;;;;;;;0.75;§6.1.3 | §6.1.3 | Basiskt organiskt fast/flytande | 200115* | Kr/Kg |  |  |  |  |  |  | 
TAXEPUNKT;30;Taxepunkter;323;§6.1.3;Fotokemikalier;Verksamhetsavfall;;;;;;;;0.75;§6.1.3 | §6.1.3 | Fotokemikalier | 200117* | Kr/Kg |  |  |  |  |  |  | 
TAXEPUNKT;30;Taxepunkter;324;§6.1.3;Bekämpningsmedel aerosoler;Verksamhetsavfall;;;;;;;;0.75;§6.1.3 | §6.1.3 | Bekämpningsmedel aerosoler | 200119* | Kr/Kg |  |  |  |  |  |  | 
TAXEPUNKT;30;Taxepunkter;325;§6.1.3;Bekämpningsmedel fast;Verksamhetsavfall;;;;;;;;0.75;§6.1.3 | §6.1.3 | Bekämpningsmedel fast | 200119* | Kr/Kg |  |  |  |  |  |  | 
TAXEPUNKT;30;Taxepunkter;326;§6.1.3;Bekämpningsmedel flytande;Verksamhetsavfall;;;;;;;;0.75;§6.1.3 | §6.1.3 | Bekämpningsmedel flytande | 200119* | Kr/Kg |  |  |  |  |  |  | 
TAXEPUNKT;30;Taxepunkter;327;§6.1.3;Kvicksilverhaltigt avfall;Verksamhetsavfall;;;;;;;;0.75;§6.1.3 | §6.1.3 | Kvicksilverhaltigt avfall | 200121* | Kr/Kg |  |  |  |  |  |  | 
TAXEPUNKT;30;Taxepunkter;328;§6.1.3;Kvicksilver i föremål;Verksamhetsavfall;;;;;;;;0.75;§6.1.3 | §6.1.3 | Kvicksilver i föremål | 200121* | Kr/Kg |  |  |  |  |  |  | 
TAXEPUNKT;30;Taxepunkter;329;§6.1.3;Oljehaltigt avfall (ej PCB);Verksamhetsavfall;Oljeavfall;;;;;;;0.75;§6.1.3 | §6.1.3 | Oljehaltigt avfall (ej PCB) | 200126* | Kr/l |  |  |  |  |  |  | 
TAXEPUNKT;30;Taxepunkter;330;§6.1.3;Olja förorenad (ej PCB);Verksamhetsavfall;Oljeavfall;;;;;;;0.75;§6.1.3 | §6.1.3 | Olja förorenad (ej PCB) | 200126* | Kr/l |  |  |  |  |  |  | 
TAXEPUNKT;30;Taxepunkter;331;§6.1.3;Färg-, lack-, limburkar lösning;Verksamhetsavfall;;;;;;;;0.75;§6.1.3 | §6.1.3 | Färg-, lack-, limburkar lösning | 200127* | Kr/Kg |  |  |  |  |  |  | 
TAXEPUNKT;30;Taxepunkter;332;§6.1.3;Färg-, lack-, limburkar lösning aerosoler;Verksamhetsavfall;;;;;;;;0.75;§6.1.3 | §6.1.3 | Färg-, lack-, limburkar lösning aerosoler | 200127* | Kr/Kg |  |  |  |  |  |  | 
TAXEPUNKT;30;Taxepunkter;333;§6.1.3;Isocyanater;Verksamhetsavfall;;;;;;;;0.75;§6.1.3 | §6.1.3 | Isocyanater | 200127* | Kr/Kg |  |  |  |  |  |  | 
TAXEPUNKT;30;Taxepunkter;334;§6.1.3;Härdare metyl- etylketonperoxid;Verksamhetsavfall;;;;;;;;0.75;§6.1.3 | §6.1.3 | Härdare metyl- etylketonperoxid | 200127* | Kr/Kg |  |  |  |  |  |  | 
TAXEPUNKT;30;Taxepunkter;335;§6.1.3;Härdare dibenzoylperoxid;Verksamhetsavfall;;;;;;;;0.75;§6.1.3 | §6.1.3 | Härdare dibenzoylperoxid | 200127* | Kr/Kg |  |  |  |  |  |  | 
TAXEPUNKT;30;Taxepunkter;336;§6.1.3;Färg-,lack-, limburkar vattenbaserade;Verksamhetsavfall;;;;;;;;0.75;§6.1.3 | §6.1.3 | Färg-,lack-, limburkar vattenbaserade | 200128 | Kr/Kg |  |  |  |  |  |  | 
TAXEPUNKT;30;Taxepunkter;337;§6.1.3;Tensida alkaliska flytande avfall;Verksamhetsavfall;;;;;;;;0.75;§6.1.3 | §6.1.3 | Tensida alkaliska flytande avfall | 200129* | Kr/Kg |  |  |  |  |  |  | 
TAXEPUNKT;30;Taxepunkter;338;§6.1.3;Rengöring/vaskmedel fast;Verksamhetsavfall;;;;;;;;0.75;§6.1.3 | §6.1.3 | Rengöring/vaskmedel fast | 200129* | Kr/Kg |  |  |  |  |  |  | 
TAXEPUNKT;30;Taxepunkter;339;§6.1.3;Alkaliska flytande avfall;Verksamhetsavfall;;;;;;;;0.75;§6.1.3 | §6.1.3 | Alkaliska flytande avfall | 200129* | Kr/Kg |  |  |  |  |  |  | 
TAXEPUNKT;30;Taxepunkter;340;§6.1.3;Cytotoxiska läkemedel, cytostat;Verksamhetsavfall;;;;;;;;0.75;§6.1.3 | §6.1.3 | Cytotoxiska läkemedel, cytostat | 200131* | Kr/Kg |  |  |  |  |  |  | 
TAXEPUNKT;30;Taxepunkter;341;§6.1.3;Rökdetektor med andra isotoper;Verksamhetsavfall;;;;;;;;0.75;§6.1.3 | §6.1.3 | Rökdetektor med andra isotoper | 200135* | Kr/Kg |  |  |  |  |  |  | 
TAXEPUNKT;30;Taxepunkter;342;§6.1.3;Rökdetektor med Am 241;Verksamhetsavfall;;;;;;;;0.75;§6.1.3 | §6.1.3 | Rökdetektor med Am 241 | 200135* | Kr/Kg |  |  |  |  |  |  | 
TAXEPUNKT;30;Taxepunkter;343;§6.1.4 Tillägg för el-avfall;;Verksamhetsavfall;Elavfall;;;;;;;0.75;§6.1.4 Tillägg för el-avfall | §6.1.4 Tillägg för el-avfall |  |  |  |  |  |  |  |  |  | 
TAXEPUNKT;30;Taxepunkter;344;§6.1.4;Batterier stav, pencell;Verksamhetsavfall;Batterier;;;;;;;0.75;§6.1.4 | §6.1.4 | Batterier stav, pencell | 200133* | Kr/Kg |  |  |  |  |  |  | 
TAXEPUNKT;30;Taxepunkter;345;§6.1.4;Batterier lithium;Verksamhetsavfall;Batterier;;;;;;;0.75;§6.1.4 | §6.1.4 | Batterier lithium | 200134* | Kr/Kg |  |  |  |  |  |  | 
TAXEPUNKT;30;Taxepunkter;346;§6.1.4;Bil-, mcbatteri med bly;Verksamhetsavfall;;;;;;;;0.75;§6.1.4 | §6.1.4 | Bil-, mcbatteri med bly | 160601* | Kr/St |  |  |  |  |  |  | 
TAXEPUNKT;30;Taxepunkter;347;§6.1.4;Glödlampor;Verksamhetsavfall;;;;;;;;0.75;§6.1.4 | §6.1.4 | Glödlampor | 200136* | Kr/Kg |  |  |  |  |  |  | 
TAXEPUNKT;30;Taxepunkter;348;§6.1.4;Lysrör;Verksamhetsavfall;;;;;;;;0.75;§6.1.4 | §6.1.4 | Lysrör | 200121* | Kr/Kg |  |  |  |  |  |  | 
TAXEPUNKT;30;Taxepunkter;349;§6.1.4;Elavfall, små elektronik;Verksamhetsavfall;Elavfall;;;;;;;0.75;§6.1.4 | §6.1.4 | Elavfall, små elektronik | 200136 | Kr/Kg |  |  |  |  |  |  | 
TAXEPUNKT;30;Taxepunkter;350;§6.1.4;El-avfall fast installation;Verksamhetsavfall;Elavfall;;;;;;;0.75;§6.1.4 | §6.1.4 | El-avfall fast installation | 200136 | Kr/Kg |  |  |  |  |  |  | 
TAXEPUNKT;30;Taxepunkter;351;§6.1.4;El-avfall kabel;Verksamhetsavfall;Elavfall;;;;;;;0.75;§6.1.4 | §6.1.4 | El-avfall kabel | 170411 | Kr/Kg |  |  |  |  |  |  | 
TAXEPUNKT;30;Taxepunkter;352;§6.1.4;Toner, färgpatron med elektronik;Verksamhetsavfall;;;;;;;;0.75;§6.1.4 | §6.1.4 | Toner, färgpatron med elektronik | 080307* | Kr/Kg |  |  |  |  |  |  | 
TAXEPUNKT;30;Taxepunkter;353;§6.1.4;Toner, färgpatron utan elektronik;Verksamhetsavfall;Farligt avfall;;;;;;;0.75;§6.1.4 | §6.1.4 | Toner, färgpatron utan elektronik | Se farligt avfall | Ej pris |  |  |  |  |  |  | 
TAXEPUNKT;30;Taxepunkter;354;§6.1.4;Tv, radio, skärm, skrivare utan färgpatron;Verksamhetsavfall;;;;;;;;0.75;§6.1.4 | §6.1.4 | Tv, radio, skärm, skrivare utan färgpatron | 200135 | Kr/Kg |  |  |  |  |  |  | 
TAXEPUNKT;30;Taxepunkter;355;§6.1.4;Kyl-, frysskåp, -box;Verksamhetsavfall;Kyl/frys;;;;;;;0.75;§6.1.4 | §6.1.4 | Kyl-, frysskåp, -box | 200123* | Kr/St |  |  |  |  |  |  | 
TAXEPUNKT;30;Taxepunkter;356;§6.1.4;Kyl-, frysskåp, -box från verksamhet;Verksamhetsavfall;Kyl/frys;;;;;;;0.75;§6.1.4 | §6.1.4 | Kyl-, frysskåp, -box från verksamhet | 200123* | Kr/Kg |  |  |  |  |  |  | 
TAXEPUNKT;30;Taxepunkter;357;§6.1.4;Spis, tvätt-, diskmaskin;Verksamhetsavfall;;;;;;;;0.75;§6.1.4 | §6.1.4 | Spis, tvätt-, diskmaskin | 200135* | Kr/St |  |  |  |  |  |  | 
TAXEPUNKT;30;Taxepunkter;358;§6.1.4;Spis, tvätt-, diskmaskin från verksamhet;Verksamhetsavfall;;;;;;;;0.75;§6.1.4 | §6.1.4 | Spis, tvätt-, diskmaskin från verksamhet | 200135* | Kr/Kg |  |  |  |  |  |  | 
TAXEPUNKT;30;Taxepunkter;359;§6.1.5 Hyra av container;;Verksamhetsavfall;;;;;;;;0.75;§6.1.5 Hyra av container | §6.1.5 Hyra av container |  |  |  |  |  |  |  |  |  | 
TAXEPUNKT;30;Taxepunkter;360;§6.1.5;Container 3 m3;Verksamhetsavfall;;Volym;VOLM;;;;;0.75;§6.1.5 | §6.1.5 | Container 3 m3 |  | st/dygn |  |  |  |  |  |  | 
TAXEPUNKT;30;Taxepunkter;361;§6.1.5;Container 5 m3;Verksamhetsavfall;;Volym;VOLM;;;;;0.75;§6.1.5 | §6.1.5 | Container 5 m3 |  | st/dygn |  |  |  |  |  |  | 
TAXEPUNKT;30;Taxepunkter;362;§6.1.5;Container 8 m3;Verksamhetsavfall;;Volym;VOLM;;;;;0.75;§6.1.5 | §6.1.5 | Container 8 m3 |  | st/dygn |  |  |  |  |  |  | 
TAXEPUNKT;30;Taxepunkter;363;§6.1.5;Omklassning av felsorterad container;Verksamhetsavfall;;Tillfälle;TILLFÄLLE;;;;;0.75;§6.1.5 | §6.1.5 | Omklassning av felsorterad container |  | st/tillfälle |  |  |  |  |  |  | 
TAXEPUNKT;30;Taxepunkter;364;§6.1.6 Tillägg och avgifter;;Verksamhetsavfall;;;;;;;;0.75;§6.1.6 Tillägg och avgifter | §6.1.6 Tillägg och avgifter |  |  |  |  |  |  |  |  |  | 
TAXEPUNKT;30;Taxepunkter;365;§6.1.6;Okänt farligt avfall säkerhetsdatablad saknas;Verksamhetsavfall;Farligt avfall;Tillfälle;TILLFÄLLE;;;;;0.75;§6.1.6 | §6.1.6 | Okänt farligt avfall säkerhetsdatablad saknas |  | st/tillfälle |  |  |  |  |  |  | 
TAXEPUNKT;30;Taxepunkter;366;§6.1.6;Ombud för rapportering av farligt avfall i Avfallsregistret;Verksamhetsavfall;Farligt avfall;;;;;;;0.75;§6.1.6 | §6.1.6 | Ombud för rapportering av farligt avfall i Avfallsregistret | Hämtning månadsvis | st/år |  |  |  |  |  |  | 
TAXEPUNKT;30;Taxepunkter;367;§6.1.6;Administrativ rapporteringsavgift till Avfallsregistret;Verksamhetsavfall;;;;;;;;0.75;§6.1.6 | §6.1.6 | Administrativ rapporteringsavgift till Avfallsregistret |  | st/år |  |  |  |  |  |  | 
TAXEPUNKT;30;Taxepunkter;368;§6.1.6;ombud för registrering av El-kretsen avlämnarintyg i Hämtplatsportalen;Verksamhetsavfall;;;;;;;;0.75;§6.1.6 | §6.1.6 | ombud för registrering av El-kretsen avlämnarintyg i Hämtplatsportalen |  | st/år |  |  |  |  |  |  | 
EDP;5;Taxa_från_edp;2;;AVLOPP BOSTADSHUS;Okänd;;;ÅRPR;;A;;Avlopp bostadshus;1.00;A | AVLOPP BOSTADSHUS | ÅRPR | Avlopp bostadshus | 
EDP;5;Taxa_från_edp;3;;AVLOPP FRITIDSHUS;Okänd;;;ÅRPR;;AF;;Avlopp fritidshus;1.00;AF | AVLOPP FRITIDSHUS | ÅRPR | Avlopp fritidshus | 
EDP;5;Taxa_från_edp;4;;AVLOPP FRITIDSHUS CAMPING;Okänd;;;ÅRKV;;AFC;KETT;Avlopp fritidshus;1.00;AFC | AVLOPP FRITIDSHUS CAMPING | ÅRKV | Avlopp fritidshus | KETT
EDP;5;Taxa_från_edp;5;;EXTRAAVGIFT AKUT SLAMTÖMNING;Slam;Slam;;KVAN;;AKUT;ANTL;Extraavg akut slamtömning;1.00;AKUT | EXTRAAVGIFT AKUT SLAMTÖMNING | KVAN | Extraavg akut slamtömning | ANTL
EDP;5;Taxa_från_edp;6;;Avgift för akutsäck;Okänd;;;KVAN;;AKUTSÄCK;ANTL;Avgift för akutsäck;1.00;AKUTSÄCK | Avgift för akutsäck | KVAN | Avgift för akutsäck | ANTL
EDP;5;Taxa_från_edp;7;;Amorteringsplanavisering;Okänd;;;KVAN;;AMOAVISER;;Amorteringsplanavisering;1.00;AMOAVISER | Amorteringsplanavisering | KVAN | Amorteringsplanavisering | 
EDP;5;Taxa_från_edp;8;;Amorteringsplan;Okänd;;;KVAN;;AMOPLAN;ANTL;Amorteringsplan;1.00;AMOPLAN | Amorteringsplan | KVAN | Amorteringsplan | ANTL
EDP;5;Taxa_från_edp;9;;Amorteringsplanränta;Okänd;;;KVAN;;AMORÄNTA;;Amorteringsplanränta;1.00;AMORÄNTA | Amorteringsplanränta | KVAN | Amorteringsplanränta | 
EDP;5;Taxa_från_edp;10;;Amorteringsplansuppläggning;Okänd;;;KVAN;;AMOUPP;;Amorteringsplansuppläggning;1.00;AMOUPP | Amorteringsplansuppläggning | KVAN | Amorteringsplansuppläggning | 
EDP;5;Taxa_från_edp;11;;Tömning slamanläggning;Okänd;;;KVAN;;ANL03SL;ANTL;Tömning av slamanläggning;1.00;ANL03SL | Tömning slamanläggning | KVAN | Tömning av slamanläggning | ANTL
EDP;5;Taxa_från_edp;12;;Tömning slamanläggning 3,1-6 m³;Okänd;;;KVAN;;ANL36SL;ANTL;Tömning av slamanlägg. 3,1-6;1.00;ANL36SL | Tömning slamanläggning 3,1-6 m³ | KVAN | Tömning av slamanlägg. 3,1-6 | ANTL
EDP;5;Taxa_från_edp;13;;Tömning slam från Reningsverksbassäng;Slam;Slam;;KVAN;;ANLSLBASTÖM;ANTL;Tömning slam från Reningsverksbassäng;1.00;ANLSLBASTÖM | Tömning slam från Reningsverksbassäng | KVAN | Tömning slam från Reningsverksbassäng | ANTL
EDP;5;Taxa_från_edp;14;;Tömning slamanläggning över 6 m³;Okänd;;;KVAN;;ANLÖ6SL;ANTL;Tömning av slamanlägg över 6 m³;1.00;ANLÖ6SL | Tömning slamanläggning över 6 m³ | KVAN | Tömning av slamanlägg över 6 m³ | ANTL
EDP;5;Taxa_från_edp;15;;A, OBEBYGGD FAST. INOM DETALJPLAN;Okänd;;;ÅRPR;;AOBF;;Avlopp obebygg inom detaljp;1.00;AOBF | A, OBEBYGGD FAST. INOM DETALJPLAN | ÅRPR | Avlopp obebygg inom detaljp | 
EDP;5;Taxa_från_edp;16;;Dummy för avslut av tjänst via order;Okänd;;;KVAN;;AVSLUTA_TJÄNST;0;Avslut av tjänst;1.00;AVSLUTA_TJÄNST | Dummy för avslut av tjänst via order | KVAN | Avslut av tjänst | 0
EDP;5;Taxa_från_edp;17;;Reningsverksbassäng, slam. Ord. tur Kommunal;Slam;Slam;;ÅRKV;;BASSLORDKOM;ANTB;Reningsverksbassäng, slam. Ord. tur Kommunal;1.00;BASSLORDKOM | Reningsverksbassäng, slam. Ord. tur Kommunal | ÅRKV | Reningsverksbassäng, slam. Ord. tur Kommunal | ANTB
EDP;5;Taxa_från_edp;18;;BDT 0-3 m³, slam. Budning;Slam;Slam;;ÅRKV;;BDT03SLBUD;ANTB;BDT 0-3 m³, slam. Budning;1.00;BDT03SLBUD | BDT 0-3 m³, slam. Budning | ÅRKV | BDT 0-3 m³, slam. Budning | ANTB
EDP;5;Taxa_från_edp;19;;BDT 0-3 m³, slam. Ordinarie tur;Slam;Slam;;ÅRKV;;BDT03SLORD;ANTB;BDT 0-3 m³, slam. Ord. tur;1.00;BDT03SLORD | BDT 0-3 m³, slam. Ordinarie tur | ÅRKV | BDT 0-3 m³, slam. Ord. tur | ANTB
EDP;5;Taxa_från_edp;20;;BDT 3,1-6 m³, slam. Budning;Slam;Slam;;ÅRKV;;BDT36SLBUD;ANTB;BDT 3,1-6 m³, slam. Budning;1.00;BDT36SLBUD | BDT 3,1-6 m³, slam. Budning | ÅRKV | BDT 3,1-6 m³, slam. Budning | ANTB
EDP;5;Taxa_från_edp;21;;BDT 3,1-6 m³, slam. Ord. tur;Slam;Slam;;ÅRKV;;BDT36SLORD;ANTB;BDT 3,1-6 m³, slam. Ord. tur;1.00;BDT36SLORD | BDT 3,1-6 m³, slam. Ord. tur | ÅRKV | BDT 3,1-6 m³, slam. Ord. tur | ANTB
EDP;5;Taxa_från_edp;22;;BDT över 6 m³, slam. Budning;Slam;Slam;;ÅRKV;;BDTÖ6SLBUD;ANTB;BDT över 6 m³, slam. Budning;1.00;BDTÖ6SLBUD | BDT över 6 m³, slam. Budning | ÅRKV | BDT över 6 m³, slam. Budning | ANTB
EDP;5;Taxa_från_edp;23;;BDT över 6 m³, slam. Ord. tur;Slam;Slam;;ÅRKV;;BDTÖ6SLORD;ANTB;BDT över 6 m³, slam. Ord. tur;1.00;BDTÖ6SLORD | BDT över 6 m³, slam. Ord. tur | ÅRKV | BDT över 6 m³, slam. Ord. tur | ANTB
EDP;5;Taxa_från_edp;24;;Behandlingsavgift Aska;Okänd;;;KVAN;;BEHASKA;KBM;Behandlingsavgift Aska;1.00;BEHASKA | Behandlingsavgift Aska | KVAN | Behandlingsavgift Aska | KBM
EDP;5;Taxa_från_edp;25;;Behandlingsavgift Restavfall;Okänd;Restavfall;;KVAN;;BEHREST;VITO;Behandlingsavgift Restavfall;1.00;BEHREST | Behandlingsavgift Restavfall | KVAN | Behandlingsavgift Restavfall | VITO
EDP;5;Taxa_från_edp;26;;Behandlingsavgift Slam;Slam;Slam;;KVAN;;BEHSLAM;KBM;Behandlingsavgift Slam;1.00;BEHSLAM | Behandlingsavgift Slam | KVAN | Behandlingsavgift Slam | KBM
EDP;5;Taxa_från_edp;27;;Behandlingsavgift Slam Statistik;Slam;Slam;;KVAN;;BEHSLAMSTAT;KBM;Behandlingsavgift Slam;1.00;BEHSLAMSTAT | Behandlingsavgift Slam Statistik | KVAN | Behandlingsavgift Slam | KBM
EDP;5;Taxa_från_edp;28;;Betalsäck, pris per säck;Okänd;;;KVAN;;BETALSÄCK;ANTL;Betalsäck, pris per säck;1.00;BETALSÄCK | Betalsäck, pris per säck | KVAN | Betalsäck, pris per säck | ANTL
EDP;5;Taxa_från_edp;29;;Bini 1000 lastväxlare-;Okänd;;;KVAN;;BINI1000;TIMT;Bini 1000 lastväxlare;1.00;BINI1000 | Bini 1000 lastväxlare- | KVAN | Bini 1000 lastväxlare | TIMT
EDP;5;Taxa_från_edp;30;;Bini 610/500;Okänd;;;KVAN;;BINI500;TIMT;Bini 610/500;1.00;BINI500 | Bini 610/500 | KVAN | Bini 610/500 | TIMT
EDP;5;Taxa_från_edp;31;;Brunn 0-3 m³, slam. Budning;Slam;Slam;;ÅRKV;;BRN03SLBUD;ANTB;Brunn 0-3 m³, slam. Budning;1.00;BRN03SLBUD | Brunn 0-3 m³, slam. Budning | ÅRKV | Brunn 0-3 m³, slam. Budning | ANTB
EDP;5;Taxa_från_edp;32;;Brunn 0-3 m³, slam. Ord. tur;Slam;Slam;;ÅRKV;;BRN03SLORD;ANTB;Brunn 0-3 m³, slam. Ord. tur;1.00;BRN03SLORD | Brunn 0-3 m³, slam. Ord. tur | ÅRKV | Brunn 0-3 m³, slam. Ord. tur | ANTB
EDP;5;Taxa_från_edp;33;;Brunn 3,1-6 m³, slam. Budning;Slam;Slam;;ÅRKV;;BRN36SLBUD;ANTB;Brunn 3,1-6 m³, slam. Budning;1.00;BRN36SLBUD | Brunn 3,1-6 m³, slam. Budning | ÅRKV | Brunn 3,1-6 m³, slam. Budning | ANTB
EDP;5;Taxa_från_edp;34;;Brunn 3,1-6 m³, slam. Ord. tur;Slam;Slam;;ÅRKV;;BRN36SLORD;ANTB;Brunn över 6 m³, slam. Ord. tur;1.00;BRN36SLORD | Brunn 3,1-6 m³, slam. Ord. tur | ÅRKV | Brunn över 6 m³, slam. Ord. tur | ANTB
EDP;5;Taxa_från_edp;35;;Brunn över 6 m³, slam. Budning;Slam;Slam;;ÅRKV;;BRNÖ6SLBUD;ANTB;Brunn över 6 m³, slam. Budning;1.00;BRNÖ6SLBUD | Brunn över 6 m³, slam. Budning | ÅRKV | Brunn över 6 m³, slam. Budning | ANTB
EDP;5;Taxa_från_edp;36;;Brunn över 6 m³, slam. Ord. tur;Slam;Slam;;ÅRKV;;BRNÖ6SLORD;ANTB;Brunn över 6 m³, slam. Ord. tur;1.00;BRNÖ6SLORD | Brunn över 6 m³, slam. Ord. tur | ÅRKV | Brunn över 6 m³, slam. Ord. tur | ANTB
EDP;5;Taxa_från_edp;37;;Brännbart avfall;Okänd;;;KVAN;;BRÄNNBART;VITO;Brännbart avfall;1.00;BRÄNNBART | Brännbart avfall | KVAN | Brännbart avfall | VITO
EDP;5;Taxa_från_edp;38;;Byte av sopkärl;Okänd;;;KVAN;;BS;ANTL;Byte av sopkärl;1.00;BS | Byte av sopkärl | KVAN | Byte av sopkärl | ANTL
EDP;5;Taxa_från_edp;39;;Container 10m3 Aska;Okänd;;;ÅRKV;;CONT10ASBUD;ANTB;Container 10m3 Aska;1.00;CONT10ASBUD | Container 10m3 Aska | ÅRKV | Container 10m3 Aska | ANTB
EDP;5;Taxa_från_edp;40;;Container 12m3 6-fack Restavfall;Okänd;Restavfall;;ÅRKV;;CONT12_6FREBUD;ANTB;Container 12m3 6-fack;1.00;CONT12_6FREBUD | Container 12m3 6-fack Restavfall | ÅRKV | Container 12m3 6-fack | ANTB
EDP;5;Taxa_från_edp;41;;Container 12 m3, Slam;Slam;Slam;Volym;ÅRKV;;CONT12SLBUD;ANTB;Container 12 m3, Slam;1.00;CONT12SLBUD | Container 12 m3, Slam | ÅRKV | Container 12 m3, Slam | ANTB
EDP;5;Taxa_från_edp;42;;190 L KÄRL DELAT;Okänd;;Behållarvolym;ÅRKV;;DE190;ANTB;Sophämtning delat 190 l kärl;1.00;DE190 | 190 L KÄRL DELAT | ÅRKV | Sophämtning delat 190 l kärl | ANTB
EDP;5;Taxa_från_edp;43;;Dröjsmålsränta;Okänd;;;KVAN;;DRÖJRÄNTA;;Dröjsmålsränta;1.00;DRÖJRÄNTA | Dröjsmålsränta | KVAN | Dröjsmålsränta | 
EDP;5;Taxa_från_edp;44;;Evenemangskärl 140 L, matavfall;Okänd;Matavfall;Behållarvolym;KVAN;;EVEKÄ140MA;ANTL;Evenemangskärl 140 L, matavfall;1.00;EVEKÄ140MA | Evenemangskärl 140 L, matavfall | KVAN | Evenemangskärl 140 L, matavfall | ANTL
EDP;5;Taxa_från_edp;45;;Evenemangskärl 190 L, restavfall;Okänd;Restavfall;Behållarvolym;KVAN;;EVEKÄ190RE;ANTL;Evenemangskärl 190 L, restavfall;1.00;EVEKÄ190RE | Evenemangskärl 190 L, restavfall | KVAN | Evenemangskärl 190 L, restavfall | ANTL
EDP;5;Taxa_från_edp;46;;Evenemangskärl 660 L, restavfall;Okänd;Restavfall;Behållarvolym;KVAN;;EVEKÄ660RE;ANTL;Evenemangskärl 660 L, restavfall;1.00;EVEKÄ660RE | Evenemangskärl 660 L, restavfall | KVAN | Evenemangskärl 660 L, restavfall | ANTL
EDP;5;Taxa_från_edp;47;;Tjänsttaxa för tillfälliga evenemangskärl;Okänd;;;ÅRKV;;EVENEMANG;0;Tjänsttaxa för evenemangskärl;1.00;EVENEMANG | Tjänsttaxa för tillfälliga evenemangskärl | ÅRKV | Tjänsttaxa för evenemangskärl | 0
EDP;5;Taxa_från_edp;48;;Efteranmälan slamtömning;Slam;Slam;;KVAN;;EXTRA;ANTL;Förseningsavgift efteranmälan;1.00;EXTRA | Efteranmälan slamtömning | KVAN | Förseningsavgift efteranmälan | ANTL
EDP;5;Taxa_från_edp;49;;Budning av farligt avfall, pris per tillfälle;Okänd;Farligt avfall;Tillfälle;KVAN;;FARLIGTBUD;ANTL;Budning av farligt avfall, pris per tillfälle;1.00;FARLIGTBUD | Budning av farligt avfall, pris per tillfälle | KVAN | Budning av farligt avfall, pris per tillfälle | ANTL
EDP;5;Taxa_från_edp;50;;Felsorteringsavgift, pris per tillfälle och kärl;Okänd;;Tillfälle;KVAN;;FELSORT;ANTL;Felsorteringsavgift, pris per tillfälle och kärl;1.00;FELSORT | Felsorteringsavgift, pris per tillfälle och kärl | KVAN | Felsorteringsavgift, pris per tillfälle och kärl | ANTL
EDP;5;Taxa_från_edp;51;;Filmning/besiktning;Okänd;;;KVAN;;FILMBESIKT;TIMT;Filmning/besiktning;1.00;FILMBESIKT | Filmning/besiktning | KVAN | Filmning/besiktning | TIMT
EDP;5;Taxa_från_edp;52;;FJÄRRVÄRME;Okänd;;;FÖRB;;FJ;;Fjärrvärme;1.00;FJ | FJÄRRVÄRME | FÖRB | Fjärrvärme | 
EDP;5;Taxa_från_edp;53;;Framkörningsavgift;Okänd;;;KVAN;;FRAMKAVG;ANTL;Framkörningsavgift;1.00;FRAMKAVG | Framkörningsavgift | KVAN | Framkörningsavgift | ANTL
EDP;5;Taxa_från_edp;54;;Fri faktura, standard;Okänd;;;KVAN;;FRIFAKTURA;;Fri faktura, standard;1.00;FRIFAKTURA | Fri faktura, standard | KVAN | Fri faktura, standard | 
EDP;5;Taxa_från_edp;55;;FRI KVANTITET;Okänd;;;KVAN;;FRIKV;ANTB;;1.00;FRIKV | FRI KVANTITET | KVAN |  | ANTB
EDP;5;Taxa_från_edp;56;;FRITT UTFÖRANDE;Okänd;;;KVAN;;FRIUT;ANTL;;1.00;FRIUT | FRITT UTFÖRANDE | KVAN |  | ANTL
EDP;5;Taxa_från_edp;57;;BYTE AV FRUSEN MÄTARE;Okänd;;;KVAN;;FRUSEN;ANTL;Byte av frusen mätare;1.00;FRUSEN | BYTE AV FRUSEN MÄTARE | KVAN | Byte av frusen mätare | ANTL
EDP;5;Taxa_från_edp;58;;Gemensam uppsamlingsplats med eget kärl, fritidshus;Okänd;;;ÅRKV;;GEMKÄFRI;ANTB;Hämtningavgift gemensam uppsamlingsplats, eget kärl;1.00;GEMKÄFRI | Gemensam uppsamlingsplats med eget kärl, fritidshus | ÅRKV | Hämtningavgift gemensam uppsamlingsplats, eget kärl | ANTB
EDP;5;Taxa_från_edp;59;;Gemensam uppsamlingsplats med eget kärl, fritidshus;Okänd;;;ÅRKV;;GEMKÄFRI;VIKG;Viktavgift rest- matavfall kr/kg;1.00;GEMKÄFRI | Gemensam uppsamlingsplats med eget kärl, fritidshus | ÅRKV | Viktavgift rest- matavfall kr/kg | VIKG
EDP;5;Taxa_från_edp;60;;Gemensam uppsamlingsplats (LIP), fritidshus;Okänd;;;ÅRKV;;GEMLIPFRI;FAST;LIP, mat- och restavfall;1.00;GEMLIPFRI | Gemensam uppsamlingsplats (LIP), fritidshus | ÅRKV | LIP, mat- och restavfall | FAST
EDP;5;Taxa_från_edp;61;;Telefonnyckel nr 3 Gemlipfri;Okänd;;;ÅRPR;;GEMNYCKEL3;;Telefonnyckel nr 3 Gemlipfri;1.00;GEMNYCKEL3 | Telefonnyckel nr 3 Gemlipfri | ÅRPR | Telefonnyckel nr 3 Gemlipfri | 
EDP;5;Taxa_från_edp;62;;Telefonnyckel nr 4 Gemlipfri;Okänd;;;ÅRPR;;GEMNYCKEL4;;Telefonnyckel nr 4 Gemlipfri;1.00;GEMNYCKEL4 | Telefonnyckel nr 4 Gemlipfri | ÅRPR | Telefonnyckel nr 4 Gemlipfri | 
EDP;5;Taxa_från_edp;63;;Tagg Gemlipfri;Okänd;;;ÅRPR;;GEMNYCKELTAGG;;Tagg Gemlipfri;1.00;GEMNYCKELTAGG | Tagg Gemlipfri | ÅRPR | Tagg Gemlipfri | 
EDP;5;Taxa_från_edp;64;;GRUND OCH MÄTARAVGIFT;Okänd;;;ÅRPR;;GM;;Grund och mätaravgift;1.00;GM | GRUND OCH MÄTARAVGIFT | ÅRPR | Grund och mätaravgift | 
EDP;5;Taxa_från_edp;65;;Grovavfall/organiskt avfall, storkompost (verksamhet);Okänd;;;KVAN;;GROVAVFALL;VITO;Grovavfall/organiskt avfall, storkompost;1.00;GROVAVFALL | Grovavfall/organiskt avfall, storkompost (verksamhet) | KVAN | Grovavfall/organiskt avfall, storkompost | VITO
EDP;5;Taxa_från_edp;66;;Budning av grovavfall, pris per tillfälle;Okänd;;Tillfälle;KVAN;;GROVBUD;ANTL;Budning av grovavfall, pris per tillfälle;1.00;GROVBUD | Budning av grovavfall, pris per tillfälle | KVAN | Budning av grovavfall, pris per tillfälle | ANTL
EDP;5;Taxa_från_edp;67;;Grundavgift per lägenhet, flerbostadshus;Okänd;;;ÅRKV;;GRUNDFLB;LÄGH;Grundavgift per lägenhet;1.00;GRUNDFLB | Grundavgift per lägenhet, flerbostadshus | ÅRKV | Grundavgift per lägenhet | LÄGH
EDP;5;Taxa_från_edp;68;;Grundavgift fritidshus;Okänd;;;ÅRPR;;GRUNDFRI;;Grundavg. renhåll. fritid;1.00;GRUNDFRI | Grundavgift fritidshus | ÅRPR | Grundavg. renhåll. fritid | 
EDP;5;Taxa_från_edp;69;;Grundavgift nivå 1, små/medel;Okänd;;;ÅRPR;;GRUNDFÖR1;;Grundavgift nivå 1;1.00;GRUNDFÖR1 | Grundavgift nivå 1, små/medel | ÅRPR | Grundavgift nivå 1 | 
EDP;5;Taxa_från_edp;70;;Grundavgift nivå 2, större företag;Okänd;;;ÅRPR;;GRUNDFÖR2;;Grundavgift nivå 2;1.00;GRUNDFÖR2 | Grundavgift nivå 2, större företag | ÅRPR | Grundavgift nivå 2 | 
EDP;5;Taxa_från_edp;71;;Grundavgift lokaler, föreningar etc.;Okänd;;;ÅRPR;;GRUNDLOK;;Grundavgift;1.00;GRUNDLOK | Grundavgift lokaler, föreningar etc. | ÅRPR | Grundavgift | 
EDP;5;Taxa_från_edp;72;;Grundavgift, tvåbostadshus;Okänd;;;ÅRKV;;GRUNDLÄG;LÄGH;Grundavgift per lägenhet;1.00;GRUNDLÄG | Grundavgift, tvåbostadshus | ÅRKV | Grundavgift per lägenhet | LÄGH
EDP;5;Taxa_från_edp;73;;Grundavgift permanentboende;Okänd;;;ÅRPR;;GRUNDPER;;Grundavgift renhållning perm.;1.00;GRUNDPER | Grundavgift permanentboende | ÅRPR | Grundavgift renhållning perm. | 
EDP;5;Taxa_från_edp;74;;Grundavgift permanentboende *ska upphöra*;Okänd;;;ÅRPR;;GRUNDPERM;;Grundavgift permanentboende;1.00;GRUNDPERM | Grundavgift permanentboende *ska upphöra* | ÅRPR | Grundavgift permanentboende | 
EDP;5;Taxa_från_edp;75;;120 L KÄRL 14-DAG. HÄMTN.;Okänd;;Behållarvolym;ÅRKV;;H120;ANTB;14-dagars hämtning 120 l kärl;1.00;H120 | 120 L KÄRL 14-DAG. HÄMTN. | ÅRKV | 14-dagars hämtning 120 l kärl | ANTB
EDP;5;Taxa_från_edp;76;;120 L KÄRL 14-DAG. HÄMTN.;Okänd;;Behållarvolym;ÅRPR;;H120;;Grundavgift;1.00;H120 | 120 L KÄRL 14-DAG. HÄMTN. | ÅRPR | Grundavgift | 
EDP;5;Taxa_från_edp;77;;190 L KÄRL 14-DAG. HÄMTN.;Okänd;;Behållarvolym;ÅRKV;;H190;ANTB;14-dagars hämtning 190 l kärl;1.00;H190 | 190 L KÄRL 14-DAG. HÄMTN. | ÅRKV | 14-dagars hämtning 190 l kärl | ANTB
EDP;5;Taxa_från_edp;78;;190 L KÄRL 14-DAG. HÄMTN.;Okänd;;Behållarvolym;ÅRPR;;H190;;Grundavgift;1.00;H190 | 190 L KÄRL 14-DAG. HÄMTN. | ÅRPR | Grundavgift | 
EDP;5;Taxa_från_edp;79;;190 L KÄRL tillf tjänst;Okänd;;Behållarvolym;KVAN;;H190TT;ANTL;190 L KÄRL tillf tjänst;1.00;H190TT | 190 L KÄRL tillf tjänst | KVAN | 190 L KÄRL tillf tjänst | ANTL
EDP;5;Taxa_från_edp;80;;370 L KÄRL 14-DAG. HÄMTN.;Okänd;;Behållarvolym;ÅRKV;;H370;ANTB;14-dagars hämtning 370 l kärl;1.00;H370 | 370 L KÄRL 14-DAG. HÄMTN. | ÅRKV | 14-dagars hämtning 370 l kärl | ANTB
EDP;5;Taxa_från_edp;81;;370 L KÄRL 14-DAG. HÄMTN.;Okänd;;Behållarvolym;ÅRPR;;H370;;Grundavgift;1.00;H370 | 370 L KÄRL 14-DAG. HÄMTN. | ÅRPR | Grundavgift | 
EDP;5;Taxa_från_edp;82;;660 L KÄRL 14-DAG. HÄMTN.;Okänd;;Behållarvolym;ÅRKV;;H660;ANTB;14-dagars hämtning 660 l kärl;1.00;H660 | 660 L KÄRL 14-DAG. HÄMTN. | ÅRKV | 14-dagars hämtning 660 l kärl | ANTB
EDP;5;Taxa_från_edp;83;;Hyra container 3 m³;Okänd;;;ÅRKV;;HCO03;ANTB;Hyra container 3 m³;1.00;HCO03 | Hyra container 3 m³ | ÅRKV | Hyra container 3 m³ | ANTB
EDP;5;Taxa_från_edp;84;;Hyra container 5 m³;Okänd;;;ÅRKV;;HCO05;ANTB;Hyra container 5 m³;1.00;HCO05 | Hyra container 5 m³ | ÅRKV | Hyra container 5 m³ | ANTB
EDP;5;Taxa_från_edp;85;;Hyra container 8 m³;Okänd;;;ÅRKV;;HCO08;ANTB;Hyra container 8 m³;1.00;HCO08 | Hyra container 8 m³ | ÅRKV | Hyra container 8 m³ | ANTB
EDP;5;Taxa_från_edp;86;;120 L KÄRL FRITIDSHUS;Okänd;;Behållarvolym;ÅRKV;;HF120;ANTB;14-dagars hämtning 120 l kärl;1.00;HF120 | 120 L KÄRL FRITIDSHUS | ÅRKV | 14-dagars hämtning 120 l kärl | ANTB
EDP;5;Taxa_från_edp;87;;120 L KÄRL FRITIDSHUS;Okänd;;Behållarvolym;ÅRPR;;HF120;;Grundavgift;1.00;HF120 | 120 L KÄRL FRITIDSHUS | ÅRPR | Grundavgift | 
EDP;5;Taxa_från_edp;88;;190 L KÄRL FRITIDSHUS;Okänd;;Behållarvolym;ÅRKV;;HF190;ANTB;14-dagars hämtning 190 l kärl;1.00;HF190 | 190 L KÄRL FRITIDSHUS | ÅRKV | 14-dagars hämtning 190 l kärl | ANTB
EDP;5;Taxa_från_edp;89;;190 L KÄRL FRITIDSHUS;Okänd;;Behållarvolym;ÅRPR;;HF190;;Grundavgift;1.00;HF190 | 190 L KÄRL FRITIDSHUS | ÅRPR | Grundavgift | 
EDP;5;Taxa_från_edp;90;;190 L KÄRL tillf tjänst;Okänd;;Behållarvolym;KVAN;;HF190T;ANTL;190 L KÄRL tillf tjänst;1.00;HF190T | 190 L KÄRL tillf tjänst | KVAN | 190 L KÄRL tillf tjänst | ANTL
EDP;5;Taxa_från_edp;91;;370 L KÄRL FRITIDSHUS;Okänd;;Behållarvolym;ÅRKV;;HF370;ANTB;14-dagars hämtning 370 l kärl;1.00;HF370 | 370 L KÄRL FRITIDSHUS | ÅRKV | 14-dagars hämtning 370 l kärl | ANTB
EDP;5;Taxa_från_edp;92;;370 L KÄRL FRITIDSHUS;Okänd;;Behållarvolym;ÅRPR;;HF370;;Grundavgift;1.00;HF370 | 370 L KÄRL FRITIDSHUS | ÅRPR | Grundavgift | 
EDP;5;Taxa_från_edp;93;;120 L KÄRL UTAN GRUNDAVGIFT;Okänd;;Behållarvolym;ÅRKV;;HU120;ANTB;Sophämtning 120 l kärl;1.00;HU120 | 120 L KÄRL UTAN GRUNDAVGIFT | ÅRKV | Sophämtning 120 l kärl | ANTB
EDP;5;Taxa_från_edp;94;;190 L KÄRL UTAN GRUNDAVGIFT;Okänd;;Behållarvolym;ÅRKV;;HU190;ANTB;Sophämtning 190 l kärl;1.00;HU190 | 190 L KÄRL UTAN GRUNDAVGIFT | ÅRKV | Sophämtning 190 l kärl | ANTB
EDP;5;Taxa_från_edp;95;;370 L KÄRL UTAN GRUNDAVGIFT;Okänd;;Behållarvolym;ÅRKV;;HU370;ANTB;Sophämtning 370 l kärl;1.00;HU370 | 370 L KÄRL UTAN GRUNDAVGIFT | ÅRKV | Sophämtning 370 l kärl | ANTB
EDP;5;Taxa_från_edp;96;;660 L KÄRL UTAN GRUNDAVGIFT;Okänd;;Behållarvolym;ÅRKV;;HU660;ANTB;Sophämtning 660 l kärl;1.00;HU660 | 660 L KÄRL UTAN GRUNDAVGIFT | ÅRKV | Sophämtning 660 l kärl | ANTB
EDP;5;Taxa_från_edp;97;;120 L KÄRL FRITIDSHUS UTAN GRUNDAVG.;Okänd;;Behållarvolym;ÅRKV;;HUF120;ANTB;Sophämtning 120 lit kärl;1.00;HUF120 | 120 L KÄRL FRITIDSHUS UTAN GRUNDAVG. | ÅRKV | Sophämtning 120 lit kärl | ANTB
EDP;5;Taxa_från_edp;98;;370 L KÄRL FRITIDSHUS UTAN GRUNDAVG.;Okänd;;Behållarvolym;ÅRKV;;HUF370;ANTB;Sophämtning 370 l kärl;1.00;HUF370 | 370 L KÄRL FRITIDSHUS UTAN GRUNDAVG. | ÅRKV | Sophämtning 370 l kärl | ANTB
EDP;5;Taxa_från_edp;99;;Hämtning av farligt avfall hos hushåll (max 25 kg);Okänd;Farligt avfall;;KVAN;;HÄMTFARLIGT;ANTL;Hämtning av farligt avfall, pris per tillfälle;1.00;HÄMTFARLIGT | Hämtning av farligt avfall hos hushåll (max 25 kg) | KVAN | Hämtning av farligt avfall, pris per tillfälle | ANTL
EDP;5;Taxa_från_edp;100;;Inert avfall. Tex klinker, porslin, toalettstolar;Okänd;;;KVAN;;INERTAVFALL;VITO;Inert avfall. Tex klinker, porslin, toalettstolar;1.00;INERTAVFALL | Inert avfall. Tex klinker, porslin, toalettstolar | KVAN | Inert avfall. Tex klinker, porslin, toalettstolar | VITO
EDP;5;Taxa_från_edp;101;;Inkassoavgift;Okänd;;;KVAN;;INKASSO;;Inkassoavgift;1.00;INKASSO | Inkassoavgift | KVAN | Inkassoavgift | 
EDP;5;Taxa_från_edp;102;;Kreditering av grundavgifter april/maj 2023;Okänd;;;KVAN;;KREDGRUNDPER;ANTL;Kreditering av grundavgifter april/maj 2023;1.00;KREDGRUNDPER | Kreditering av grundavgifter april/maj 2023 | KVAN | Kreditering av grundavgifter april/maj 2023 | ANTL
EDP;5;Taxa_från_edp;103;;Kärl 140 L, matavfall. Var 14:e dag. FLB/VHT;Okänd;Matavfall;Behållarvolym;ÅRKV;;KÄ140MA26FV;ANTB;Kärl 140 L matavfall FLB/VHT;1.00;KÄ140MA26FV | Kärl 140 L, matavfall. Var 14:e dag. FLB/VHT | ÅRKV | Kärl 140 L matavfall FLB/VHT | ANTB
EDP;5;Taxa_från_edp;104;;Kärl 140 L, matavfall. Var 14:e dag. FLB/VHT;Okänd;Matavfall;Behållarvolym;KVAN;;KÄ140MA26FV;VIKG,MAX60;Viktavgift matavfall kr/kg;1.00;KÄ140MA26FV | Kärl 140 L, matavfall. Var 14:e dag. FLB/VHT | KVAN | Viktavgift matavfall kr/kg | VIKG,MAX60
EDP;5;Taxa_från_edp;105;;Kärl 140 L, matavfall. Var 14:e dag. FLB/VHT;Okänd;Matavfall;Behållarvolym;KVAN;;KÄ140MA26FV;VIKG-60,MIN0;Vikt över 60 kg, matavfall;1.00;KÄ140MA26FV | Kärl 140 L, matavfall. Var 14:e dag. FLB/VHT | KVAN | Vikt över 60 kg, matavfall | VIKG-60,MIN0
EDP;5;Taxa_från_edp;106;;Kärl 140 L, matavfall. Var 14:e dag. FLB/VHT;Okänd;Matavfall;Behållarvolym;ÅRKV;;KÄ140MA26FV_old;ANTB;Kärlavgift 140 L kärl, matavfall. Var 14:e dag;1.00;KÄ140MA26FV_old | Kärl 140 L, matavfall. Var 14:e dag. FLB/VHT | ÅRKV | Kärlavgift 140 L kärl, matavfall. Var 14:e dag | ANTB
EDP;5;Taxa_från_edp;107;;Kärl 140 L, matavfall. Var 14:e dag. FLB/VHT;Okänd;Matavfall;Behållarvolym;KVAN;;KÄ140MA26FV_old;0;Viktavgift restavfall kr/kg;1.00;KÄ140MA26FV_old | Kärl 140 L, matavfall. Var 14:e dag. FLB/VHT | KVAN | Viktavgift restavfall kr/kg | 0
EDP;5;Taxa_från_edp;108;;Kärl 140 L, matavfall. Var 14:e dag. FLB/VHT;Okänd;Matavfall;Behållarvolym;KVAN;;KÄ140MA26FV_old;VIKG;Viktavgift matavfall kr/kg;1.00;KÄ140MA26FV_old | Kärl 140 L, matavfall. Var 14:e dag. FLB/VHT | KVAN | Viktavgift matavfall kr/kg | VIKG
EDP;5;Taxa_från_edp;109;;Kärlavgift för extra kärl 140 L, matavfall. Var 14:e dag;Okänd;Matavfall;Behållarvolym;ÅRKV;;KÄ140MAEXTRA;ANTB;Extra kärl 140 L, matavfall;1.00;KÄ140MAEXTRA | Kärlavgift för extra kärl 140 L, matavfall. Var 14:e dag | ÅRKV | Extra kärl 140 L, matavfall | ANTB
EDP;5;Taxa_från_edp;110;;Kärlavgift för extra kärl 140 L, matavfall. Var 14:e dag;Okänd;Matavfall;Behållarvolym;KVAN;;KÄ140MAEXTRA;VIKG,MAX60;Viktavgift matavfall kr/kg;1.00;KÄ140MAEXTRA | Kärlavgift för extra kärl 140 L, matavfall. Var 14:e dag | KVAN | Viktavgift matavfall kr/kg | VIKG,MAX60
EDP;5;Taxa_från_edp;111;;Kärlavgift för extra kärl 140 L, matavfall. Var 14:e dag;Okänd;Matavfall;Behållarvolym;KVAN;;KÄ140MAEXTRA;VIKG-60,MIN0;Vikt över 60 kg, matavfall;1.00;KÄ140MAEXTRA | Kärlavgift för extra kärl 140 L, matavfall. Var 14:e dag | KVAN | Vikt över 60 kg, matavfall | VIKG-60,MIN0
EDP;5;Taxa_från_edp;112;;Kärlavgift för extra kärl 140 L, restavfall. Var 14:e dag;Okänd;Restavfall;Behållarvolym;ÅRKV;;KÄ140REEXTRA;ANTB;Extra kärl 140 L, restavfall;1.00;KÄ140REEXTRA | Kärlavgift för extra kärl 140 L, restavfall. Var 14:e dag | ÅRKV | Extra kärl 140 L, restavfall | ANTB
EDP;5;Taxa_från_edp;113;;Kärlavgift för extra kärl 140 L, restavfall. Var 14:e dag;Okänd;Restavfall;Behållarvolym;KVAN;;KÄ140REEXTRA;VIKG,MAX60;Viktavgift restavfall kr/kg;1.00;KÄ140REEXTRA | Kärlavgift för extra kärl 140 L, restavfall. Var 14:e dag | KVAN | Viktavgift restavfall kr/kg | VIKG,MAX60
EDP;5;Taxa_från_edp;114;;Kärlavgift för extra kärl 140 L, restavfall. Var 14:e dag;Okänd;Restavfall;Behållarvolym;KVAN;;KÄ140REEXTRA;VIKG-60,MIN0;Vikt över 60 kg, restavfall;1.00;KÄ140REEXTRA | Kärlavgift för extra kärl 140 L, restavfall. Var 14:e dag | KVAN | Vikt över 60 kg, restavfall | VIKG-60,MIN0
EDP;5;Taxa_från_edp;115;;Tvåfackskärl, rest/kompost.;Okänd;;;ÅRKV;;KÄ240RK26;ANTB;Kärl 240L , restavfall/kompost;1.00;KÄ240RK26 | Tvåfackskärl, rest/kompost. | ÅRKV | Kärl 240L , restavfall/kompost | ANTB
EDP;5;Taxa_från_edp;116;;Tvåfackskärl, rest/kompost.;Okänd;;;KVAN;;KÄ240RK26;VIKG;Viktavgift restavfall kr/kg;1.00;KÄ240RK26 | Tvåfackskärl, rest/kompost. | KVAN | Viktavgift restavfall kr/kg | VIKG
EDP;5;Taxa_från_edp;117;;Tvåfackskärl , rest/matavfall.;Okänd;Matavfall;;ÅRKV;;KÄ240RM26;ANTB;Tvåfackskärl , rest/matavfall.;1.00;KÄ240RM26 | Tvåfackskärl , rest/matavfall. | ÅRKV | Tvåfackskärl , rest/matavfall. | ANTB
EDP;5;Taxa_från_edp;118;;Tvåfackskärl , rest/matavfall.;Okänd;Matavfall;;KVAN;;KÄ240RM26;0;Viktavgift restavfall kr/kg;1.00;KÄ240RM26 | Tvåfackskärl , rest/matavfall. | KVAN | Viktavgift restavfall kr/kg | 0
EDP;5;Taxa_från_edp;119;;Tvåfackskärl , rest/matavfall.;Okänd;Matavfall;;KVAN;;KÄ240RM26;0;Viktavgift matavfall kr/kg;1.00;KÄ240RM26 | Tvåfackskärl , rest/matavfall. | KVAN | Viktavgift matavfall kr/kg | 0
EDP;5;Taxa_från_edp;120;;Tvåfackskärl, rest/mat FLB/VHT;Okänd;;;ÅRKV;;KÄ240RM26FV;ANTB;Kärl 240L , rest/mat FLB/VHT;1.00;KÄ240RM26FV | Tvåfackskärl, rest/mat FLB/VHT | ÅRKV | Kärl 240L , rest/mat FLB/VHT | ANTB
EDP;5;Taxa_från_edp;121;;Tvåfackskärl, rest/mat FLB/VHT;Okänd;;;KVAN;;KÄ240RM26FV;0;Viktavgift restavfall kr/kg;1.00;KÄ240RM26FV | Tvåfackskärl, rest/mat FLB/VHT | KVAN | Viktavgift restavfall kr/kg | 0
EDP;5;Taxa_från_edp;122;;Tvåfackskärl, rest/mat FLB/VHT;Okänd;;;KVAN;;KÄ240RM26FV;0;Viktavgift matavfall kr/kg;1.00;KÄ240RM26FV | Tvåfackskärl, rest/mat FLB/VHT | KVAN | Viktavgift matavfall kr/kg | 0
EDP;5;Taxa_från_edp;123;;Kärl 370 L, rest. FLB/VHT;Okänd;;Behållarvolym;ÅRKV;;KÄ370RE26FV;ANTB;Kärl 370 L kärl, rest. FLB/VHT;1.00;KÄ370RE26FV | Kärl 370 L, rest. FLB/VHT | ÅRKV | Kärl 370 L kärl, rest. FLB/VHT | ANTB
EDP;5;Taxa_från_edp;124;;Kärl 370 L, rest. FLB/VHT;Okänd;;Behållarvolym;KVAN;;KÄ370RE26FV;VIKG,MAX60;Viktavgift restavfall kr/kg;1.00;KÄ370RE26FV | Kärl 370 L, rest. FLB/VHT | KVAN | Viktavgift restavfall kr/kg | VIKG,MAX60
EDP;5;Taxa_från_edp;125;;Kärl 370 L, rest. FLB/VHT;Okänd;;Behållarvolym;KVAN;;KÄ370RE26FV;VIKG-60,MIN0;Avgift över 60 kg, restavfall;1.00;KÄ370RE26FV | Kärl 370 L, rest. FLB/VHT | KVAN | Avgift över 60 kg, restavfall | VIKG-60,MIN0
EDP;5;Taxa_från_edp;126;;Kärl 660 L, rest. FLB/VHT;Okänd;;Behållarvolym;ÅRKV;;KÄ660RE26FV;ANTB;Kärl 660 L, rest. FLB/VHT;1.00;KÄ660RE26FV | Kärl 660 L, rest. FLB/VHT | ÅRKV | Kärl 660 L, rest. FLB/VHT | ANTB
EDP;5;Taxa_från_edp;127;;Kärl 660 L, rest. FLB/VHT;Okänd;;Behållarvolym;KVAN;;KÄ660RE26FV;VIKG,MAX60;Viktavgift restavfall kr/kg;1.00;KÄ660RE26FV | Kärl 660 L, rest. FLB/VHT | KVAN | Viktavgift restavfall kr/kg | VIKG,MAX60
EDP;5;Taxa_från_edp;128;;Kärl 660 L, rest. FLB/VHT;Okänd;;Behållarvolym;KVAN;;KÄ660RE26FV;VIKG-60,MIN0;Avgift över 60 kg, restavfall;1.00;KÄ660RE26FV | Kärl 660 L, rest. FLB/VHT | KVAN | Avgift över 60 kg, restavfall | VIKG-60,MIN0
EDP;5;Taxa_från_edp;129;;Kärl 660 kommunens egna kärl för tex akutsäck;Okänd;;;ÅRKV;;KÄ660ÖVRIGT;ANTB;Kärl 660 L, rest. FLB/VHT;1.00;KÄ660ÖVRIGT | Kärl 660 kommunens egna kärl för tex akutsäck | ÅRKV | Kärl 660 L, rest. FLB/VHT | ANTB
EDP;5;Taxa_från_edp;130;;Byte/återtag av behållare 140–240 L, 1 ggr/år;Okänd;;Behållarvolym;KVAN;;KÄRLBYTE240;ANTL;Byte/återtag av behållare 140–240 L, 1 ggr/år;1.00;KÄRLBYTE240 | Byte/återtag av behållare 140–240 L, 1 ggr/år | KVAN | Byte/återtag av behållare 140–240 L, 1 ggr/år | ANTL
EDP;5;Taxa_från_edp;131;;Byte/återtag av behållare 370–660 L, 1 ggr/år;Okänd;;Behållarvolym;KVAN;;KÄRLBYTE660;ANTL;Byte/återtag av behållare 370–660 L, 1 ggr/år;1.00;KÄRLBYTE660 | Byte/återtag av behållare 370–660 L, 1 ggr/år | KVAN | Byte/återtag av behållare 370–660 L, 1 ggr/år | ANTL
EDP;5;Taxa_från_edp;132;;Ytterligare byte av kärl under kalenderåret;Okänd;;;KVAN;;KÄRLBYTEFLER;ANTL;Ytterligare byte av kärl under kalenderåret;1.00;KÄRLBYTEFLER | Ytterligare byte av kärl under kalenderåret | KVAN | Ytterligare byte av kärl under kalenderåret | ANTL
EDP;5;Taxa_från_edp;133;;EXTRA SLANG > 5 M;Okänd;;;KVAN;;L;ANTL;Extra slang > 5 m;1.00;L | EXTRA SLANG > 5 M | KVAN | Extra slang > 5 m | ANTL
EDP;5;Taxa_från_edp;134;;Avgift för latrinbehållare;Okänd;;;KVAN;;LATRINBEHÅLL;ANTL;Avgift för latrinbehållare;1.00;LATRINBEHÅLL | Avgift för latrinbehållare | KVAN | Avgift för latrinbehållare | ANTL
EDP;5;Taxa_från_edp;135;;MAN Lastbil- externa tjänster;Okänd;;;KVAN;;MANLASTBIL;TIMT;MAN Lastbil;1.00;MANLASTBIL | MAN Lastbil- externa tjänster | KVAN | MAN Lastbil | TIMT
EDP;5;Taxa_från_edp;136;;Tömning Markbehållare 1.4 m³, glas färgat. Tjänsttaxa;Okänd;;;ÅRKV;;MB1400GF;0;Tömning Markbehållare 1.4 m³, glas färgat.;1.00;MB1400GF | Tömning Markbehållare 1.4 m³, glas färgat. Tjänsttaxa | ÅRKV | Tömning Markbehållare 1.4 m³, glas färgat. | 0
EDP;5;Taxa_från_edp;137;;Tömning Markbehållare 1.4 m³, glas färgat.;Okänd;;;KVAN;;MB1400GFTÖM;ANTL;Tömning Markbehållare 1.4 m³, glas färgat.;1.00;MB1400GFTÖM | Tömning Markbehållare 1.4 m³, glas färgat. | KVAN | Tömning Markbehållare 1.4 m³, glas färgat. | ANTL
EDP;5;Taxa_från_edp;138;;Tömning Markbehållare 1.4 m³, glas ofärgat. Tjänsttaxa;Okänd;;;ÅRKV;;MB1400GO;0;Tömning Markbehållare 1.4 m³, glas ofärgat.;1.00;MB1400GO | Tömning Markbehållare 1.4 m³, glas ofärgat. Tjänsttaxa | ÅRKV | Tömning Markbehållare 1.4 m³, glas ofärgat. | 0
EDP;5;Taxa_från_edp;139;;Tömning Markbehållare 1.4 m³, glas ofärgat.;Okänd;;;KVAN;;MB1400GOTÖM;ANTL;TTömning Markbehållare 1.4 m³, glas ofärgat.;1.00;MB1400GOTÖM | Tömning Markbehållare 1.4 m³, glas ofärgat. | KVAN | TTömning Markbehållare 1.4 m³, glas ofärgat. | ANTL
EDP;5;Taxa_från_edp;140;;Tömning Markbehållare 1.4 m³, matavfall. Tjänsttaxa;Okänd;Matavfall;;ÅRKV;;MB1400MA;0;Tömning Markbehållare 1.4 m³, matavfall.;1.00;MB1400MA | Tömning Markbehållare 1.4 m³, matavfall. Tjänsttaxa | ÅRKV | Tömning Markbehållare 1.4 m³, matavfall. | 0
EDP;5;Taxa_från_edp;141;;Tömning Markbehållare 1.4 m³, matavfall;Okänd;Matavfall;;KVAN;;MB1400MATÖM;ANTL;Tömning Markbehållare 1.4 m³, matavfall;1.00;MB1400MATÖM | Tömning Markbehållare 1.4 m³, matavfall | KVAN | Tömning Markbehållare 1.4 m³, matavfall | ANTL
EDP;5;Taxa_från_edp;142;;Tömning Markbehållare 1.4 m³, metallförpackningar. Tjänsttaxa;Okänd;;;ÅRKV;;MB1400ME;0;Tömning Markbehållare 1.4 m³, metallförpackningar.;1.00;MB1400ME | Tömning Markbehållare 1.4 m³, metallförpackningar. Tjänsttaxa | ÅRKV | Tömning Markbehållare 1.4 m³, metallförpackningar. | 0
EDP;5;Taxa_från_edp;143;;Tömning Markbehållare 1.4 m³, metallförpackningar.;Okänd;;;KVAN;;MB1400METÖM;ANTL;Tömning Markbehållare 1.4 m³, metallförpackningar.;1.00;MB1400METÖM | Tömning Markbehållare 1.4 m³, metallförpackningar. | KVAN | Tömning Markbehållare 1.4 m³, metallförpackningar. | ANTL
EDP;5;Taxa_från_edp;144;;Tömning Markbehållare 1.4 m³, tidningar. Tjänsttaxa;Okänd;;;ÅRKV;;MB1400TI;0;Tömning Markbehållare 1.4 m³, tidningar.;1.00;MB1400TI | Tömning Markbehållare 1.4 m³, tidningar. Tjänsttaxa | ÅRKV | Tömning Markbehållare 1.4 m³, tidningar. | 0
EDP;5;Taxa_från_edp;145;;Tömning Markbehållare 1.4 m³, tidningar.;Okänd;;;KVAN;;MB1400TITÖM;ANTL;Tömning Markbehållare 1.4 m³, tidningar.;1.00;MB1400TITÖM | Tömning Markbehållare 1.4 m³, tidningar. | KVAN | Tömning Markbehållare 1.4 m³, tidningar. | ANTL
EDP;5;Taxa_från_edp;146;;Tömning Markbehållare 1.4 m³, matavfall;Okänd;Matavfall;;KVAN;;MB1400TÖM;ANTL;Tömning Markbehållare 1.4 m³, matavfall;1.00;MB1400TÖM | Tömning Markbehållare 1.4 m³, matavfall | KVAN | Tömning Markbehållare 1.4 m³, matavfall | ANTL
EDP;5;Taxa_från_edp;147;;Tömning Markbehållare 2,6 m³, pappersförpackningar. Tjänsttaxa;Okänd;;;ÅRKV;;MB2600PA;0;Tömning Markbehållare 2,6 m³, pappersförpackningar.;1.00;MB2600PA | Tömning Markbehållare 2,6 m³, pappersförpackningar. Tjänsttaxa | ÅRKV | Tömning Markbehållare 2,6 m³, pappersförpackningar. | 0
EDP;5;Taxa_från_edp;148;;Tömning Markbehållare 2,6 m³, pappersförpackningar.;Okänd;;;KVAN;;MB2600PATÖM;ANTL;Tömning Markbehållare 2,6 m³, pappersförpackningar.;1.00;MB2600PATÖM | Tömning Markbehållare 2,6 m³, pappersförpackningar. | KVAN | Tömning Markbehållare 2,6 m³, pappersförpackningar. | ANTL
EDP;5;Taxa_från_edp;149;;Tömning Markbehållare 2,6 m³, plastförpackning. Tjänsttaxa;Okänd;;;ÅRKV;;MB2600PL;0;Tömning Markbehållare 2,6 m³, plastförpackning.;1.00;MB2600PL | Tömning Markbehållare 2,6 m³, plastförpackning. Tjänsttaxa | ÅRKV | Tömning Markbehållare 2,6 m³, plastförpackning. | 0
EDP;5;Taxa_från_edp;150;;Tömning Markbehållare 2,6 m³, plastförpackning.;Okänd;;;KVAN;;MB2600PLTÖM;ANTL;Tömning Markbehållare 2,6 m³, plastförpackning.;1.00;MB2600PLTÖM | Tömning Markbehållare 2,6 m³, plastförpackning. | KVAN | Tömning Markbehållare 2,6 m³, plastförpackning. | ANTL
EDP;5;Taxa_från_edp;151;;Tömning Markbehållare 2,6 m³, restavfall. Tjänsttaxa;Okänd;Restavfall;;ÅRKV;;MB2600RE;0;Tömning Markbehållare 2,6 m³, restavfall.;1.00;MB2600RE | Tömning Markbehållare 2,6 m³, restavfall. Tjänsttaxa | ÅRKV | Tömning Markbehållare 2,6 m³, restavfall. | 0
EDP;5;Taxa_från_edp;152;;Tömning Markbehållare 2,6 m³, restavfall.;Okänd;Restavfall;;KVAN;;MB2600RETÖM;ANTL;Tömning Markbehållare 2,6 m³, restavfall.;1.00;MB2600RETÖM | Tömning Markbehållare 2,6 m³, restavfall. | KVAN | Tömning Markbehållare 2,6 m³, restavfall. | ANTL
EDP;5;Taxa_från_edp;153;;MB Sprinter- externa tjänster;Okänd;;;KVAN;;MBSPRINTER;TIMT;MB Sprinter;1.00;MBSPRINTER | MB Sprinter- externa tjänster | KVAN | MB Sprinter | TIMT
EDP;5;Taxa_från_edp;154;;Metallskrot- rent;Okänd;;;KVAN;;METALLSKROT;VITO;Metallskrot- rent;1.00;METALLSKROT | Metallskrot- rent | KVAN | Metallskrot- rent | VITO
EDP;5;Taxa_från_edp;155;;Miljöfarligt avfall nivå , små/medel företag;Okänd;;;ÅRPR;;MF1;;Miljöfarligt avfall nivå 1;1.00;MF1 | Miljöfarligt avfall nivå , små/medel företag | ÅRPR | Miljöfarligt avfall nivå 1 | 
EDP;5;Taxa_från_edp;156;;Miljöfarligt avfall nivå 2, större företag;Okänd;;;ÅRPR;;MF2;;Miljöfarligt avfall nivå 2;1.00;MF2 | Miljöfarligt avfall nivå 2, större företag | ÅRPR | Miljöfarligt avfall nivå 2 | 
EDP;5;Taxa_från_edp;157;;Minireningsverk 0-3 m³, slam. Budning;Slam;Slam;;ÅRKV;;MRV03SLBUD;ANTB;Minireningsverk 0-3 m³, slam. Budning;1.00;MRV03SLBUD | Minireningsverk 0-3 m³, slam. Budning | ÅRKV | Minireningsverk 0-3 m³, slam. Budning | ANTB
EDP;5;Taxa_från_edp;158;;Minireningsverk 0-3 m³, slam. Ordinarie tur;Slam;Slam;;ÅRKV;;MRV03SLORD;ANTB;Minireningsverk 0-3 m³, slam. Ordinarie tur;1.00;MRV03SLORD | Minireningsverk 0-3 m³, slam. Ordinarie tur | ÅRKV | Minireningsverk 0-3 m³, slam. Ordinarie tur | ANTB
EDP;5;Taxa_från_edp;159;;Minireningsverk 3,1-6 m³, slam. Budning;Slam;Slam;;ÅRKV;;MRV36SLBUD;ANTB;Minireningsverk 3,1-6 m³, slam. Budning;1.00;MRV36SLBUD | Minireningsverk 3,1-6 m³, slam. Budning | ÅRKV | Minireningsverk 3,1-6 m³, slam. Budning | ANTB
EDP;5;Taxa_från_edp;160;;Minireningsverk 3,1-6 m³, slam. Ordinarie tur;Slam;Slam;;ÅRKV;;MRV36SLORD;ANTB;Minireningsverk 3,1-6 m³, slam. Ordinarie tur;1.00;MRV36SLORD | Minireningsverk 3,1-6 m³, slam. Ordinarie tur | ÅRKV | Minireningsverk 3,1-6 m³, slam. Ordinarie tur | ANTB
EDP;5;Taxa_från_edp;161;;Minireningsverk över 6 m³, slam. Budning;Slam;Slam;;ÅRKV;;MRVÖ6SLBUD;ANTB;Minireningsverk över 6 m³, slam. Budning;1.00;MRVÖ6SLBUD | Minireningsverk över 6 m³, slam. Budning | ÅRKV | Minireningsverk över 6 m³, slam. Budning | ANTB
EDP;5;Taxa_från_edp;162;;Minireningsverk över 6 m³, slam. Ordinarie tur;Slam;Slam;;ÅRKV;;MRVÖ6SLORD;ANTB;Minireningsverk över 6 m³, slam. Ordinarie tur;1.00;MRVÖ6SLORD | Minireningsverk över 6 m³, slam. Ordinarie tur | ÅRKV | Minireningsverk över 6 m³, slam. Ordinarie tur | ANTB
EDP;5;Taxa_från_edp;163;;Mottagarantjänstför okänt RFID;Okänd;;;ÅRKV;;NYRFID;0;Tvåfackskärl , rest/matavfall.;1.00;NYRFID | Mottagarantjänstför okänt RFID | ÅRKV | Tvåfackskärl , rest/matavfall. | 0
EDP;5;Taxa_från_edp;164;;Dummytaxa, ny tjänst via ändringsorder;Okänd;;;ÅRKV;;NYTJÄNST;ANTB;Dummytaxa, ny tjänst via ändringsorder;1.00;NYTJÄNST | Dummytaxa, ny tjänst via ändringsorder | ÅRKV | Dummytaxa, ny tjänst via ändringsorder | ANTB
EDP;5;Taxa_från_edp;165;;OBEBOTT AVLOPP;Okänd;;;ÅRPR;;OA;;Obebott, avlopp;1.00;OA | OBEBOTT AVLOPP | ÅRPR | Obebott, avlopp | 
EDP;5;Taxa_från_edp;166;;Omklassning av felsorterad container;Okänd;;;KVAN;;OMKLASS;ANTL;Omklassning av felsorterad container;1.00;OMKLASS | Omklassning av felsorterad container | KVAN | Omklassning av felsorterad container | ANTL
EDP;5;Taxa_från_edp;167;;Orderrad för trasigt kärl, byta/laga;Okänd;;;KVAN;;ORTRASIGTKÄRL;0;Orderrad för trasigt kärl, byta/laga;1.00;ORTRASIGTKÄRL | Orderrad för trasigt kärl, byta/laga | KVAN | Orderrad för trasigt kärl, byta/laga | 0
EDP;5;Taxa_från_edp;168;;OBEBOTT VATTEN;Okänd;;;ÅRPR;;OV;;Obebott, vatten;1.00;OV | OBEBOTT VATTEN | ÅRPR | Obebott, vatten | 
EDP;5;Taxa_från_edp;169;;OBEBOTT VA;Okänd;;;ÅRPR;;OVA;;Obebott, vatten och avlopp;1.00;OVA | OBEBOTT VA | ÅRPR | Obebott, vatten och avlopp | 
EDP;5;Taxa_från_edp;170;;Personal- externa tjänster;Okänd;;;KVAN;;PERSONAL;TIMT;Personal;1.00;PERSONAL | Personal- externa tjänster | KVAN | Personal | TIMT
EDP;5;Taxa_från_edp;171;;Personbil- externa tjänster;Okänd;;;KVAN;;PERSONBIL;TIMT;Personbil;1.00;PERSONBIL | Personbil- externa tjänster | KVAN | Personbil | TIMT
EDP;5;Taxa_från_edp;172;;Påminnelsavgift;Okänd;;;KVAN;;PÅMINN;;Påminnelsavgift;1.00;PÅMINN | Påminnelsavgift | KVAN | Påminnelsavgift | 
EDP;5;Taxa_från_edp;173;;660 L RESURSKÄRL;Okänd;;Behållarvolym;KVAN;;RES;ANTL;Tömning av resurskärl;1.00;RES | 660 L RESURSKÄRL | KVAN | Tömning av resurskärl | ANTL
EDP;5;Taxa_från_edp;174;;Restskuld;Okänd;;;KVAN;;RESTSKULD;;Restskuld;1.00;RESTSKULD | Restskuld | KVAN | Restskuld | 
EDP;5;Taxa_från_edp;175;;Renh, tillägg-avdrag;Okänd;;;KVAN;;RHTILLAV;;Renh, tillägg-avdrag;1.00;RHTILLAV | Renh, tillägg-avdrag | KVAN | Renh, tillägg-avdrag | 
EDP;5;Taxa_från_edp;176;;SAMLINGSKÄRL AMMARNÄS;Okänd;;;ÅRPR;;SAMAM;;Sophämtning samlingskärl;1.00;SAMAM | SAMLINGSKÄRL AMMARNÄS | ÅRPR | Sophämtning samlingskärl | 
EDP;5;Taxa_från_edp;177;;SAMLINGSKÄRL AMMARNÄS;Okänd;;;ÅRPR;;SAMAM;;Grundavgift;1.00;SAMAM | SAMLINGSKÄRL AMMARNÄS | ÅRPR | Grundavgift | 
EDP;5;Taxa_från_edp;178;;SAMLINGSKÄRL;Okänd;;;ÅRPR;;SAML;;Sophämtning samlingskärl;1.00;SAML | SAMLINGSKÄRL | ÅRPR | Sophämtning samlingskärl | 
EDP;5;Taxa_från_edp;179;;SAMLINGSKÄRL;Okänd;;;ÅRPR;;SAML;;Grundavgift;1.00;SAML | SAMLINGSKÄRL | ÅRPR | Grundavgift | 
EDP;5;Taxa_från_edp;180;;FRITIDSHUS BRÄSKAFORS;Okänd;;;ÅRPR;;SAMLB;;Sophämtning samlingskärl;1.00;SAMLB | FRITIDSHUS BRÄSKAFORS | ÅRPR | Sophämtning samlingskärl | 
EDP;5;Taxa_från_edp;181;;FRITIDSHUS BRÄSKAFORS;Okänd;;;ÅRPR;;SAMLB;;Grundavgift;1.00;SAMLB | FRITIDSHUS BRÄSKAFORS | ÅRPR | Grundavgift | 
EDP;5;Taxa_från_edp;182;;SAMLINGSKÄRL FRITIDSHUS;Okänd;;;ÅRPR;;SAMLF;;Sophämtning samlingskärl;1.00;SAMLF | SAMLINGSKÄRL FRITIDSHUS | ÅRPR | Sophämtning samlingskärl | 
EDP;5;Taxa_från_edp;183;;SAMLINGSKÄRL FRITIDSHUS;Okänd;;;ÅRPR;;SAMLF;;Grundavgift;1.00;SAMLF | SAMLINGSKÄRL FRITIDSHUS | ÅRPR | Grundavgift | 
EDP;5;Taxa_från_edp;184;;Slam, tillägg för akut tömning;Slam;Slam;;KVAN;;SLAKUT;ANTL;Tillägg för akut tömning;1.00;SLAKUT | Slam, tillägg för akut tömning | KVAN | Tillägg för akut tömning | ANTL
EDP;5;Taxa_från_edp;185;;SLAM;Slam;Slam;;KVAN;;SLAM;ANTL;Tömning av slambrunn;1.00;SLAM | SLAM | KVAN | Tömning av slambrunn | ANTL
EDP;5;Taxa_från_edp;186;;SLAM MER ÄN 3 kbm;Slam;Slam;;KVAN;;SLAM3;ANTL;Tömning av slambrunn;1.00;SLAM3 | SLAM MER ÄN 3 kbm | KVAN | Tömning av slambrunn | ANTL
EDP;5;Taxa_från_edp;187;;Slam3 dummy;Okänd;;;KVAN;;SLAM3D;ANTB;Slam >3 kbm;1.00;SLAM3D | Slam3 dummy | KVAN | Slam >3 kbm | ANTB
EDP;5;Taxa_från_edp;188;;Slam3 dummy;Okänd;;;KVAN;;SLAM3D;SLNG;Extra slang > 5 m;1.00;SLAM3D | Slam3 dummy | KVAN | Extra slang > 5 m | SLNG
EDP;5;Taxa_från_edp;189;;SLAMBRUNN ÖVER 6 KBM;Okänd;;;KVAN;;SLAM6;ANTL;Tömn av slambrunn över 6 kbm;1.00;SLAM6 | SLAMBRUNN ÖVER 6 KBM | KVAN | Tömn av slambrunn över 6 kbm | ANTL
EDP;5;Taxa_från_edp;190;;Slam6 dummy;Okänd;;;KVAN;;SLAM6D;ANTB;Slam >6 kbm;1.00;SLAM6D | Slam6 dummy | KVAN | Slam >6 kbm | ANTB
EDP;5;Taxa_från_edp;191;;Slam6 dummy;Okänd;;;KVAN;;SLAM6D;SLNG;Extra slang > 5 m;1.00;SLAM6D | Slam6 dummy | KVAN | Extra slang > 5 m | SLNG
EDP;5;Taxa_från_edp;192;;Slam dummy;Slam;Slam;;KVAN;;SLAMD;ANTB;Slam <3 kbm;1.00;SLAMD | Slam dummy | KVAN | Slam <3 kbm | ANTB
EDP;5;Taxa_från_edp;193;;Slam dummy;Slam;Slam;;KVAN;;SLAMD;SLNG;Extra slang > 5 m;1.00;SLAMD | Slam dummy | KVAN | Extra slang > 5 m | SLNG
EDP;5;Taxa_från_edp;194;;SLAM;Slam;Slam;;KVAN;;SlamInfo;ANTL;Tömning av slambrunn;1.00;SlamInfo | SLAM | KVAN | Tömning av slambrunn | ANTL
EDP;5;Taxa_från_edp;195;;SLAM;Slam;Slam;;KVAN;;SlamInfo;SLNG;Slanglängd;1.00;SlamInfo | SLAM | KVAN | Slanglängd | SLNG
EDP;5;Taxa_från_edp;196;;Rolba slamtunna- externa tjänster;Okänd;;;KVAN;;SLAMTUNNA;TIMT;Rolba slamtunna;1.00;SLAMTUNNA | Rolba slamtunna- externa tjänster | KVAN | Rolba slamtunna | TIMT
EDP;5;Taxa_från_edp;197;;Slam, tillägg för avropad/budad tömning;Slam;Slam;;KVAN;;SLAVROP;ANTL;Tillägg för avropad/budad tömning;1.00;SLAVROP | Slam, tillägg för avropad/budad tömning | KVAN | Tillägg för avropad/budad tömning | ANTL
EDP;5;Taxa_från_edp;198;;Slam, avgift avsteg från gällande abonnemang;Slam;Slam;;KVAN;;SLAVSTEG;ANTL;Avgift avsteg från gällande abonnemang;1.00;SLAVSTEG | Slam, avgift avsteg från gällande abonnemang | KVAN | Avgift avsteg från gällande abonnemang | ANTL
EDP;5;Taxa_från_edp;199;;Slam, framkörningsavgift;Slam;Slam;;KVAN;;SLFRAMKÖR;ANTL;Framkörningsavgift slam;1.00;SLFRAMKÖR | Slam, framkörningsavgift | KVAN | Framkörningsavgift slam | ANTL
EDP;5;Taxa_från_edp;200;;Avgift för ej uppfyllt meddelaransvar;Okänd;;;KVAN;;SLMEDDELANDE;ANTL;Avgift för ej uppfyllt meddelaransvar;1.00;SLMEDDELANDE | Avgift för ej uppfyllt meddelaransvar | KVAN | Avgift för ej uppfyllt meddelaransvar | ANTL
EDP;5;Taxa_från_edp;201;;Slam, tillägg för slangdragning;Slam;Slam;;KVAN;;SLSLANG;ANTL;Slam, tillägg för slangdragning;1.00;SLSLANG | Slam, tillägg för slangdragning | KVAN | Slam, tillägg för slangdragning | ANTL
EDP;5;Taxa_från_edp;202;;Slam, tillägg för slangdragning;Slam;Slam;;KVAN;;SLSLANGSTAT;SLNG;Slam, tillägg för slangdragning;1.00;SLSLANGSTAT | Slam, tillägg för slangdragning | KVAN | Slam, tillägg för slangdragning | SLNG
EDP;5;Taxa_från_edp;203;;Sluten tank 0-3 m³, slam. Budning;Slam;Slam;;ÅRKV;;SLT03SLBUD;ANTB;Sluten tank 0-3 m³, slam. Bud;1.00;SLT03SLBUD | Sluten tank 0-3 m³, slam. Budning | ÅRKV | Sluten tank 0-3 m³, slam. Bud | ANTB
EDP;5;Taxa_från_edp;204;;Sluten tank 0-3 m³, slam. Ordinarie tur;Slam;Slam;;ÅRKV;;SLT03SLORD;ANTB;Sluten tank 0-3 m³, slam. Ord;1.00;SLT03SLORD | Sluten tank 0-3 m³, slam. Ordinarie tur | ÅRKV | Sluten tank 0-3 m³, slam. Ord | ANTB
EDP;5;Taxa_från_edp;205;;Sluten tank 3,1-6 m³, slam. Budning;Slam;Slam;;ÅRKV;;SLT36SLBUD;ANTB;Sluten tank 3,1-6 m³, slam. Bud;1.00;SLT36SLBUD | Sluten tank 3,1-6 m³, slam. Budning | ÅRKV | Sluten tank 3,1-6 m³, slam. Bud | ANTB
EDP;5;Taxa_från_edp;206;;Sluten tank 3,1-6 m³, slam. Ordinarie tur;Slam;Slam;;ÅRKV;;SLT36SLORD;ANTB;Sluten tank 3,1-6 m³, slam. Ord;1.00;SLT36SLORD | Sluten tank 3,1-6 m³, slam. Ordinarie tur | ÅRKV | Sluten tank 3,1-6 m³, slam. Ord | ANTB
EDP;5;Taxa_från_edp;207;;Slam, tillägg timtid för tömning överstigande 1 timme;Slam;Slam;;KVAN;;SLTIMTID;TIMT;Tömning överstigande 1 timme;1.00;SLTIMTID | Slam, tillägg timtid för tömning överstigande 1 timme | KVAN | Tömning överstigande 1 timme | TIMT
EDP;5;Taxa_från_edp;208;;Tömning av toalettvagn eller liknande;Okänd;;;KVAN;;SLTOAVAGN;ANTL;Tömning av toalettvagn eller liknande;1.00;SLTOAVAGN | Tömning av toalettvagn eller liknande | KVAN | Tömning av toalettvagn eller liknande | ANTL
EDP;5;Taxa_från_edp;209;;Lyft av tungt brunnslock över 15 kg;Okänd;;;KVAN;;SLTUNGTLOCK;ANTL;Lyft av tungt brunnslock över 15 kg;1.00;SLTUNGTLOCK | Lyft av tungt brunnslock över 15 kg | KVAN | Lyft av tungt brunnslock över 15 kg | ANTL
EDP;5;Taxa_från_edp;210;;Sluten tank över 6 m³, slam. Budning;Slam;Slam;;ÅRKV;;SLTÖ6SLBUD;ANTB;Sluten tank över 6 m³, slam. Bud;1.00;SLTÖ6SLBUD | Sluten tank över 6 m³, slam. Budning | ÅRKV | Sluten tank över 6 m³, slam. Bud | ANTB
EDP;5;Taxa_från_edp;211;;Sluten tank över 6 m³, slam. Ordinarie tur;Slam;Slam;;ÅRKV;;SLTÖ6SLORD;ANTB;Sluten tank över 6 m³, slam. Ord;1.00;SLTÖ6SLORD | Sluten tank över 6 m³, slam. Ordinarie tur | ÅRKV | Sluten tank över 6 m³, slam. Ord | ANTB
EDP;5;Taxa_från_edp;212;;Material till sortering (Ej farligt avfall och elavfall);Okänd;Elavfall;;KVAN;;SORTERING;VITO;Material till sortering;1.00;SORTERING | Material till sortering (Ej farligt avfall och elavfall) | KVAN | Material till sortering | VITO
EDP;5;Taxa_från_edp;213;;Spolvagn- externa tjänster;Okänd;;;KVAN;;SPOLVAGN;TIMT;Spolvagn;1.00;SPOLVAGN | Spolvagn- externa tjänster | KVAN | Spolvagn | TIMT
EDP;5;Taxa_från_edp;214;;370 L KÄRL/14 DGR 2-DELAT PAPPER OCH PLAST;Okänd;Plast;Behållarvolym;ÅRKV;;TEST 370VV;ANTB;Kärl 370 L kärl test papper plast;1.00;TEST 370VV | 370 L KÄRL/14 DGR 2-DELAT PAPPER OCH PLAST | ÅRKV | Kärl 370 L kärl test papper plast | ANTB
EDP;5;Taxa_från_edp;215;;370 L KÄRL/14 DGR 2-DELAT PAPPER OCH PLAST;Okänd;Plast;Behållarvolym;KVAN;;TEST 370VV;VIKG;Kärl 370 L kärl test viktavgift papper plast;1.00;TEST 370VV | 370 L KÄRL/14 DGR 2-DELAT PAPPER OCH PLAST | KVAN | Kärl 370 L kärl test viktavgift papper plast | VIKG
EDP;5;Taxa_från_edp;216;;240L 2- delat kärl/4:e vecka metall, textil TEST;Okänd;Metall;Behållarvolym;ÅRKV;;TEST240METE13;ANTB;240 L kärl/4:e vecka metall textil TEST;1.00;TEST240METE13 | 240L 2- delat kärl/4:e vecka metall, textil TEST | ÅRKV | 240 L kärl/4:e vecka metall textil TEST | ANTB
EDP;5;Taxa_från_edp;217;;240L 2- delat kärl/4:e vecka metall, textil TEST;Okänd;Metall;Behållarvolym;KVAN;;TEST240METE13;VIKG;240 L kärl viktavgift metall textil TEST;1.00;TEST240METE13 | 240L 2- delat kärl/4:e vecka metall, textil TEST | KVAN | 240 L kärl viktavgift metall textil TEST | VIKG
EDP;5;Taxa_från_edp;218;;240 2-DELAT KÄRL/4:E VECKA FÄRGAT O OFÄRGAT GLAS TEST;Okänd;;;ÅRKV;;TEST240OFFG13;ANTB;240 l kärl/4 vecka test glas färgat ofärgata;1.00;TEST240OFFG13 | 240 2-DELAT KÄRL/4:E VECKA FÄRGAT O OFÄRGAT GLAS TEST | ÅRKV | 240 l kärl/4 vecka test glas färgat ofärgata | ANTB
EDP;5;Taxa_från_edp;219;;240 2-DELAT KÄRL/4:E VECKA FÄRGAT O OFÄRGAT GLAS TEST;Okänd;;;KVAN;;TEST240OFFG13;VIKG;240 l viktavgift färgat ofärgat test;1.00;TEST240OFFG13 | 240 2-DELAT KÄRL/4:E VECKA FÄRGAT O OFÄRGAT GLAS TEST | KVAN | 240 l viktavgift färgat ofärgat test | VIKG
EDP;5;Taxa_från_edp;220;;Kreditavdrag;Okänd;;;KRED;;TILLGODO;;Kreditavdrag;1.00;TILLGODO | Kreditavdrag | KRED | Kreditavdrag | 
EDP;5;Taxa_från_edp;221;;Träavfall- behandlat utan tapet, plastmatta, tjärpapp;Okänd;;;KVAN;;TRÄBEHANDL;VITO;Träavfall- behandlat;1.00;TRÄBEHANDL | Träavfall- behandlat utan tapet, plastmatta, tjärpapp | KVAN | Träavfall- behandlat | VITO
EDP;5;Taxa_från_edp;222;;Budning av trädgårdsavfall, pris per tillfälle;Okänd;;Tillfälle;KVAN;;TRÄDGÅRDBUD;ANTL;Budning av trädgårdsavfall, pris per tillfälle;1.00;TRÄDGÅRDBUD | Budning av trädgårdsavfall, pris per tillfälle | KVAN | Budning av trädgårdsavfall, pris per tillfälle | ANTL
EDP;5;Taxa_från_edp;223;;Träavfall- rent utan tapet, plastmatta, tjärpapp;Okänd;;;KVAN;;TRÄRENT;VITO;Träavfall- rent;1.00;TRÄRENT | Träavfall- rent utan tapet, plastmatta, tjärpapp | KVAN | Träavfall- rent | VITO
EDP;5;Taxa_från_edp;224;;Lyft av tung lock över 15 kilo slam;Slam;Slam;;KVAN;;Tungt lock;ANTL;Lyft av tungt brunnslock över 15 kg;1.00;Tungt lock | Lyft av tung lock över 15 kilo slam | KVAN | Lyft av tungt brunnslock över 15 kg | ANTL
EDP;5;Taxa_från_edp;225;;Underjordsbehållare 1,5 m³, glas färgat. Tjänsttaxa;Okänd;;;ÅRKV;;UJ1500GF;0;Underjordsbehållare 1,5 m³, glas färgat;1.00;UJ1500GF | Underjordsbehållare 1,5 m³, glas färgat. Tjänsttaxa | ÅRKV | Underjordsbehållare 1,5 m³, glas färgat | 0
EDP;5;Taxa_från_edp;226;;Tömning underjordsbehållare 1,5 m³, glasförp färgat;Okänd;;;KVAN;;UJ1500GFTÖM;ANTL;Tömning underjordsbehållare 1,5 m³, glasförp färgat;1.00;UJ1500GFTÖM | Tömning underjordsbehållare 1,5 m³, glasförp färgat | KVAN | Tömning underjordsbehållare 1,5 m³, glasförp färgat | ANTL
EDP;5;Taxa_från_edp;227;;Underjordsbehållare 1,5 m³, glas ofärgat. Tjänsttaxa;Okänd;;;ÅRKV;;UJ1500GO;0;Underjordsbehållare 1,5 m³, glas ofärgat;1.00;UJ1500GO | Underjordsbehållare 1,5 m³, glas ofärgat. Tjänsttaxa | ÅRKV | Underjordsbehållare 1,5 m³, glas ofärgat | 0
EDP;5;Taxa_från_edp;228;;Tömning underjordsbehållare 1,5 m³, glasförp ofärgat;Okänd;;;KVAN;;UJ1500GOTÖM;ANTL;Tömning underjordsbehållare 1,5 m³, glasförp ofärgat;1.00;UJ1500GOTÖM | Tömning underjordsbehållare 1,5 m³, glasförp ofärgat | KVAN | Tömning underjordsbehållare 1,5 m³, glasförp ofärgat | ANTL
EDP;5;Taxa_från_edp;229;;Underjordsbehållare 1,5 m³, metallförpackningar. Tjänsttaxa;Okänd;;;ÅRKV;;UJ1500ME;0;Underjordsbehållare 1,5 m³, metallförpackningar;1.00;UJ1500ME | Underjordsbehållare 1,5 m³, metallförpackningar. Tjänsttaxa | ÅRKV | Underjordsbehållare 1,5 m³, metallförpackningar | 0
EDP;5;Taxa_från_edp;230;;Tömning underjordsbehållare 1,5 m³, metallförpackningar;Okänd;;;KVAN;;UJ1500METÖM;ANTL;Tömning underjordsbehållare 1,5 m³, metallförpackningar;1.00;UJ1500METÖM | Tömning underjordsbehållare 1,5 m³, metallförpackningar | KVAN | Tömning underjordsbehållare 1,5 m³, metallförpackningar | ANTL
EDP;5;Taxa_från_edp;231;;Underjordsbehållare 1,5 m³, tidningar. Tjänsttaxa;Okänd;;;ÅRKV;;UJ1500TI;0;Underjordsbehållare 1,5 m³, tidningar;1.00;UJ1500TI | Underjordsbehållare 1,5 m³, tidningar. Tjänsttaxa | ÅRKV | Underjordsbehållare 1,5 m³, tidningar | 0
EDP;5;Taxa_från_edp;232;;Tömning underjordsbehållare 1,5 m³, tidningar;Okänd;;;KVAN;;UJ1500TITÖM;ANTL;Tömning underjordsbehållare 1,5 m³, tidningar;1.00;UJ1500TITÖM | Tömning underjordsbehållare 1,5 m³, tidningar | KVAN | Tömning underjordsbehållare 1,5 m³, tidningar | ANTL
EDP;5;Taxa_från_edp;233;;Underjordsbehållare 3,2 m³, plastförpackningar. Tjänsttaxa;Okänd;;;ÅRKV;;UJ3200PL;0;Underjordsbehållare 3,2 m³, plastförpackningar;1.00;UJ3200PL | Underjordsbehållare 3,2 m³, plastförpackningar. Tjänsttaxa | ÅRKV | Underjordsbehållare 3,2 m³, plastförpackningar | 0
EDP;5;Taxa_från_edp;234;;Tömning underjordsbehållare 3,2 m³, plastförpackningar;Okänd;;;KVAN;;UJ3200PLTÖM;ANTL;Tömning underjordsbehållare 3,2 m³, plastförpackningar;1.00;UJ3200PLTÖM | Tömning underjordsbehållare 3,2 m³, plastförpackningar | KVAN | Tömning underjordsbehållare 3,2 m³, plastförpackningar | ANTL
EDP;5;Taxa_från_edp;235;;Underjordsbehållare 3,2 m³, restavfall. Tjänsttaxa;Okänd;Restavfall;;ÅRKV;;UJ3200RE;0;Underjordsbehållare 3,2 m³, restavfall;1.00;UJ3200RE | Underjordsbehållare 3,2 m³, restavfall. Tjänsttaxa | ÅRKV | Underjordsbehållare 3,2 m³, restavfall | 0
EDP;5;Taxa_från_edp;236;;Tömning underjordsbehållare 3,2 m³, restavfall;Okänd;Restavfall;;KVAN;;UJ3200RETÖM;ANTL;Tömning underjordsbehållare 3,2 m³, restavfall;1.00;UJ3200RETÖM | Tömning underjordsbehållare 3,2 m³, restavfall | KVAN | Tömning underjordsbehållare 3,2 m³, restavfall | ANTL
EDP;5;Taxa_från_edp;237;;Underjordsbehållare 5 m³, pappersförpackningar. Tjänsttaxa;Okänd;;;ÅRKV;;UJ5000PA;0;Underjordsbehållare 5 m³, pappersförpackningar;1.00;UJ5000PA | Underjordsbehållare 5 m³, pappersförpackningar. Tjänsttaxa | ÅRKV | Underjordsbehållare 5 m³, pappersförpackningar | 0
EDP;5;Taxa_från_edp;238;;Tömning underjordsbehållare 5 m³, pappersförpackningar;Okänd;;;KVAN;;UJ5000PATÖM;ANTL;Tömning underjordsbehållare 5 m³, pappersförpackningar;1.00;UJ5000PATÖM | Tömning underjordsbehållare 5 m³, pappersförpackningar | KVAN | Tömning underjordsbehållare 5 m³, pappersförpackningar | ANTL
EDP;5;Taxa_från_edp;239;;Underjordsbehållare 5 m³, plastförpackningar. Tjänsttaxa;Okänd;;;ÅRKV;;UJ5000PL;0;Underjordsbehållare 5 m³, plastförpackningar;1.00;UJ5000PL | Underjordsbehållare 5 m³, plastförpackningar. Tjänsttaxa | ÅRKV | Underjordsbehållare 5 m³, plastförpackningar | 0
EDP;5;Taxa_från_edp;240;;Tömning underjordsbehållare 5 m³, plastförpackningar;Okänd;;;KVAN;;UJ5000PLTÖM;ANTL;Tömning underjordsbehållare 5 m³, plastförpackningar;1.00;UJ5000PLTÖM | Tömning underjordsbehållare 5 m³, plastförpackningar | KVAN | Tömning underjordsbehållare 5 m³, plastförpackningar | ANTL
EDP;5;Taxa_från_edp;241;;Underjordsbehållare 0,8 m³, matavfall. Tjänsttaxa;Okänd;Matavfall;;ÅRKV;;UJ800MA;0;Underjordsbehållare 0,8 m³, matavfall;1.00;UJ800MA | Underjordsbehållare 0,8 m³, matavfall. Tjänsttaxa | ÅRKV | Underjordsbehållare 0,8 m³, matavfall | 0
EDP;5;Taxa_från_edp;242;;Tömning underjordsbehållare 0,8 m³, matavfall;Okänd;Matavfall;;KVAN;;UJ800MATÖM;ANTL;Tömning underjordsbehållare 0,8 m³, matavfall;1.00;UJ800MATÖM | Tömning underjordsbehållare 0,8 m³, matavfall | KVAN | Tömning underjordsbehållare 0,8 m³, matavfall | ANTL
EDP;5;Taxa_från_edp;243;;Utedass;Okänd;;;ÅRKV;;UTEDASS;ANTL;Utedass;1.00;UTEDASS | Utedass | ÅRKV | Utedass | ANTL
EDP;5;Taxa_från_edp;244;;VATTEN BOSTADSHUS;Okänd;;;ÅRPR;;V;;Vatten bostadshus;1.00;V | VATTEN BOSTADSHUS | ÅRPR | Vatten bostadshus | 
EDP;5;Taxa_från_edp;245;;VA-AVGIFTER;Okänd;;;FÖRB;;VA;;Förbrukning;1.00;VA | VA-AVGIFTER | FÖRB | Förbrukning | 
EDP;5;Taxa_från_edp;246;;VA-AVGIFTER;Okänd;;;ÅRPR;;VA;;Grund och mätaravgift;1.00;VA | VA-AVGIFTER | ÅRPR | Grund och mätaravgift | 
EDP;5;Taxa_från_edp;247;;VA-ENDAST FÖRBRUKNING;Okänd;;;FÖRB;;VAF;;Förbrukning;1.00;VAF | VA-ENDAST FÖRBRUKNING | FÖRB | Förbrukning | 
EDP;5;Taxa_från_edp;248;;VA FRITIDSHUS PARHUS;Okänd;;;ÅRPR;;VAFP;;Vatten och avlopp;1.00;VAFP | VA FRITIDSHUS PARHUS | ÅRPR | Vatten och avlopp | 
EDP;5;Taxa_från_edp;249;;VA MAX 200 kvm;Okänd;;;ÅRPR;;VAK;;Vatten och avlopp;1.00;VAK | VA MAX 200 kvm | ÅRPR | Vatten och avlopp | 
EDP;5;Taxa_från_edp;250;;VA MER ÄN 200 kvm;Okänd;;;ÅRPR;;VAK2;;Vatten och avlopp;1.00;VAK2 | VA MER ÄN 200 kvm | ÅRPR | Vatten och avlopp | 
EDP;5;Taxa_från_edp;251;;VA MER ÄN 200 kvm;Okänd;;;ÅRKV;;VAK2;KVM;Extra avgift per 100kvm över 200kvm;1.00;VAK2 | VA MER ÄN 200 kvm | ÅRKV | Extra avgift per 100kvm över 200kvm | KVM
EDP;5;Taxa_från_edp;252;;VA HÖGST 2 LÄGENHETER;Okänd;;;ÅRPR;;VAL2;;Vatten och avlopp;1.00;VAL2 | VA HÖGST 2 LÄGENHETER | ÅRPR | Vatten och avlopp | 
EDP;5;Taxa_från_edp;253;;VA MER ÄN 2 LÄGENHETER;Okänd;;;ÅRKV;;VAL3;KBMV;Vatten och avlopp mer än 2 lgh;1.00;VAL3 | VA MER ÄN 2 LÄGENHETER | ÅRKV | Vatten och avlopp mer än 2 lgh | KBMV
EDP;5;Taxa_från_edp;254;;PERMANENTHUS, OBEBOTT LÄNGRE ÄN 3 MÅN;Okänd;;;ÅRPR;;VAOB;;Vatten avlopp obebott;1.00;VAOB | PERMANENTHUS, OBEBOTT LÄNGRE ÄN 3 MÅN | ÅRPR | Vatten avlopp obebott | 
EDP;5;Taxa_från_edp;255;;VA, OBEBYGGD FASTIGHET INOM DETALJLAGT OMRÅDE;Okänd;;;ÅRPR;;VAOBF;;VA inom detaljplan obebyggd;1.00;VAOBF | VA, OBEBYGGD FASTIGHET INOM DETALJLAGT OMRÅDE | ÅRPR | VA inom detaljplan obebyggd | 
EDP;5;Taxa_från_edp;256;;VA, tillägg-avdrag;Okänd;;;KVAN;;VATILLAV;;VA, tillägg-avdrag;1.00;VATILLAV | VA, tillägg-avdrag | KVAN | VA, tillägg-avdrag | 
EDP;5;Taxa_från_edp;257;;VA Permanentboende;Okänd;;;ÅRPR;;VAUM;;VA Fast avgift - permanentbo.;1.00;VAUM | VA Permanentboende | ÅRPR | VA Fast avgift - permanentbo. | 
EDP;5;Taxa_från_edp;258;;VA FRITIDSHUS CAMPING;Okänd;;;ÅRPR;;VAUMC;;Fast avgift camping;1.00;VAUMC | VA FRITIDSHUS CAMPING | ÅRPR | Fast avgift camping | 
EDP;5;Taxa_från_edp;259;;VA FRITIDSHUS CAMPING;Okänd;;;ÅRKV;;VAUMC;STUG;Extra för varje stuga;1.00;VAUMC | VA FRITIDSHUS CAMPING | ÅRKV | Extra för varje stuga | STUG
EDP;5;Taxa_från_edp;260;;VA FRITIDSHUS;Okänd;;;ÅRPR;;VAUMF;;Fast avgift va fritidshus;1.00;VAUMF | VA FRITIDSHUS | ÅRPR | Fast avgift va fritidshus | 
EDP;5;Taxa_från_edp;261;;VATTEN FRITIDSHUS;Okänd;;;ÅRPR;;VF;;Vatten fritidshus;1.00;VF | VATTEN FRITIDSHUS | ÅRPR | Vatten fritidshus | 
EDP;5;Taxa_från_edp;262;;Vikt, glasförpackningar färgat;Okänd;;;KVAN;;VIKTGF;VIKG;Vikt, glasförpackningar färgat;1.00;VIKTGF | Vikt, glasförpackningar färgat | KVAN | Vikt, glasförpackningar färgat | VIKG
EDP;5;Taxa_från_edp;263;;Vikt, glasförpackningar ofärgat;Okänd;;;KVAN;;VIKTGO;VIKG;Vikt, glasförpackningar ofärgat;1.00;VIKTGO | Vikt, glasförpackningar ofärgat | KVAN | Vikt, glasförpackningar ofärgat | VIKG
EDP;5;Taxa_från_edp;264;;Vikt, matavfall;Okänd;Matavfall;;KVAN;;VIKTMA;VIKG;Vikt, matavfall;1.00;VIKTMA | Vikt, matavfall | KVAN | Vikt, matavfall | VIKG
EDP;5;Taxa_från_edp;265;;Vikt hushållsavfall ma/rest;Okänd;;;KVAN;;VIKTMAREST;VIKG;Viktavgift hushållsavfall;1.00;VIKTMAREST | Vikt hushållsavfall ma/rest | KVAN | Viktavgift hushållsavfall | VIKG
EDP;5;Taxa_från_edp;266;;Tvåfackskärl 240 liter viktavgift;Okänd;;Behållarvolym;KVAN;;VIKTMAT;VIKG,MAX60;Viktavgift matavfall;1.00;VIKTMAT | Tvåfackskärl 240 liter viktavgift | KVAN | Viktavgift matavfall | VIKG,MAX60
EDP;5;Taxa_från_edp;267;;Tvåfackskärl 240 liter viktavgift;Okänd;;Behållarvolym;KVAN;;VIKTMAT;VIKG-60,MIN0;Vikt över 60 kg, matavfall;1.00;VIKTMAT | Tvåfackskärl 240 liter viktavgift | KVAN | Vikt över 60 kg, matavfall | VIKG-60,MIN0
EDP;5;Taxa_från_edp;268;;Vikt, metallförpackningar;Okänd;;;KVAN;;VIKTME;VIKG;Vikt, metallförpackningar;1.00;VIKTME | Vikt, metallförpackningar | KVAN | Vikt, metallförpackningar | VIKG
EDP;5;Taxa_från_edp;269;;Vikt, pappersförpackningar;Okänd;;;KVAN;;VIKTPA;VIKG;Vikt, pappersförpackningar;1.00;VIKTPA | Vikt, pappersförpackningar | KVAN | Vikt, pappersförpackningar | VIKG
EDP;5;Taxa_från_edp;270;;Vikt, plastförpackningar;Okänd;;;KVAN;;VIKTPL;VIKG;Vikt, plastförpackningar;1.00;VIKTPL | Vikt, plastförpackningar | KVAN | Vikt, plastförpackningar | VIKG
EDP;5;Taxa_från_edp;271;;Vikt, restavfall;Okänd;Restavfall;;KVAN;;VIKTRE;VIKG;Vikt, restavfall;1.00;VIKTRE | Vikt, restavfall | KVAN | Vikt, restavfall | VIKG
EDP;5;Taxa_från_edp;272;;Tvåfackskärl, viktavgift rest;Okänd;;;KVAN;;VIKTREST;VIKG,MAX60;Viktavgift restavfall;1.00;VIKTREST | Tvåfackskärl, viktavgift rest | KVAN | Viktavgift restavfall | VIKG,MAX60
EDP;5;Taxa_från_edp;273;;Tvåfackskärl, viktavgift rest;Okänd;;;KVAN;;VIKTREST;VIKG-60,MIN0;Vikt över 60 kg, restavfall;1.00;VIKTREST | Tvåfackskärl, viktavgift rest | KVAN | Vikt över 60 kg, restavfall | VIKG-60,MIN0
EDP;5;Taxa_från_edp;274;;Vikt, tidningar;Okänd;;;KVAN;;VIKTTI;VIKG;Vikt, tidningar;1.00;VIKTTI | Vikt, tidningar | KVAN | Vikt, tidningar | VIKG
EDP;5;Taxa_från_edp;275;;V, OBEBYGGD FASTIGHET;Okänd;;;ÅRPR;;VOBF;;Vatten obebygg. inom detaljp.;1.00;VOBF | V, OBEBYGGD FASTIGHET | ÅRPR | Vatten obebygg. inom detaljp. | 
EDP;5;Taxa_från_edp;276;;Volvo L60G- externa tjänster;Okänd;;;KVAN;;VOLVOL60G;TIMT;Volvo L60G;1.00;VOLVOL60G | Volvo L60G- externa tjänster | KVAN | Volvo L60G | TIMT
EDP;5;Taxa_från_edp;277;;Ändring på kund;Okänd;;;KVAN;;ÄNDRING;ANTL;Ändring på kund;1.00;ÄNDRING | Ändring på kund | KVAN | Ändring på kund | ANTL
DOCUMENTATION;80;Taxa_till_edp;1;;;;;;;;;;;0.50;intRecnum | strTaxekod | strTaxebenamning | strProdukt | strDelProdukt | bytDelradnr | strFaktor | strTaxedelAvser | strEntreprenorkod | strRenhDistrKod | curNuvarandePris | datNuvarandePrisDatum | bolPrisPerTomning | strAvvikandeFormel | bolPriserInklMoms | bytMomskod | strFormel
DOCUMENTATION;80;Taxa_Saknas;1;;;;;;;;;;;0.50;Källparagraf | Källpunkt | Rad i Taxepunkter | Wordtext | Status | Matchmetod | FöreslagenTaxekod | intRecnum | Taxepunkt | strTaxekod | strTaxebenamning | strProdukt | strDelProdukt | bytDelradnr | strFaktor | strTaxedelAvser | strEntreprenorkod | strRenhDistrKod | curNuvarandePris | datNuvarandePrisDatum | bolPrisPerTomning | strAvvikandeFormel | bolPriserInklMoms | bytMomskod | strFormel
DOCUMENTATION;80;Dokumentation_Taxepunkter;1;;;;;;;;;;;0.50;Kolumn | Rubrik | Typ | Källa/beroende | Formel/regel för en normalrad | Får ändras manuellt
DOCUMENTATION;80;Dokumentation_Taxepunkter;2;;;;;;;;;;;0.50;A | Paragraf | Manuell | Word | Anges utifrån paragraf i Word. | Ja
DOCUMENTATION;80;Dokumentation_Taxepunkter;3;;;;;;;;;;;0.50;B | Paragrafnamn | Manuell | Word | Anges utifrån rubrik i Word. | Ja
DOCUMENTATION;80;Dokumentation_Taxepunkter;4;;;;;;;;;;;0.50;C | Taxapunkt | Manuell | Word | Anges utifrån raden/tjänsten i Word. | Ja
DOCUMENTATION;80;Dokumentation_Taxepunkter;5;;;;;;;;;;;0.50;D | Variant | Manuell | Word | Anger t.ex. Hämtning varje vecka, Avgift per tömning, var 14:e dag. | Ja
DOCUMENTATION;80;Dokumentation_Taxepunkter;6;;;;;;;;;;;0.50;E | Enhet | Manuell | Word/bedömning | Anger debiteringsenhet, t.ex. st/år, st/tömning, kg. | Ja
DOCUMENTATION;80;Dokumentation_Taxepunkter;7;;;;;;;;;;;0.50;F | Taxakod | Manuell med dropdown | Taxa_från_edp | Endast bekräftad exakt strTaxekod från Taxa_från_edp. | Ja
DOCUMENTATION;80;Dokumentation_Taxepunkter;8;;;;;;;;;;;0.50;G | Föreslagen Taxa | Automatisk | Taxakod + Taxa_Saknas | Ja | Nej
DOCUMENTATION;80;Dokumentation_Taxepunkter;9;;;;;;;;;;;0.50;H | Taxabeskrivning | Automatisk | Taxa_från_edp[strTaxebenamning] | Slår upp Taxakod i Taxa_från_edp kolumn strTaxekod och returnerar strTaxebenamning. | Nej
DOCUMENTATION;80;Dokumentation_Taxepunkter;10;;;;;;;;;;;0.50;I | Faktor | Automatisk | Taxa_från_edp[strFaktor] | Slår upp Taxakod och returnerar strFaktor. | Nej
DOCUMENTATION;80;Dokumentation_Taxepunkter;11;;;;;;;;;;;0.50;J | Aktuellt pris (exkl m) | Automatisk | Taxa_från_edp[curNuvarandePris] | Slår upp Taxakod och returnerar aktuellt pris exkl. moms. Får aldrig redigeras manuellt. | Nej
DOCUMENTATION;80;Dokumentation_Taxepunkter;12;;;;;;;;;;;0.50;K | Föreslaget pris | Manuell/beräknad arbetskolumn | Projektdata/DH-prislista/bedömning | Används bara när Aktuellt pris saknas. DH-priser får endast användas för DH. | Ja
DOCUMENTATION;80;Dokumentation_Taxepunkter;13;;;;;;;;;;;0.50;L | Antal | Manuell | Taxevolym/bedömning | Anges vid behov för intäktsberäkning. | Ja
DOCUMENTATION;80;Dokumentation_Taxepunkter;14;;;;;;;;;;;0.50;M | Pris kr (inkl.) | Automatisk | J eller K + moms | Nej
DOCUMENTATION;80;Dokumentation_Taxepunkter;15;;;;;;;;;;;0.50;N | Intäkt (kr) exkl | Automatisk | J/K och L | Nej
DOCUMENTATION;80;Dokumentation_Taxepunkter;17;;;;;;;;;;;0.50;Beroende | Beskrivning
DOCUMENTATION;80;Dokumentation_Taxepunkter;18;;;;;;;;;;;0.50;F påverkar G/H/I/J | Taxakod styr föreslagen taxa, taxabeskrivning, faktor och aktuellt pris.
DOCUMENTATION;80;Dokumentation_Taxepunkter;19;;;;;;;;;;;0.50;G hämtar från Taxa_Saknas | Om Taxakod saknas används intRecnum/radnummer för att hämta föreslagen taxa.
DOCUMENTATION;80;Dokumentation_Taxepunkter;20;;;;;;;;;;;0.50;J är låst principmässigt | Aktuellt pris är alltid EDP-pris och får inte ändras manuellt.
DOCUMENTATION;80;Dokumentation_Taxepunkter;21;;;;;;;;;;;0.50;K är arbetspris | Föreslaget pris används endast som arbetsunderlag när J saknas.
DOCUMENTATION;80;Dokumentation_Taxepunkter;22;;;;;;;;;;;0.50;Radtyp | Kännetecken | Format | Regel | Exempel | Får ändras manuellt
DOCUMENTATION;80;Dokumentation_Taxepunkter;23;;;;;;;;;;;0.50;Underrubrik | Endast kolumn A har text, B:E är tomma | A:E sammanslaget, enfärgad ljusblå rad | Används för avsnittsrubriker | §2.1 Grundavgift | Nej
DOCUMENTATION;80;Dokumentation_Taxepunkter;24;;;;;;;;;;;0.50;Taxerad | A:E innehåller uppdelade fält | A:E ej sammanslaget, vit bakgrund | Används för faktiska taxepunkter | §2.1 | Grundavgift | En- och tvåbostadshus | st/år | Ja
DOCUMENTATION;80;Färgstandard;1;;;;;;;;;;;0.50;Färgtyp | Hex | Användning | Exempel
DOCUMENTATION;80;Färgstandard;2;;;;;;;;;;;0.50;Rubrik | #1F4E78 | Tabellrubriker och huvudrubriker | Rad 1/5 i arbets- och dokumentationsflikar
DOCUMENTATION;80;Färgstandard;3;;;;;;;;;;;0.50;Manuell inmatning | #FFF2CC | Fält som får fyllas manuellt | Taxepunkter A–F, L samt Taxa_Saknas arbetskolumner
DOCUMENTATION;80;Färgstandard;4;;;;;;;;;;;0.50;Automatisk uppslagning | #DDEBF7 | Formler och uppslag mot Taxa_från_edp | Taxepunkter H–J
DOCUMENTATION;80;Färgstandard;5;;;;;;;;;;;0.50;Förslag | #FCE4D6 | Föreslagna taxekoder och arbetspris | Taxepunkter G och K, Taxa_Saknas FöreslagenTaxekod
DOCUMENTATION;80;Färgstandard;6;;;;;;;;;;;0.50;Beräkning | #E2F0D9 | Beräknade värden | Taxepunkter M–N
DOCUMENTATION;80;Färgstandard;7;;;;;;;;;;;0.50;Kontroll krävs | #F4CCCC | Fel, saknad match eller manuellt beslut | Kontrollrapport och statusrader
DOCUMENTATION;80;Färgstandard;8;;;;;;;;;;;0.50;Dokumentation | #E7E6E6 | Regel- och dokumentationsflikar | Projektregler, Arbetsflöde, Dokumentation_*
DOCUMENTATION;80;Färgstandard;9;;;;;;;;;;;0.50;Import/referens | #D9EAD3 | Importerade eller externa källflikar | Taxa_från_edp, Källa_Prislista_DH
DOCUMENTATION;80;Färgstandard;11;;;;;;;;;;;0.50;Border-standard | Värde | Användning | Kommentar
DOCUMENTATION;80;Färgstandard;12;;;;;;;;;;;0.50;Rutnätslinjer | #D9D9D9 | Alla celler i använda tabellområden | Tunn ljusgrå kant runt varje cell, både inne i och runt tabellen.
DOCUMENTATION;80;Färgstandard;13;;;;;;;;;;;0.50;Ytterkant | #7F7F7F | Runt hela tabellområden | Tunn mörkare grå kant runt tabellens ytterkant.
DOCUMENTATION;80;Färgstandard;14;;;;;;;;;;;0.50;Rubrikrad | #7F7F7F | Rubrikrader | Rubrikrad får mörkblå fyllning och konsekvent rutnät.
DOCUMENTATION;80;Färgstandard;15;;;;;;;;;;;0.50;Underrubrik i Taxepunkter | #BDD7EE | Rader där A har paragraf+text och B:E är tomma | A:E sammanslaget, hela raden färgad och samma rutnät.
DOCUMENTATION;80;Dokumentation_Taxa_Saknas;1;;;;;;;;;;;0.50;Kolumn | Rubrik | Typ | Källa/beroende | Regel/användning | Får ändras manuellt
DOCUMENTATION;80;Dokumentation_Taxa_Saknas;2;;;;;;;;;;;0.50;A | Källparagraf | Arbetskolumn | Word/Taxepunkter | Paragraf där raden hör hemma. | Ja
DOCUMENTATION;80;Dokumentation_Taxa_Saknas;3;;;;;;;;;;;0.50;B | Källpunkt | Arbetskolumn | Granskningslista | Punktnummer i löpande Word-Excel-kontroll om tillgängligt. | Ja
DOCUMENTATION;80;Dokumentation_Taxa_Saknas;4;;;;;;;;;;;0.50;C | Rad i Taxepunkter | Arbetskolumn | Taxepunkter | Radnummer i Taxepunkter för felsökning. | Ja
DOCUMENTATION;80;Dokumentation_Taxa_Saknas;5;;;;;;;;;;;0.50;D | Wordtext | Arbetskolumn | Word | Kort beskrivning av texten/raden i Word. | Ja
DOCUMENTATION;80;Dokumentation_Taxa_Saknas;6;;;;;;;;;;;0.50;E | Status | Arbetskolumn | Projektet | Saknas i EDP, osäker, åtgärdad, etc. | Ja
DOCUMENTATION;80;Dokumentation_Taxa_Saknas;7;;;;;;;;;;;0.50;F | Matchmetod | Arbetskolumn | Projektet | Hur förslaget togs fram: strTaxebenamning, strTaxedelAvser, kodregel, etc. | Ja
DOCUMENTATION;80;Dokumentation_Taxa_Saknas;8;;;;;;;;;;;0.50;G | FöreslagenTaxekod | Förslag | Taxekod_Tolkning/projektregler | Taxekod som föreslås om ingen bekräftad EDP-kod finns. | Ja
DOCUMENTATION;80;Dokumentation_Taxa_Saknas;9;;;;;;;;;;;0.50;H | intRecnum | Arbetsnyckel | Taxepunkter | Ska vara radnumret i Taxepunkter, inte EDP:s intRecnum. | Ja
DOCUMENTATION;80;Dokumentation_Taxa_Saknas;10;;;;;;;;;;;0.50;I | Taxepunkt | Arbetskolumn | Taxepunkter | Paragrafnamn / Taxapunkt. | Ja
DOCUMENTATION;80;Dokumentation_Taxa_Saknas;11;;;;;;;;;;;0.50;J:Y | EDP-kolumner | Importstruktur | Taxa_från_edp | Samma struktur som Taxa_från_edp för att kunna skapa/importera nya taxor. | Ja, men följ EDP-format
DOCUMENTATION;80;Dokumentation_Taxa_Saknas;13;;;;;;;;;;;0.50;Automationsmall | Rad 72:200 | Typ | Källa/beroende | Regel/användning | Får ändras manuellt
DOCUMENTATION;80;Dokumentation_Taxa_Saknas;14;;;;;;;;;;;0.50;Input 1 | Rad i Taxepunkter | Manuell | Taxepunkter | Fyll kolumn C med radnummer från Taxepunkter. | Ja
DOCUMENTATION;80;Dokumentation_Taxa_Saknas;15;;;;;;;;;;;0.50;Input 2 | FöreslagenTaxekod | Manuell | Kodregler | Fyll kolumn G med föreslagen taxekod. | Ja
DOCUMENTATION;80;Dokumentation_Taxa_Saknas;16;;;;;;;;;;;0.50;Automatiskt | Övriga fält | Formler | Taxepunkter + standardvärden | Kolumner A, D:F, H:Y fylls automatiskt utifrån C och G. | Nej/vid behov
DOCUMENTATION;80;Dokumentation_Taxa_från_edp;1;;;;;;;;;;;0.50;Kolumn | Rubrik | Användning i projektet | Regel
DOCUMENTATION;80;Dokumentation_Taxa_från_edp;2;;;;;;;;;;;0.50;A | intRecnum | EDP:s interna rad-ID | Läses som källdata men används inte som nyckel i Taxa_Saknas.
DOCUMENTATION;80;Dokumentation_Taxa_från_edp;3;;;;;;;;;;;0.50;B | strTaxekod | Primär nyckel för bekräftade taxor | Taxakod i Taxepunkter måste vara exakt värdet härifrån.
DOCUMENTATION;80;Dokumentation_Taxa_från_edp;4;;;;;;;;;;;0.50;C | strTaxebenamning | Matchning och dokumentation | Kontrolleras alltid innan nya taxor föreslås.
DOCUMENTATION;80;Dokumentation_Taxa_från_edp;5;;;;;;;;;;;0.50;D | strProdukt | EDP-produkt | Behålls vid förslag i Taxa_Saknas där möjligt.
DOCUMENTATION;80;Dokumentation_Taxa_från_edp;6;;;;;;;;;;;0.50;E | strDelProdukt | EDP-delprodukt | Används för kategori, t.ex. HUSH, ÅVC, SLAM.
DOCUMENTATION;80;Dokumentation_Taxa_från_edp;7;;;;;;;;;;;0.50;F | bytDelradnr | Delrad i EDP-taxa | Nya föreslagna taxor får ofta 1 om endast en grundrad skapas.
DOCUMENTATION;80;Dokumentation_Taxa_från_edp;8;;;;;;;;;;;0.50;G | strFaktor | Faktor/beräkningsgrund | Tolkning hämtas från Källa_Kvantitetskoder och Taxekod_Tolkning.
DOCUMENTATION;80;Dokumentation_Taxa_från_edp;9;;;;;;;;;;;0.50;H | strTaxedelAvser | Viktig matchningskolumn | Används före frågor ställs. Ofta tydligast för vad delraden avser.
DOCUMENTATION;80;Dokumentation_Taxa_från_edp;10;;;;;;;;;;;0.50;K | curNuvarandePris | Aktuellt pris exkl. moms | Enda källa till Aktuellt pris i Taxepunkter. Får inte ändras manuellt.
DOCUMENTATION;80;Dokumentation_Taxa_från_edp;11;;;;;;;;;;;0.50;Q | strFormel | Beräkningsformel/faktor | Används för att förstå enhet och beräkning, t.ex. ANTB, VIKG, DR10.
