Source;Source ID;Tax code;Standard tax code;Category;Waste type;Service type;Container type;Container volume liter;Interval;Property type;Unit type;Factor hint;Confidence;Source text
WORD;WORD:1;;;Hushåll;Restavfall;;Kärl;240;;;Behållarvolym;VOLYM/BEHÅLLARE;1.00;2.2.1 kärl 240 l (mat-/restavfall) kärl 240 kärl mat-restavfall
WORD;WORD:2;;;Hushåll;Restavfall;Extra;Kärl;190;;;Behållarvolym;VOLYM/BEHÅLLARE;1.00;2.2.1 extrakärl 190 l (restavfall) 190 extrakärl restavfall
WORD;WORD:3;;;Hushåll;Restavfall;;Kärl;240;;;Behållarvolym;VOLYM/BEHÅLLARE;1.00;2.2.2 kärl 240 l (mat-/restavfall) kärl 240 kärl mat-restavfall
WORD;WORD:4;;;Hushåll;Restavfall;Extra;Kärl;190;;;Behållarvolym;VOLYM/BEHÅLLARE;1.00;2.2.2 extrakärl 190 l (restavfall) 190 extrakärl restavfall
WORD;WORD:5;;;Hushåll;Restavfall;;;;;;;;0.75;2.2.3 gemensam uppsamlingsplats för mat-/restavfall gemensam mat-restavfall uppsamlingsplats
WORD;WORD:6;;;Hushåll;;Extra;;;;;;;0.50;2.2.3 extra digital licens (årskostnad) digital extra licens årskostnad
WORD;WORD:7;;;Hushåll;;;;;;;;;0.50;2.2.3 fysisk nyckel, kallad fob (engångskostnad) engångskostnad fob fysisk kallad nyckel
WORD;WORD:8;;;Hushåll;;Byte;;;;;;;0.50;2.2.3 byte av telefonnummer kopplat till licens byte kopplat licens telefonnummer
WORD;WORD:9;;;Hushåll;;Abonnemang;;;;;;;0.50;2.2.3 kostnad för öppning av behållare behållare kostnad öppning
WORD;WORD:10;;;Hushåll;Restavfall;;Kärl;240;;;Behållarvolym;VOLYM/BEHÅLLARE;1.00;2.2.4 kärl 240 l (mat-/restavfall) kärl 240 kärl mat-restavfall
WORD;WORD:11;;;Hushåll;Restavfall;;Kärl;370;;;Behållarvolym;VOLYM/BEHÅLLARE;1.00;2.2.4 kärl 370 l (restavfall) kärl 370 kärl restavfall
WORD;WORD:12;;;Hushåll;Restavfall;;Kärl;660;;;Behållarvolym;VOLYM/BEHÅLLARE;1.00;2.2.4 kärl 660 l (restavfall) kärl 660 kärl restavfall
WORD;WORD:13;;;Hushåll;Matavfall;;Kärl;140;;;Behållarvolym;VOLYM/BEHÅLLARE;1.00;2.2.4 kärl 140 l (matavfall) kärl 140 kärl matavfall
WORD;WORD:14;;;Hushåll;Förpackningar;Abonnemang;Kärl;190;;;Behållarvolym;VOLYM/BEHÅLLARE;1.00;2.2.4 kärl 190 l (förpackningar) kärl 190 förpackningar kärl
WORD;WORD:15;;;Hushåll;Förpackningar;Abonnemang;Kärl;370;;;Behållarvolym;VOLYM/BEHÅLLARE;1.00;2.2.4 kärl 370 l (förpackningar) kärl 370 förpackningar kärl
WORD;WORD:16;;;Hushåll;Förpackningar;Abonnemang;Kärl;660;;;Behållarvolym;VOLYM/BEHÅLLARE;1.00;2.2.4 kärl 660 l (förpackningar) kärl 660 förpackningar kärl
WORD;WORD:17;;;Hushåll;;Abonnemang;Kärl;190;;;Behållarvolym;VOLYM/BEHÅLLARE;0.75;2.2.4 kärl 190 l (tidningar och returpapper) kärl 190 kärl returpapper tidningar
WORD;WORD:18;;;Hushåll;;Abonnemang;Kärl;370;;;Behållarvolym;VOLYM/BEHÅLLARE;0.75;2.2.4 kärl 370 l (tidningar och returpapper) kärl 370 kärl returpapper tidningar
WORD;WORD:19;;;Hushåll;Restavfall;Abonnemang;;;;;;;0.75;2.2.4 (mat-/restavfall, förpackningar) förpackningar mat-restavfall
WORD;WORD:20;;;Hushåll;Restavfall;;Kärl;240;;;Behållarvolym;VOLYM/BEHÅLLARE;1.00;2.2.5 kärl 240 l (mat-/restavfall) kärl 240 kärl mat-restavfall
WORD;WORD:21;;;Hushåll;Restavfall;;Kärl;370;;;Behållarvolym;VOLYM/BEHÅLLARE;1.00;2.2.5 kärl 370 l (restavfall) kärl 370 kärl restavfall
WORD;WORD:22;;;Hushåll;Restavfall;;Kärl;660;;;Behållarvolym;VOLYM/BEHÅLLARE;1.00;2.2.5 kärl 660 l (restavfall) kärl 660 kärl restavfall
WORD;WORD:23;;;Hushåll;Matavfall;;Kärl;140;;;Behållarvolym;VOLYM/BEHÅLLARE;1.00;2.2.5 kärl 140 l (matavfall) kärl 140 kärl matavfall
WORD;WORD:24;;;Hushåll;Restavfall;Abonnemang;;;;;;;0.75;2.2.5 bottentömmande behållare (mat-/restavfall) behållare bottentömmande mat-restavfall
WORD;WORD:25;;;Hushåll;Restavfall;Abonnemang;;;;;;;0.75;2.2.5 lastväxlarflak (restavfall) lastväxlarflak restavfall
WORD;WORD:26;;;Hushåll;Restavfall;;Kärl;240;;;Behållarvolym;VOLYM/BEHÅLLARE;1.00;2.2.6 kärl 240 l (mat-/restavfall) kärl 240 kärl mat-restavfall
WORD;WORD:27;;;Hushåll;Restavfall;;Kärl;370;;;Behållarvolym;VOLYM/BEHÅLLARE;1.00;2.2.6 kärl 370 l (restavfall) kärl 370 kärl restavfall
WORD;WORD:28;;;Hushåll;Restavfall;;Kärl;660;;;Behållarvolym;VOLYM/BEHÅLLARE;1.00;2.2.6 kärl 660 l (restavfall) kärl 660 kärl restavfall
WORD;WORD:29;;;Hushåll;Matavfall;;Kärl;140;;;Behållarvolym;VOLYM/BEHÅLLARE;1.00;2.2.6 kärl 140 l (matavfall) kärl 140 kärl matavfall
WORD;WORD:30;;;Hushåll;Restavfall;Abonnemang;;;;;;;0.75;2.2.6 bottentömmande behållare (mat-/restavfall) behållare bottentömmande mat-restavfall
WORD;WORD:31;;;Hushåll;Restavfall;Abonnemang;;;;;;;0.75;2.2.6 lastväxlarflak (restavfall) lastväxlarflak restavfall
WORD;WORD:32;;;Hushåll;;;Kärl;140;;;Behållarvolym;VOLYM/BEHÅLLARE;0.75;2.2.7 kärl 140 l (kontors-/returpapper) kärl 140 kontors-kärl returpapper
WORD;WORD:33;;;Hushåll;;;;;;;;;0.50;2.2.7 egen överlämning av förbrukat kontors-/returpapper enligt anvisning anvisning egen enligt förbrukat kontors-returpapper överlämning
WORD;WORD:34;;;Hushåll;;;;;;;;;0.50;2.2.7 egen överlämning av förbrukat matfett enligt anvisning anvisning egen enligt förbrukat matfett överlämning
WORD;WORD:35;;;Hushåll;Matavfall;;;;;;;;0.75;2.3 viktavgift matavfall matavfall viktavgift
WORD;WORD:36;;;Hushåll;Restavfall;;;;;;;;0.75;2.3 viktavgift restavfall restavfall viktavgift
WORD;WORD:37;;;Hushåll;;;Kärl;;;;;;0.50;2.3 lyftavgift kärl kärl kärl lyftavgift
WORD;WORD:38;;;Hushåll;;;;;;;;;0.50;2.4.1 fakturavgift fakturavgift
WORD;WORD:39;;;Hushåll;Matavfall;;Kärl;240;;;Vikt;VIKG;1.00;2.4.2 delat kärl 240 l matavfall 40 kg kilogram 240 delat kilogram kärl matavfall
WORD;WORD:40;;;Hushåll;Restavfall;;Kärl;240;;;Vikt;VIKG;1.00;2.4.2 delat kärl 240 l restavfall 40 kg kilogram 240 delat kilogram kärl restavfall
WORD;WORD:41;;;Hushåll;Matavfall;Extra;Kärl;140;;;Vikt;VIKG;1.00;2.4.2 extra kärl 140 l matavfall 60 kg kilogram 140 extra kilogram kärl matavfall
WORD;WORD:42;;;Hushåll;Restavfall;Extra;Kärl;190;;;Vikt;VIKG;1.00;2.4.2 extra kärl 140-190 l restavfall 60 kg kilogram 140-190 extra kilogram kärl restavfall
WORD;WORD:43;;;Hushåll;Restavfall;;Kärl;370;;;Vikt;VIKG;1.00;2.4.2 kärl 370 l restavfall 60 kg kilogram 370 kilogram kärl restavfall
WORD;WORD:44;;;Hushåll;Restavfall;;Kärl;660;;;Vikt;VIKG;1.00;2.4.2 kärl 660 l restavfall 100 kg kilogram 100 660 kilogram kärl restavfall
WORD;WORD:45;;;Hushåll;;;Kärl;;;;;;0.50;2.4.3 överfullt kärl kärl kärl överfullt
WORD;WORD:46;;;Hushåll;;Abonnemang;;;;;;;0.50;2.4.3 överfull bottentömmande behållare behållare bottentömmande överfull
WORD;WORD:47;;;Hushåll;;Byte;Kärl;;;;;;0.50;2.4.4 byte av trasigt kärl vid oaktsamhet kärl byte kärl oaktsamhet trasigt vid
WORD;WORD:48;;;Hushåll;;Byte;Kärl;240;;;Behållarvolym;VOLYM/BEHÅLLARE;0.75;2.4.5 byte/återtag av kärl en (1) ggr/år 140-240 liter liter 140-240 byte ggr kärl liter återtag
WORD;WORD:49;;;Hushåll;;Byte;Kärl;660;;;Behållarvolym;VOLYM/BEHÅLLARE;0.75;2.4.5 byte/återtag av kärl en (1) ggr/år 370-660 liter liter 370-660 byte ggr kärl liter återtag
WORD;WORD:50;;;Hushåll;;Byte;Kärl;;;;;;0.50;2.4.5 ytterligare byte av kärl under kalenderåret kärl byte kalenderåret kärl under ytterligare
WORD;WORD:51;;;Hushåll;;;Kärl;;;;;;0.50;2.4.6 kärl kärl kärl
WORD;WORD:52;;;Hushåll;;Abonnemang;;;;;;;0.50;2.4.6 bottentömmande behållare behållare bottentömmande
WORD;WORD:53;;;Hushåll;;;Kärl;660;;;Behållarvolym;VOLYM/BEHÅLLARE;0.75;2.4.7 kärl 140-660 l 1, 5-10 kärl 140-660 5-10 kärl
WORD;WORD:54;;;Hushåll;;;Kärl;660;;;Behållarvolym;VOLYM/BEHÅLLARE;0.75;2.4.7 kärl 140-660 l 10-20 kärl 10-20 140-660 kärl
WORD;WORD:55;;;Hushåll;;;Kärl;660;;;Behållarvolym;VOLYM/BEHÅLLARE;0.75;2.4.7 kärl 140-660 l 20-30 kärl 140-660 20-30 kärl
WORD;WORD:56;;;Hushåll;;;;;;;;;0.50;2.4.7 avfallsport/dörr avfallsport dörr
WORD;WORD:57;;;Hushåll;;;;;;;;;0.50;2.4.7 låst dörr, med kod dörr kod låst
WORD;WORD:58;;;Hushåll;Matavfall;;Kärl;140;;;Behållarvolym;VOLYM/BEHÅLLARE;1.00;2.4.8 kärl 140 l matavfall kärl 140 kärl matavfall
WORD;WORD:59;;;Hushåll;Restavfall;;Kärl;190;;;Behållarvolym;VOLYM/BEHÅLLARE;1.00;2.4.8 kärl 190 l restavfall kärl 190 kärl restavfall
WORD;WORD:60;;;Hushåll;Restavfall;;Kärl;370;;;Behållarvolym;VOLYM/BEHÅLLARE;1.00;2.4.8 kärl 370 l restavfall kärl 370 kärl restavfall
WORD;WORD:61;;;Hushåll;Restavfall;;Kärl;660;;;Behållarvolym;VOLYM/BEHÅLLARE;1.00;2.4.8 kärl 660 l restavfall kärl 660 kärl restavfall
WORD;WORD:62;;;Hushåll;;Abonnemang;;;;;;;0.50;2.4.8 bottentömmande behållare behållare bottentömmande
WORD;WORD:63;;;Hushåll;;;;;;;;;0.50;2.4.9 sidlastande fordon fordon sidlastande
WORD;WORD:64;;;Hushåll;;;;;;;;;0.50;2.4.9 bottentömmande fordon bottentömmande fordon
WORD;WORD:65;;;Hushåll;;Hämtning/tömning;;;;;;;0.50;2.4.9 tömningsavgift per behållare behållare tömningsavgift
WORD;WORD:66;;;Hushåll;;;Säck;;;;;;0.50;2.4.10 betalsäck betalsäck
WORD;WORD:67;;;Hushåll;;;Säck;;;;;;0.50;2.4.10 akutsäck akutsäck
WORD;WORD:68;;;Hushåll;;Abonnemang;;;;;Behållarvolym;VOLYM/BEHÅLLARE;0.75;2.4.11 matavfallspåsar 9 l matavfallspåsar
WORD;WORD:69;;;Hushåll;;Abonnemang;;22;;;Behållarvolym;VOLYM/BEHÅLLARE;0.75;2.4.11 matavfallspåsar 22 l matavfallspåsar
WORD;WORD:70;;;Hushåll;;;Kärl;;;;;;0.50;2.4.11 gravitationslås till kärl kärl gravitationslås kärl
WORD;WORD:71;;;Hushåll;;Extra;;;;;;;0.50;2.4.11 extra nyckel till gravitationslås extra gravitationslås nyckel
WORD;WORD:72;;;Hushåll;;;;;;;;;0.50;2.5.1 kommunalt avfall avfall kommunalt
WORD;WORD:73;;;Hushåll;Farligt avfall;Abonnemang;;;;;;;0.75;2.5.1 farligt avfall (ej uppmärkt) avfall farligt uppmärkt
WORD;WORD:74;;;Hushåll;Farligt avfall;Abonnemang;;;;;;;0.75;2.5.1 farligt avfall (uppmärkt) avfall farligt uppmärkt
WORD;WORD:75;;;Hushåll;;;;;;;;;0.50;2.5.1 avisering av ankomst ankomst avisering
WORD;WORD:76;;;Flerbostad/verksamhet;;;;3m3;;;Volym;VOLM;0.75;3.1 upp till 3 m3 m³ upp
WORD;WORD:77;;;Flerbostad/verksamhet;;;;3m3;;;Volym;VOLM;0.75;3.1 mellan 3 m3 och 6 m3 m³ mellan
WORD;WORD:78;;;Flerbostad/verksamhet;;;;6m3;;;Volym;VOLM;0.75;3.1 mellan 6 m3 och 9 m3 m³ mellan
WORD;WORD:79;;;Flerbostad/verksamhet;;;;9m3;;;Volym;VOLM;0.75;3.1 tillägg per m3 över 9 m3 m³ tillägg över
WORD;WORD:80;;;Flerbostad/verksamhet;;;Brunn;3m3;;;Volym;VOLM;0.75;3.1 bad-, disk-och tvättbrunn upp till 3 m3 m³ bad-disk-och tvättbrunn upp
WORD;WORD:81;;;Flerbostad/verksamhet;;;;3m3;;;Volym;VOLM;0.75;3.1 tillägg per m3 över 3 m3 m³ tillägg över
WORD;WORD:82;;;Flerbostad/verksamhet;;Extra;;;;;;;0.50;3.2 dragning av extra slang vid 5-25 m 5-25 dragning extra slang vid
WORD;WORD:83;;;Flerbostad/verksamhet;;Extra;;;;;;;0.50;3.2 dragning av extra slang vid 25-35 m 25-35 dragning extra slang vid
WORD;WORD:84;;;Flerbostad/verksamhet;;Extra;;;;;;;0.50;3.2 dragning av extra slang vid 36-45 m 36-45 dragning extra slang vid
WORD;WORD:85;;;Flerbostad/verksamhet;;Extra;;;;;;;0.50;3.2 dragning av extra slang vid 46-55 m 46-55 dragning extra slang vid
WORD;WORD:86;;;Flerbostad/verksamhet;;;Brunn;;;;Vikt;VIKG;0.75;3.2 hantering av brunnslock som väger 15-25 kg kilogram 15-25 brunnslock hantering kilogram som väger
WORD;WORD:87;;;Flerbostad/verksamhet;;Hämtning/tömning;;;;;;;0.50;3.2 krav på information om tömningstid information krav tömningstid
WORD;WORD:88;;;Flerbostad/verksamhet;;Hämtning/tömning;;;;;;;0.50;3.2 krav på närvaro vid specificerad tömningstid krav närvaro specificerad tömningstid vid
WORD;WORD:89;;;Flerbostad/verksamhet;Slam;Hämtning/tömning;;;;;;;0.75;3.2 hantering av kod för kodlås vid slamtömning hantering kod kodlås slamtömning vid
WORD;WORD:90;;;Flerbostad/verksamhet;;;;;;;;;0.50;3.2 hetvattentvätt med spolbil, timersättning hetvattentvätt spolbil timersättning
WORD;WORD:91;;;Flerbostad/verksamhet;;Extra;Brunn;5m3;;;Volym;VOLM;0.75;3.2 tömning av extra tank/brunn i samband med ordinarie/budad tömning upp till 5 m3 m³ brunn budad extra ordinarie samband tank tömning upp
WORD;WORD:92;;;Flerbostad/verksamhet;;Hämtning/tömning;;;;;;;0.50;3.3 budning inom ordinarie tömningsperiod (1 maj-31 oktober) budning inom maj-31 oktober ordinarie tömningsperiod
WORD;WORD:93;;;Flerbostad/verksamhet;;Hämtning/tömning;;;;;;;0.50;3.3 budning utanför ordinarie tömningsperiod (1 nov-30 april) april budning nov-30 ordinarie tömningsperiod utanför
WORD;WORD:94;;;Flerbostad/verksamhet;;Hämtning/tömning;;;;;Styck;ST;0.75;3.3 tömning av toalettvagnar eller liknande/styck styck eller liknande styck toalettvagnar tömning
WORD;WORD:95;;;Flerbostad/verksamhet;;Abonnemang;Latrin;37;;;Behållarvolym;VOLYM/BEHÅLLARE;0.75;3.4 latrinbehållare 37 liter inkl. mottagning och behandling liter behandling inkl latrinbehållare liter mottagning
WORD;WORD:96;;;Tilläggstjänst;;;;;;;Vikt;VIKG;0.75;4.1 filtermassor upp till 500 kg kilogram 500 filtermassor kilogram upp
WORD;WORD:97;;;Tilläggstjänst;;;;;;;Vikt;VIKG;0.75;4.1 filtermassor 500-1000 kg kilogram 500-1000 filtermassor kilogram
WORD;WORD:98;;;Tilläggstjänst;;Hämtning/tömning;;;;;;;0.50;4.2 krav på information om hämtningstid hämtningstid information krav
WORD;WORD:99;;;Tilläggstjänst;;Hämtning/tömning;;;;;;;0.50;4.2 krav på närvaro vid specificerad hämtningstid hämtningstid krav närvaro specificerad vid
WORD;WORD:100;;;Tilläggstjänst;;;;;;;;;0.50;4.2 hantering av kod för kodlås hantering kod kodlås
WORD;WORD:101;;;Slam;;;;3m3;;;Volym;VOLM;0.75;5.1 upp till 3 m3 m³ upp
WORD;WORD:102;;;Slam;;;;3m3;;;Volym;VOLM;0.75;5.1 mellan 3 m3 och 6 m3 m³ mellan
WORD;WORD:103;;;Slam;;;;6m3;;;Volym;VOLM;0.75;5.1 över 6 m3 m³ över
WORD;WORD:104;;;Slam;;Extra;;;;;;;0.50;5.2 dragning av extra slang vid 5-25 m 5-25 dragning extra slang vid
WORD;WORD:105;;;Slam;;Extra;;;;;;;0.50;5.2 dragning av extra slang vid 25-35 m 25-35 dragning extra slang vid
WORD;WORD:106;;;Slam;;Extra;;;;;;;0.50;5.2 dragning av extra slang vid 36-45 m 36-45 dragning extra slang vid
WORD;WORD:107;;;Slam;;Extra;;;;;;;0.50;5.2 dragning av extra slang vid 46-55 m 46-55 dragning extra slang vid
WORD;WORD:108;;;Slam;;;Brunn;;;;Vikt;VIKG;0.75;5.2 hantering av brunnslock som väger 15-25 kg kilogram 15-25 brunnslock hantering kilogram som väger
WORD;WORD:109;;;Slam;;Hämtning/tömning;;;;;;;0.50;5.2 krav på information om tömningstid information krav tömningstid
WORD;WORD:110;;;Slam;;Hämtning/tömning;;;;;;;0.50;5.2 krav på närvaro vid specificerad tömningstid krav närvaro specificerad tömningstid vid
WORD;WORD:111;;;Slam;;Hämtning/tömning;;;;;;;0.50;5.2 hantering av kod för kodlås vid tömning tömning hantering kod kodlås tömning vid
WORD;WORD:112;;;Slam;;;;;;;;;0.50;5.2 hetvattentvätt med spolbil, timersättning hetvattentvätt spolbil timersättning
WORD;WORD:113;;;Slam;;;;;;;;;0.50;5.2 silikontätning per lock lock silikontätning
WORD;WORD:114;;;Slam;;Extra;;5m3;;;Volym;VOLM;0.75;5.2 tömning av extra tank i samband med ordinarie/budad tömning upp till 5 m3 m³ budad extra ordinarie samband tank tömning upp
WORD;WORD:115;;;Slam;;Hämtning/tömning;;;;;;;0.50;5.3 budning inom ordinarie tömningsperiod (1 maj-31 oktober) budning inom maj-31 oktober ordinarie tömningsperiod
WORD;WORD:116;;;Slam;;Hämtning/tömning;;;;;;;0.50;5.3 budning utanför ordinarie tömningsperiod budning ordinarie tömningsperiod utanför
WORD;WORD:117;;;Verksamhetsavfall;;;;;;Verksamhet;;;0.50;6.1.1 verksamheter verksamheter
WORD;WORD:118;;;Verksamhetsavfall;;Abonnemang;;;;;;;0.50;6.1.1 övriga abonnemangstyper abonnemangstyper övriga
WORD;WORD:119;;;Verksamhetsavfall;;;;;;;;;0.50;6.1.1 vågkort vågkort
WORD;WORD:120;;;Verksamhetsavfall;;;;;;;;;0.50;6.1.1 borttappat vågkort borttappat vågkort
WORD;WORD:121;;;Verksamhetsavfall;;Abonnemang;;;;Verksamhet;;;0.50;6.1.1 ej redovisad ankomst till åvc (för företagare och privatpersoner som lämnar verksamhetsavfall utan att anmäla sin ankomst) besök ankomst anmäla att besök företagare lämnar privatpersoner redovisad sin som verksamhetsavfall åvc
WORD;WORD:122;;;Verksamhetsavfall;;;;;;;;;0.50;6.1.1 ej redovisad eller fel redovisad fraktion av avfall fraktion avfall eller fel fraktion redovisad
WORD;WORD:123;;;ÅVC/verksamhetsavfall;;;Säck;240;;;Styck;ST;0.75;6.1.2 avfall till energiåtervinning (240 l sopsäck) styck 240 avfall energiåtervinning sopsäck styck
WORD;WORD:124;;;ÅVC/verksamhetsavfall;;;;;;;Vikt;VIKG;0.75;6.1.2 avfall till energiåtervinning kilogram avfall energiåtervinning kilogram
WORD;WORD:125;;;ÅVC/verksamhetsavfall;;;;;;;Vikt;VIKG;0.75;6.1.2 skrymmande avfall till energiåtervinning större än 20x20x80 kilogram 20x20x80 avfall energiåtervinning kilogram skrymmande större
WORD;WORD:126;;;ÅVC/verksamhetsavfall;;;;;;;Vikt;VIKG;0.75;6.1.2 träavfall-obehandlat, utan tapet, plastmatta, tjärpapp kilogram kilogram plastmatta tapet tjärpapp träavfall-obehandlat
WORD;WORD:127;;;ÅVC/verksamhetsavfall;;;;;;;Vikt;VIKG;0.75;6.1.2 träavfall-behandlat, utan tapet, plastmatta, tjärpapp kilogram kilogram plastmatta tapet tjärpapp träavfall-behandlat
WORD;WORD:128;;;ÅVC/verksamhetsavfall;Tryckimpregnerat trä;;;;;;Vikt;VIKG;1.00;6.1.2 tryckimpregnerat virke, pall kilogram kilogram pall tryckimpregnerat virke
WORD;WORD:129;;;ÅVC/verksamhetsavfall;Betong;;;;;;Vikt;VIKG;1.00;6.1.2 betong, lättbetong kilogram betong kilogram lättbetong
WORD;WORD:130;;;ÅVC/verksamhetsavfall;Gips;;;;;;Vikt;VIKG;1.00;6.1.2 gips, gipsskivor kilogram gips gipsskivor kilogram
WORD;WORD:131;;;ÅVC/verksamhetsavfall;Tegel;;;;;;Vikt;VIKG;1.00;6.1.2 tegel kilogram kilogram tegel
WORD;WORD:132;;;ÅVC/verksamhetsavfall;;Abonnemang;;;;;Vikt;VIKG;0.75;6.1.2 fönster-och planglas utan karm kilogram fönster-och karm kilogram planglas
WORD;WORD:133;;;ÅVC/verksamhetsavfall;Plast;;;;;;Vikt;VIKG;1.00;6.1.2 plast kilogram kilogram plast
WORD;WORD:134;;;ÅVC/verksamhetsavfall;Asbest;;;;;;Volym;VOLM;1.00;6.1.2 isolering utan innehåll av asbest m³ asbest innehåll isolering
WORD;WORD:135;;;ÅVC/verksamhetsavfall;;;;;;;Vikt;VIKG;0.75;6.1.2 klinker, keramik, porslin kilogram keramik kilogram klinker porslin
WORD;WORD:136;;;ÅVC/verksamhetsavfall;;;;;;;Styck;ST;0.75;6.1.2 handfat styck handfat styck
WORD;WORD:137;;;ÅVC/verksamhetsavfall;;;;;;;Styck;ST;0.75;6.1.2 wc-stol styck styck wc-stol
WORD;WORD:138;;;ÅVC/verksamhetsavfall;Metall;;;;;;Vikt;VIKG;1.00;6.1.2 metall kilogram kilogram metall
WORD;WORD:139;;;ÅVC/verksamhetsavfall;;;;;;;Vikt;VIKG;0.75;6.1.2 textilier kilogram kilogram textilier
WORD;WORD:140;;;ÅVC/verksamhetsavfall;;;;;;;Vikt;VIKG;0.75;6.1.2 fiskeredskap kilogram fiskeredskap kilogram
WORD;WORD:141;;;ÅVC/verksamhetsavfall;;Abonnemang;;;;;Behållarvolym;VOLYM/BEHÅLLARE;0.75;6.1.2 ätbart fett/frityrolja liter fett frityrolja liter ätbart
WORD;WORD:142;;;ÅVC/verksamhetsavfall;;Abonnemang;;;;;Volym;VOLM;0.75;6.1.2 kvistar och grenar m³ grenar kvistar
WORD;WORD:143;;;ÅVC/verksamhetsavfall;;;;;;;Volym;VOLM;0.75;6.1.2 flera fraktioner för egen sortering på ramp (max2 m³) m³ egen flera fraktioner max2 ramp sortering
WORD;WORD:144;;;ÅVC/verksamhetsavfall;Elavfall;Abonnemang;;;;;;;0.75;6.1.2 osorterat avfall till sortering (ej innehåll av farligt avfall och elavfall) avfall elavfall farligt innehåll osorterat sortering
WORD;WORD:145;;;ÅVC/verksamhetsavfall;;;;;;;Vikt;VIKG;0.75;6.1.2 tonerkassetter, utan elektronik/chip kilogram chip elektronik kilogram tonerkassetter
WORD;WORD:146;;;ÅVC/verksamhetsavfall;Oljeavfall;;;;;;Vikt;VIKG;1.00;6.1.2 oljeemulsion, emballerat kilogram emballerat kilogram oljeemulsion
WORD;WORD:147;;;ÅVC/verksamhetsavfall;Oljeavfall;;;;;;Vikt;VIKG;1.00;6.1.2 förorenad olja innehållande pcb kilogram förorenad innehållande kilogram olja pcb
WORD;WORD:148;;;ÅVC/verksamhetsavfall;Oljeavfall;Abonnemang;;;;;Vikt;VIKG;1.00;6.1.2 oljeavskiljarslam kilogram kilogram oljeavskiljarslam
WORD;WORD:149;;;ÅVC/verksamhetsavfall;;;;;;;Vikt;VIKG;0.75;6.1.2 diesel kilogram diesel kilogram
WORD;WORD:150;;;ÅVC/verksamhetsavfall;;;;;;;Vikt;VIKG;0.75;6.1.2 bensinrester kilogram bensinrester kilogram
WORD;WORD:151;;;ÅVC/verksamhetsavfall;;;;;;;Vikt;VIKG;0.75;6.1.2 hydralslang, med/utan koppling kilogram hydralslang kilogram koppling
WORD;WORD:152;;;ÅVC/verksamhetsavfall;Förpackningar;Abonnemang;;;;;Vikt;VIKG;1.00;6.1.2 förpackningar, tömde ej rengjorda kilogram förpackningar kilogram rengjorda tömde
WORD;WORD:153;;;ÅVC/verksamhetsavfall;Oljeavfall;;;;;;Vikt;VIKG;1.00;6.1.2 oljeavfall, fast osorterat emba kilogram emba fast kilogram oljeavfall osorterat
WORD;WORD:154;;;ÅVC/verksamhetsavfall;;;;;;;Vikt;VIKG;0.75;6.1.2 absorbermedel, filtermaterial kilogram absorbermedel filtermaterial kilogram
WORD;WORD:155;;;ÅVC/verksamhetsavfall;Oljeavfall;;;;;;Vikt;VIKG;1.00;6.1.2 oljefilter kilogram kilogram oljefilter
WORD;WORD:156;;;ÅVC/verksamhetsavfall;;;;;;;Vikt;VIKG;0.75;6.1.2 bromsvätska kilogram bromsvätska kilogram
WORD;WORD:157;;;ÅVC/verksamhetsavfall;;;;;;;Vikt;VIKG;0.75;6.1.2 transformator, kondensator med pcb kilogram kilogram kondensator pcb transformator
WORD;WORD:158;;;ÅVC/verksamhetsavfall;;;;;;;Vikt;VIKG;0.75;6.1.2 fogskum kilogram fogskum kilogram
WORD;WORD:159;;;ÅVC/verksamhetsavfall;;;;;;;Vikt;VIKG;0.75;6.1.2 halon kilogram halon kilogram
WORD;WORD:160;;;ÅVC/verksamhetsavfall;;;;;;;Vikt;VIKG;0.75;6.1.2 koldioxid kilogram kilogram koldioxid
WORD;WORD:161;;;ÅVC/verksamhetsavfall;;Abonnemang;;;;;Vikt;VIKG;0.75;6.1.2 brandsläckare kilogram brandsläckare kilogram
WORD;WORD:162;;;ÅVC/verksamhetsavfall;;;;;;;Vikt;VIKG;0.75;6.1.2 helium kilogram helium kilogram
WORD;WORD:163;;;ÅVC/verksamhetsavfall;;Abonnemang;;;;;Vikt;VIKG;0.75;6.1.2 tändare kilogram kilogram tändare
WORD;WORD:164;;;ÅVC/verksamhetsavfall;;;;;;;Vikt;VIKG;0.75;6.1.2 syrgas kilogram kilogram syrgas
WORD;WORD:165;;;ÅVC/verksamhetsavfall;;;;;;;Vikt;VIKG;0.75;6.1.2 oxiderande fast ämne/vätska kilogram fast kilogram oxiderande vätska ämne
WORD;WORD:166;;;ÅVC/verksamhetsavfall;;;;;;;Vikt;VIKG;0.75;6.1.2 klorexkilogram klorexkilogram
WORD;WORD:167;;;ÅVC/verksamhetsavfall;;;;;;;Vikt;VIKG;0.75;6.1.2 aerosoler isocyanat, bekämpning kilogram aerosoler bekämpning isocyanat kilogram
WORD;WORD:168;;;ÅVC/verksamhetsavfall;;;;;;;Vikt;VIKG;0.75;6.1.2 gasol inkl tub kilogram gasol inkl kilogram tub
WORD;WORD:169;;;ÅVC/verksamhetsavfall;;;;;;;Vikt;VIKG;0.75;6.1.2 gasol, blå programmet kilogram blå gasol kilogram programmet
WORD;WORD:170;;;ÅVC/verksamhetsavfall;;;;;;;Vikt;VIKG;0.75;6.1.2 giftig organisk vätska kilogram giftig kilogram organisk vätska
WORD;WORD:171;;;ÅVC/verksamhetsavfall;;;;;;;Vikt;VIKG;0.75;6.1.2 småkemikalier, ej hg-haltiga kilogram hg-haltiga kilogram småkemikalier
WORD;WORD:172;;;ÅVC/verksamhetsavfall;;;;;;;Vikt;VIKG;0.75;6.1.2 giftig oorganisk vätska kilogram giftig kilogram oorganisk vätska
WORD;WORD:173;;;ÅVC/verksamhetsavfall;;;;;;;Vikt;VIKG;0.75;6.1.2 oxidationsmedel, flytande kilogram flytande kilogram oxidationsmedel
WORD;WORD:174;;;ÅVC/verksamhetsavfall;Asbest;;;;;;Vikt;VIKG;1.00;6.1.2 asbest, emballerat kilogram asbest emballerat kilogram
WORD;WORD:175;;;ÅVC/verksamhetsavfall;;;;;;;Vikt;VIKG;0.75;6.1.2 smittförande avfall kilogram avfall kilogram smittförande
WORD;WORD:176;;;ÅVC/verksamhetsavfall;;;;;;;Vikt;VIKG;0.75;6.1.2 lösningsmedel kilogram kilogram lösningsmedel
WORD;WORD:177;;;ÅVC/verksamhetsavfall;;;;;;;Vikt;VIKG;0.75;6.1.2 väteperoxid kilogram kilogram väteperoxid
WORD;WORD:178;;;ÅVC/verksamhetsavfall;;;;;;;Vikt;VIKG;0.75;6.1.2 flourvätesyra kilogram flourvätesyra kilogram
WORD;WORD:179;;;ÅVC/verksamhetsavfall;;;;;;;Vikt;VIKG;0.75;6.1.2 svavelsyra kilogram kilogram svavelsyra
WORD;WORD:180;;;ÅVC/verksamhetsavfall;;;;;;;Vikt;VIKG;0.75;6.1.2 salpetersyra kilogram kilogram salpetersyra
WORD;WORD:181;;;ÅVC/verksamhetsavfall;;;;;;;Vikt;VIKG;0.75;6.1.2 surt oorganisk fast ämne kilogram fast kilogram oorganisk surt ämne
WORD;WORD:182;;;ÅVC/verksamhetsavfall;;;;;;;Vikt;VIKG;0.75;6.1.2 surt organisk fast ämne kilogram fast kilogram organisk surt ämne
WORD;WORD:183;;;ÅVC/verksamhetsavfall;;;;;;;Vikt;VIKG;0.75;6.1.2 surt oorganisk vätska kilogram kilogram oorganisk surt vätska
WORD;WORD:184;;;ÅVC/verksamhetsavfall;;;;;;;Vikt;VIKG;0.75;6.1.2 surt organisk vätska kilogram kilogram organisk surt vätska
WORD;WORD:185;;;ÅVC/verksamhetsavfall;;;;;;;Vikt;VIKG;0.75;6.1.2 ammoniaklösning kilogram ammoniaklösning kilogram
WORD;WORD:186;;;ÅVC/verksamhetsavfall;;;;;;;Vikt;VIKG;0.75;6.1.2 alkaliskt avfall fast kilogram alkaliskt avfall fast kilogram
WORD;WORD:187;;;ÅVC/verksamhetsavfall;;;;;;;Vikt;VIKG;0.75;6.1.2 basiskt organiskt fast/flytande kilogram basiskt fast flytande kilogram organiskt
WORD;WORD:188;;;ÅVC/verksamhetsavfall;;;;;;;Vikt;VIKG;0.75;6.1.2 fotokemikalier kilogram fotokemikalier kilogram
WORD;WORD:189;;;ÅVC/verksamhetsavfall;;;;;;;Vikt;VIKG;0.75;6.1.2 bekämpningsmedel aerosoler kilogram aerosoler bekämpningsmedel kilogram
WORD;WORD:190;;;ÅVC/verksamhetsavfall;;;;;;;Vikt;VIKG;0.75;6.1.2 bekämpningsmedel fast kilogram bekämpningsmedel fast kilogram
WORD;WORD:191;;;ÅVC/verksamhetsavfall;;;;;;;Vikt;VIKG;0.75;6.1.2 bekämpningsmedel flytande kilogram bekämpningsmedel flytande kilogram
WORD;WORD:192;;;ÅVC/verksamhetsavfall;;;;;;;Vikt;VIKG;0.75;6.1.2 kvicksilverhaltigt avfall kilogram avfall kilogram kvicksilverhaltigt
WORD;WORD:193;;;ÅVC/verksamhetsavfall;;;;;;;Vikt;VIKG;0.75;6.1.2 kvicksilver i föremål kilogram föremål kilogram kvicksilver
WORD;WORD:194;;;ÅVC/verksamhetsavfall;Oljeavfall;;;;;;Behållarvolym;VOLYM/BEHÅLLARE;1.00;6.1.2 oljehaltigt avfall (ej pcb) liter avfall liter oljehaltigt pcb
WORD;WORD:195;;;ÅVC/verksamhetsavfall;Oljeavfall;;;;;;Behållarvolym;VOLYM/BEHÅLLARE;1.00;6.1.2 olja förorenad (ej pcb) liter förorenad liter olja pcb
WORD;WORD:196;;;ÅVC/verksamhetsavfall;;Abonnemang;;;;;Vikt;VIKG;0.75;6.1.2 färg-, lack-, limburkar lösning kilogram färg-kilogram lack-limburkar lösning
WORD;WORD:197;;;ÅVC/verksamhetsavfall;;Abonnemang;;;;;Vikt;VIKG;0.75;6.1.2 färg-, lack-, limburkar lösning aerosoler kilogram aerosoler färg-kilogram lack-limburkar lösning
WORD;WORD:198;;;ÅVC/verksamhetsavfall;;;;;;;Vikt;VIKG;0.75;6.1.2 isocyanater kilogram isocyanater kilogram
WORD;WORD:199;;;ÅVC/verksamhetsavfall;;Abonnemang;;;;;Vikt;VIKG;0.75;6.1.2 härdare metyl-etylketonperoxid kilogram härdare kilogram metyl-etylketonperoxid
WORD;WORD:200;;;ÅVC/verksamhetsavfall;;Abonnemang;;;;;Vikt;VIKG;0.75;6.1.2 härdare dibenzoylperoxid kilogram dibenzoylperoxid härdare kilogram
WORD;WORD:201;;;ÅVC/verksamhetsavfall;;Abonnemang;;;;;Vikt;VIKG;0.75;6.1.2 färg-, lack-, limburkar vattenbaserade kilogram färg-kilogram lack-limburkar vattenbaserade
WORD;WORD:202;;;ÅVC/verksamhetsavfall;;;;;;;Vikt;VIKG;0.75;6.1.2 tensida alkaliska flytande avfall kilogram alkaliska avfall flytande kilogram tensida
WORD;WORD:203;;;ÅVC/verksamhetsavfall;;;;;;;Vikt;VIKG;0.75;6.1.2 rengöring/vaskmedel fast kilogram fast kilogram rengöring vaskmedel
WORD;WORD:204;;;ÅVC/verksamhetsavfall;;;;;;;Vikt;VIKG;0.75;6.1.2 alkaliska flytande avfall kilogram alkaliska avfall flytande kilogram
WORD;WORD:205;;;ÅVC/verksamhetsavfall;;;;;;;Vikt;VIKG;0.75;6.1.2 cytotoxiska läkemedel, cytostat kilogram cytostat cytotoxiska kilogram läkemedel
WORD;WORD:206;;;ÅVC/verksamhetsavfall;;;;;;;Vikt;VIKG;0.75;6.1.2 rökdetektor med andra isotoper kilogram andra isotoper kilogram rökdetektor
WORD;WORD:207;;;ÅVC/verksamhetsavfall;;;;;;;Vikt;VIKG;0.75;6.1.2 rökdetektor med am 241 kilogram 241 kilogram rökdetektor
WORD;WORD:208;;;ÅVC/verksamhetsavfall;Batterier;;;;;;Vikt;VIKG;1.00;6.1.2 batterier stav, pencell kilogram batterier kilogram pencell stav
WORD;WORD:209;;;ÅVC/verksamhetsavfall;Batterier;;;;;;Vikt;VIKG;1.00;6.1.2 batterier lithium kilogram batterier kilogram lithium
WORD;WORD:210;;;ÅVC/verksamhetsavfall;;;;;;;Styck;ST;0.75;6.1.2 bil-, mcbatteri med bly styck bil-bly mcbatteri styck
WORD;WORD:211;;;ÅVC/verksamhetsavfall;;;;;;;Vikt;VIKG;0.75;6.1.2 glödlampor kilogram glödlampor kilogram
WORD;WORD:212;;;ÅVC/verksamhetsavfall;;;;;;;Vikt;VIKG;0.75;6.1.2 lysrör kilogram kilogram lysrör
WORD;WORD:213;;;ÅVC/verksamhetsavfall;Elavfall;;;;;;Vikt;VIKG;1.00;6.1.2 elavfall, små elektronik kilogram elavfall elektronik kilogram små
WORD;WORD:214;;;ÅVC/verksamhetsavfall;Elavfall;;;;;;Vikt;VIKG;1.00;6.1.2 el-avfall fast installation kilogram el-avfall fast installation kilogram
WORD;WORD:215;;;ÅVC/verksamhetsavfall;Elavfall;;;;;;Vikt;VIKG;1.00;6.1.2 el-avfall kabel kilogram el-avfall kabel kilogram
WORD;WORD:216;;;ÅVC/verksamhetsavfall;;;;;;;Vikt;VIKG;0.75;6.1.2 toner, färgpatron med elektronik kilogram elektronik färgpatron kilogram toner
WORD;WORD:217;;;ÅVC/verksamhetsavfall;;Abonnemang;;;;;Vikt;VIKG;0.75;6.1.2 tv, radio, skärm, skrivare utan färgpatron kilogram färgpatron kilogram radio skrivare skärm
WORD;WORD:218;;;ÅVC/verksamhetsavfall;Kyl/frys;;;;;;Styck;ST;1.00;6.1.2 kyl-, frysskåp,-boxstyck-boxstyck frysskåp kyl-
WORD;WORD:219;;;ÅVC/verksamhetsavfall;Kyl/frys;;;;;Verksamhet;Vikt;VIKG;1.00;6.1.2 kyl-, frysskåp,-boxfrån verksamhet kilogram-boxfrån frysskåp kilogram kyl-verksamhet
WORD;WORD:220;;;ÅVC/verksamhetsavfall;;;;;;;Styck;ST;0.75;6.1.2 spis, tvätt-, diskmaskin styck diskmaskin spis styck tvätt-
WORD;WORD:221;;;ÅVC/verksamhetsavfall;;;;;;Verksamhet;Vikt;VIKG;0.75;6.1.2 spis, tvätt-, diskmaskin från verksamhet kilogram diskmaskin kilogram spis tvätt-verksamhet
WORD;WORD:222;;;Verksamhetsavfall;;;Container;;;;Volym;VOLM;0.75;6.1.3 containerxm3 m³ containerxm3
WORD;WORD:223;;;Verksamhetsavfall;;;Container;;;;Volym;VOLM;0.75;6.1.3 containerxm3 m³ containerxm3
WORD;WORD:224;;;Verksamhetsavfall;;;Container;;;;Volym;VOLM;0.75;6.1.3 containerxm3 m³ containerxm3
WORD;WORD:225;;;Verksamhetsavfall;;;Container;;;;;;0.50;6.1.3 omklassning av felsorterad container container container felsorterad omklassning
WORD;WORD:226;;;Verksamhetsavfall;Farligt avfall;Abonnemang;;;;;;;0.75;6.1.4 okänt farligt avfall (säkerhetsdatablad saknas) fraktion avfall farligt fraktion okänt saknas säkerhetsdatablad
WORD;WORD:227;;;Verksamhetsavfall;Farligt avfall;Abonnemang;;;;;Tillfälle;TILLFÄLLE;1.00;6.1.4 ombud för rapportering av farligt avfall i avfallsregistret tillfälle avfall avfallsregistret farligt ombud rapportering tillfälle
WORD;WORD:228;;;Verksamhetsavfall;;;;;;;Tillfälle;TILLFÄLLE;0.75;6.1.4 administrativ rapporteringsavgift till avfallsregistret tillfälle administrativ avfallsregistret rapporteringsavgift tillfälle
WORD;WORD:229;;;Verksamhetsavfall;;Abonnemang;;;;;Tillfälle;TILLFÄLLE;0.75;6.1.4 ombud för registrering av el-kretsen avlämnarintyg i hämtplatsportalen tillfälle avlämnarintyg el-kretsen hämtplatsportalen ombud registrering tillfälle
STANDARD;Standard Avfall:3;FASTSMÅ;FASTSMÅ;ÅVC/verksamhetsavfall;;Abonnemang;;;;Villa/småhus;;ÅRKV;0.80;standard avfall fastsmå fast grundavgift, småhus årkv fast
STANDARD;Standard Avfall:4;FASTFLB;FASTFLB;ÅVC/verksamhetsavfall;;Abonnemang;;;;Flerbostadshus;;ÅRKV;0.80;standard avfall fastflb fast grundavgift, flerbostadshus per bostadsenhet årkv fast
STANDARD;Standard Avfall:5;FASTFRI;FASTFRI;ÅVC/verksamhetsavfall;;Abonnemang;;;;Fritidshus;;ÅRKV;0.80;standard avfall fastfri fast grundavgift, fritidshus årkv fast
STANDARD;Standard Avfall:6;FASTVHT;FASTVHT;ÅVC/verksamhetsavfall;;Abonnemang;;;;Verksamhet;;ÅRKV;0.80;standard avfall fastvht fast grundavgift, verksamheter årkv fast
STANDARD;Standard Avfall:9;KÄ660RE13D2;KÄ660RE13D2;ÅVC/verksamhetsavfall;Restavfall;Abonnemang;Kärl;660;;;Behållarvolym;ÅRKV;0.80;standard avfall kä660re13d2 kärl 660 l, restavfall. var 4:e vecka. 2 hh årkv antb
STANDARD;Standard Avfall:11;KÄ660RE44SD4;KÄ660RE44SD4;ÅVC/verksamhetsavfall;Restavfall;Abonnemang;Kärl;660;;;Behållarvolym;ÅRKV;0.80;standard avfall kä660re44sd4 kärl 660 l, restavfall. 2ggr/vecka säsong. 4 hh årkv antb
STANDARD;Standard Avfall:13;KÄ140RE26V;KÄ140RE26V;ÅVC/verksamhetsavfall;Restavfall;Abonnemang;Kärl;140;;Verksamhet;Behållarvolym;ÅRKV;0.80;standard avfall kä140re26v kärl 140 l, restavfall. var 14:e dag. verksamheter årkv antb
STANDARD;Standard Avfall:15;KÄ140RE26F;KÄ140RE26F;ÅVC/verksamhetsavfall;Restavfall;Abonnemang;Kärl;140;;Flerbostadshus;Behållarvolym;ÅRKV;0.80;standard avfall kä140re26f kärl 140 l, restavfall. var 14:e dag. flerbostadshus årkv antb
STANDARD;Standard Avfall:17;KÄ660RE52FV;KÄ660RE52FV;ÅVC/verksamhetsavfall;Restavfall;Abonnemang;Kärl;660;;Verksamhet;Behållarvolym;ÅRKV;0.80;standard avfall kä660re52fv kärl 660 l, restavfall. varje vecka. flerb.hus/verksamheter årkv antb
STANDARD;Standard Avfall:19;KÄ140RE26H;KÄ140RE26H;ÅVC/verksamhetsavfall;Restavfall;Abonnemang;Kärl;140;;;Behållarvolym;ÅRKV;0.80;standard avfall kä140re26h kärl 140 l, restavfall. var 14:e dag. hemkomposterare årkv antb
STANDARD;Standard Avfall:22;KÄ140RE156;KÄ140RE156;ÅVC/verksamhetsavfall;Restavfall;Abonnemang;Kärl;140;;;Behållarvolym;ÅRKV;0.80;standard avfall kä140re156 kärl 140 l, restavfall. 3ggr/vecka årkv antb
STANDARD;Standard Avfall:26;KÄ140RE104;KÄ140RE104;ÅVC/verksamhetsavfall;Restavfall;Abonnemang;Kärl;140;;;Behållarvolym;ÅRKV;0.80;standard avfall kä140re104 kärl 140 l, restavfall. 2ggr/vecka årkv antb
STANDARD;Standard Avfall:27;KÄ140RE52;KÄ140RE52;ÅVC/verksamhetsavfall;Restavfall;Abonnemang;Kärl;140;;;Behållarvolym;ÅRKV;0.80;standard avfall kä140re52 kärl 140 l, restavfall. varje vecka årkv antb
STANDARD;Standard Avfall:28;KÄ140RE26;KÄ140RE26;ÅVC/verksamhetsavfall;Restavfall;Abonnemang;Kärl;140;;;Behållarvolym;ÅRKV;0.80;standard avfall kä140re26 kärl 140 l, restavfall. var 14:e dag årkv antb
STANDARD;Standard Avfall:29;KÄ140RE13;KÄ140RE13;ÅVC/verksamhetsavfall;Restavfall;Abonnemang;Kärl;140;;;Behållarvolym;ÅRKV;0.80;standard avfall kä140re13 kärl 140 l, restavfall. var 4:e vecka årkv antb
STANDARD;Standard Avfall:30;KÄ140RE44S;KÄ140RE44S;ÅVC/verksamhetsavfall;Restavfall;Abonnemang;Kärl;140;;;Behållarvolym;ÅRKV;0.80;standard avfall kä140re44s kärl 140 l, restavfall. 2ggr/vecka säsong årkv antb
STANDARD;Standard Avfall:31;KÄ140RE22S;KÄ140RE22S;ÅVC/verksamhetsavfall;Restavfall;Abonnemang;Kärl;140;;;Behållarvolym;ÅRKV;0.80;standard avfall kä140re22s kärl 140 l, restavfall. varje vecka säsong årkv antb
STANDARD;Standard Avfall:32;KÄ140RE11S;KÄ140RE11S;ÅVC/verksamhetsavfall;Restavfall;Abonnemang;Kärl;140;;;Behållarvolym;ÅRKV;0.80;standard avfall kä140re11s kärl 140 l, restavfall. var 14:e dag säsong årkv antb
STANDARD;Standard Avfall:33;KÄ140RE6S;KÄ140RE6S;ÅVC/verksamhetsavfall;Restavfall;Abonnemang;Kärl;140;;;Behållarvolym;ÅRKV;0.80;standard avfall kä140re6s kärl 140 l, restavfall. var 4:e vecka säsong årkv antb
STANDARD;Standard Avfall:35;KÄ190RE156;KÄ190RE156;ÅVC/verksamhetsavfall;Restavfall;Abonnemang;Kärl;190;;;Behållarvolym;ÅRKV;0.80;standard avfall kä190re156 kärl 190 l, restavfall. 3ggr/vecka årkv antb
STANDARD;Standard Avfall:36;KÄ190RE104;KÄ190RE104;ÅVC/verksamhetsavfall;Restavfall;Abonnemang;Kärl;190;;;Behållarvolym;ÅRKV;0.80;standard avfall kä190re104 kärl 190 l, restavfall. 2ggr/vecka årkv antb
STANDARD;Standard Avfall:37;KÄ190RE52;KÄ190RE52;ÅVC/verksamhetsavfall;Restavfall;Abonnemang;Kärl;190;;;Behållarvolym;ÅRKV;0.80;standard avfall kä190re52 kärl 190 l, restavfall. varje vecka årkv antb
STANDARD;Standard Avfall:38;KÄ190RE26;KÄ190RE26;ÅVC/verksamhetsavfall;Restavfall;Abonnemang;Kärl;190;;;Behållarvolym;ÅRKV;0.80;standard avfall kä190re26 kärl 190 l, restavfall. var 14:e dag årkv antb
STANDARD;Standard Avfall:39;KÄ190RE13;KÄ190RE13;ÅVC/verksamhetsavfall;Restavfall;Abonnemang;Kärl;190;;;Behållarvolym;ÅRKV;0.80;standard avfall kä190re13 kärl 190 l, restavfall. var 4:e vecka årkv antb
STANDARD;Standard Avfall:40;KÄ190RE44S;KÄ190RE44S;ÅVC/verksamhetsavfall;Restavfall;Abonnemang;Kärl;190;;;Behållarvolym;ÅRKV;0.80;standard avfall kä190re44s kärl 190 l, restavfall. 2ggr/vecka säsong årkv antb
STANDARD;Standard Avfall:41;KÄ190RE22S;KÄ190RE22S;ÅVC/verksamhetsavfall;Restavfall;Abonnemang;Kärl;190;;;Behållarvolym;ÅRKV;0.80;standard avfall kä190re22s kärl 190 l, restavfall. varje vecka säsong årkv antb
STANDARD;Standard Avfall:42;KÄ190RE11S;KÄ190RE11S;ÅVC/verksamhetsavfall;Restavfall;Abonnemang;Kärl;190;;;Behållarvolym;ÅRKV;0.80;standard avfall kä190re11s kärl 190 l, restavfall. var 14:e dag säsong årkv antb
STANDARD;Standard Avfall:43;KÄ190RE6S;KÄ190RE6S;ÅVC/verksamhetsavfall;Restavfall;Abonnemang;Kärl;190;;;Behållarvolym;ÅRKV;0.80;standard avfall kä190re6s kärl 190 l, restavfall. var 4:e vecka säsong årkv antb
STANDARD;Standard Avfall:45;KÄ240RE156;KÄ240RE156;ÅVC/verksamhetsavfall;Restavfall;Abonnemang;Kärl;240;;;Behållarvolym;ÅRKV;0.80;standard avfall kä240re156 kärl 240 l, restavfall. 3ggr/vecka årkv antb
STANDARD;Standard Avfall:46;KÄ240RE104;KÄ240RE104;ÅVC/verksamhetsavfall;Restavfall;Abonnemang;Kärl;240;;;Behållarvolym;ÅRKV;0.80;standard avfall kä240re104 kärl 240 l, restavfall. 2ggr/vecka årkv antb
STANDARD;Standard Avfall:47;KÄ240RE52;KÄ240RE52;ÅVC/verksamhetsavfall;Restavfall;Abonnemang;Kärl;240;;;Behållarvolym;ÅRKV;0.80;standard avfall kä240re52 kärl 240 l, restavfall. varje vecka årkv antb
STANDARD;Standard Avfall:48;KÄ240RE26;KÄ240RE26;ÅVC/verksamhetsavfall;Restavfall;Abonnemang;Kärl;240;;;Behållarvolym;ÅRKV;0.80;standard avfall kä240re26 kärl 240 l, restavfall. var 14:e dag årkv antb
STANDARD;Standard Avfall:49;KÄ240RE13;KÄ240RE13;ÅVC/verksamhetsavfall;Restavfall;Abonnemang;Kärl;240;;;Behållarvolym;ÅRKV;0.80;standard avfall kä240re13 kärl 240 l, restavfall. var 4:e vecka årkv antb
STANDARD;Standard Avfall:50;KÄ240RE44S;KÄ240RE44S;ÅVC/verksamhetsavfall;Restavfall;Abonnemang;Kärl;240;;;Behållarvolym;ÅRKV;0.80;standard avfall kä240re44s kärl 240 l, restavfall. 2ggr/vecka säsong årkv antb
STANDARD;Standard Avfall:51;KÄ240RE22S;KÄ240RE22S;ÅVC/verksamhetsavfall;Restavfall;Abonnemang;Kärl;240;;;Behållarvolym;ÅRKV;0.80;standard avfall kä240re22s kärl 240 l, restavfall. varje vecka säsong årkv antb
STANDARD;Standard Avfall:52;KÄ240RE11S;KÄ240RE11S;ÅVC/verksamhetsavfall;Restavfall;Abonnemang;Kärl;240;;;Behållarvolym;ÅRKV;0.80;standard avfall kä240re11s kärl 240 l, restavfall. var 14:e dag säsong årkv antb
STANDARD;Standard Avfall:53;KÄ240RE6S;KÄ240RE6S;ÅVC/verksamhetsavfall;Restavfall;Abonnemang;Kärl;240;;;Behållarvolym;ÅRKV;0.80;standard avfall kä240re6s kärl 240 l, restavfall. var 4:e vecka säsong årkv antb
STANDARD;Standard Avfall:55;KÄ370RE156;KÄ370RE156;ÅVC/verksamhetsavfall;Restavfall;Abonnemang;Kärl;370;;;Behållarvolym;ÅRKV;0.80;standard avfall kä370re156 kärl 370 l, restavfall. 3ggr/vecka årkv antb
STANDARD;Standard Avfall:56;KÄ370RE104;KÄ370RE104;ÅVC/verksamhetsavfall;Restavfall;Abonnemang;Kärl;370;;;Behållarvolym;ÅRKV;0.80;standard avfall kä370re104 kärl 370 l, restavfall. 2ggr/vecka årkv antb
STANDARD;Standard Avfall:57;KÄ370RE52;KÄ370RE52;ÅVC/verksamhetsavfall;Restavfall;Abonnemang;Kärl;370;;;Behållarvolym;ÅRKV;0.80;standard avfall kä370re52 kärl 370 l, restavfall. varje vecka årkv antb
STANDARD;Standard Avfall:58;KÄ370RE26;KÄ370RE26;ÅVC/verksamhetsavfall;Restavfall;Abonnemang;Kärl;370;;;Behållarvolym;ÅRKV;0.80;standard avfall kä370re26 kärl 370 l, restavfall. var 14:e dag årkv antb
STANDARD;Standard Avfall:59;KÄ370RE13;KÄ370RE13;ÅVC/verksamhetsavfall;Restavfall;Abonnemang;Kärl;370;;;Behållarvolym;ÅRKV;0.80;standard avfall kä370re13 kärl 370 l, restavfall. var 4:e vecka årkv antb
STANDARD;Standard Avfall:60;KÄ370RE44S;KÄ370RE44S;ÅVC/verksamhetsavfall;Restavfall;Abonnemang;Kärl;370;;;Behållarvolym;ÅRKV;0.80;standard avfall kä370re44s kärl 370 l, restavfall. 2ggr/vecka säsong årkv antb
STANDARD;Standard Avfall:61;KÄ370RE22S;KÄ370RE22S;ÅVC/verksamhetsavfall;Restavfall;Abonnemang;Kärl;370;;;Behållarvolym;ÅRKV;0.80;standard avfall kä370re22s kärl 370 l, restavfall. varje vecka säsong årkv antb
STANDARD;Standard Avfall:62;KÄ370RE11S;KÄ370RE11S;ÅVC/verksamhetsavfall;Restavfall;Abonnemang;Kärl;370;;;Behållarvolym;ÅRKV;0.80;standard avfall kä370re11s kärl 370 l, restavfall. var 14:e dag säsong årkv antb
STANDARD;Standard Avfall:63;KÄ370RE6S;KÄ370RE6S;ÅVC/verksamhetsavfall;Restavfall;Abonnemang;Kärl;370;;;Behållarvolym;ÅRKV;0.80;standard avfall kä370re6s kärl 370 l, restavfall. var 4:e vecka säsong årkv antb
STANDARD;Standard Avfall:65;KÄ660RE156;KÄ660RE156;ÅVC/verksamhetsavfall;Restavfall;Abonnemang;Kärl;660;;;Behållarvolym;ÅRKV;0.80;standard avfall kä660re156 kärl 660 l, restavfall. 3ggr/vecka årkv antb
STANDARD;Standard Avfall:66;KÄ660RE104;KÄ660RE104;ÅVC/verksamhetsavfall;Restavfall;Abonnemang;Kärl;660;;;Behållarvolym;ÅRKV;0.80;standard avfall kä660re104 kärl 660 l, restavfall. 2ggr/vecka årkv antb
STANDARD;Standard Avfall:67;KÄ660RE52;KÄ660RE52;ÅVC/verksamhetsavfall;Restavfall;Abonnemang;Kärl;660;;;Behållarvolym;ÅRKV;0.80;standard avfall kä660re52 kärl 660 l, restavfall. varje vecka årkv antb
STANDARD;Standard Avfall:68;KÄ660RE026;KÄ660RE026;ÅVC/verksamhetsavfall;Restavfall;Abonnemang;Kärl;660;;;Behållarvolym;ÅRKV;0.80;standard avfall kä660re026 kärl 660 l, restavfall. var 14:e dag årkv antb
STANDARD;Standard Avfall:69;KÄ660RE13;KÄ660RE13;ÅVC/verksamhetsavfall;Restavfall;Abonnemang;Kärl;660;;;Behållarvolym;ÅRKV;0.80;standard avfall kä660re13 kärl 660 l, restavfall. var 4:e vecka årkv antb
STANDARD;Standard Avfall:70;KÄ660RE44S;KÄ660RE44S;ÅVC/verksamhetsavfall;Restavfall;Abonnemang;Kärl;660;;;Behållarvolym;ÅRKV;0.80;standard avfall kä660re44s kärl 660 l, restavfall. 2ggr/vecka säsong årkv antb
STANDARD;Standard Avfall:71;KÄ660RE22S;KÄ660RE22S;ÅVC/verksamhetsavfall;Restavfall;Abonnemang;Kärl;660;;;Behållarvolym;ÅRKV;0.80;standard avfall kä660re22s kärl 660 l, restavfall. varje vecka säsong årkv antb
STANDARD;Standard Avfall:72;KÄ660RE11S;KÄ660RE11S;ÅVC/verksamhetsavfall;Restavfall;Abonnemang;Kärl;660;;;Behållarvolym;ÅRKV;0.80;standard avfall kä660re11s kärl 660 l, restavfall. var 14:e dag säsong årkv antb
STANDARD;Standard Avfall:73;KÄ660RE6S;KÄ660RE6S;ÅVC/verksamhetsavfall;Restavfall;Abonnemang;Kärl;660;;;Behållarvolym;ÅRKV;0.80;standard avfall kä660re6s kärl 660 l, restavfall. var 4:e vecka säsong årkv antb
STANDARD;Standard Avfall:74;KÄREBUD;KÄREBUD;ÅVC/verksamhetsavfall;Restavfall;Abonnemang;Kärl;660;;;Behållarvolym;KVAN;0.80;standard avfall kärebud kärl 140-660 l, restavfall. budning kvan antl
STANDARD;Standard Avfall:77;KÄ140MA156;KÄ140MA156;ÅVC/verksamhetsavfall;Matavfall;Abonnemang;Kärl;140;;;Behållarvolym;ÅRKV;0.80;standard avfall kä140ma156 kärl 140 l, matavfall. 3ggr/vecka årkv antb
STANDARD;Standard Avfall:78;KÄ140MA104;KÄ140MA104;ÅVC/verksamhetsavfall;Matavfall;Abonnemang;Kärl;140;;;Behållarvolym;ÅRKV;0.80;standard avfall kä140ma104 kärl 140 l, matavfall. 2ggr/vecka årkv antb
STANDARD;Standard Avfall:79;KÄ140MA52;KÄ140MA52;ÅVC/verksamhetsavfall;Matavfall;Abonnemang;Kärl;140;;;Behållarvolym;ÅRKV;0.80;standard avfall kä140ma52 kärl 140 l, matavfall. varje vecka årkv antb
STANDARD;Standard Avfall:80;KÄ140MA26;KÄ140MA26;ÅVC/verksamhetsavfall;Matavfall;Abonnemang;Kärl;140;;;Behållarvolym;ÅRKV;0.80;standard avfall kä140ma26 kärl 140 l, matavfall. var 14:e dag årkv antb
STANDARD;Standard Avfall:81;KÄ140MA13;KÄ140MA13;ÅVC/verksamhetsavfall;Matavfall;Abonnemang;Kärl;140;;;Behållarvolym;ÅRKV;0.80;standard avfall kä140ma13 kärl 140 l, matavfall. var 4:e vecka årkv antb
STANDARD;Standard Avfall:82;KÄ140MA44S;KÄ140MA44S;ÅVC/verksamhetsavfall;Matavfall;Abonnemang;Kärl;140;;;Behållarvolym;ÅRKV;0.80;standard avfall kä140ma44s kärl 140 l, matavfall. 2ggr/vecka säsong årkv antb
STANDARD;Standard Avfall:83;KÄ140MA22S;KÄ140MA22S;ÅVC/verksamhetsavfall;Matavfall;Abonnemang;Kärl;140;;;Behållarvolym;ÅRKV;0.80;standard avfall kä140ma22s kärl 140 l, matavfall. varje vecka säsong årkv antb
STANDARD;Standard Avfall:84;KÄ140MA11S;KÄ140MA11S;ÅVC/verksamhetsavfall;Matavfall;Abonnemang;Kärl;140;;;Behållarvolym;ÅRKV;0.80;standard avfall kä140ma11s kärl 140 l, matavfall. var 14:e dag säsong årkv antb
STANDARD;Standard Avfall:85;KÄ140MA6S;KÄ140MA6S;ÅVC/verksamhetsavfall;Matavfall;Abonnemang;Kärl;140;;;Behållarvolym;ÅRKV;0.80;standard avfall kä140ma6s kärl 140 l, matavfall. var 4:e vecka säsong årkv antb
STANDARD;Standard Avfall:87;KÄ190MA156;KÄ190MA156;ÅVC/verksamhetsavfall;Matavfall;Abonnemang;Kärl;190;;;Behållarvolym;ÅRKV;0.80;standard avfall kä190ma156 kärl 190 l, matavfall. 3ggr/vecka årkv antb
STANDARD;Standard Avfall:88;KÄ190MA104;KÄ190MA104;ÅVC/verksamhetsavfall;Matavfall;Abonnemang;Kärl;190;;;Behållarvolym;ÅRKV;0.80;standard avfall kä190ma104 kärl 190 l, matavfall. 2ggr/vecka årkv antb
STANDARD;Standard Avfall:89;KÄ190MA52;KÄ190MA52;ÅVC/verksamhetsavfall;Matavfall;Abonnemang;Kärl;190;;;Behållarvolym;ÅRKV;0.80;standard avfall kä190ma52 kärl 190 l, matavfall. varje vecka årkv antb
STANDARD;Standard Avfall:90;KÄ190MA26;KÄ190MA26;ÅVC/verksamhetsavfall;Matavfall;Abonnemang;Kärl;190;;;Behållarvolym;ÅRKV;0.80;standard avfall kä190ma26 kärl 190 l, matavfall. var 14:e dag årkv antb
STANDARD;Standard Avfall:91;KÄ190MA13;KÄ190MA13;ÅVC/verksamhetsavfall;Matavfall;Abonnemang;Kärl;190;;;Behållarvolym;ÅRKV;0.80;standard avfall kä190ma13 kärl 190 l, matavfall. var 4:e vecka årkv antb
STANDARD;Standard Avfall:92;KÄ190MA44S;KÄ190MA44S;ÅVC/verksamhetsavfall;Matavfall;Abonnemang;Kärl;190;;;Behållarvolym;ÅRKV;0.80;standard avfall kä190ma44s kärl 190 l, matavfall. 2ggr/vecka säsong årkv antb
STANDARD;Standard Avfall:93;KÄ190MA22S;KÄ190MA22S;ÅVC/verksamhetsavfall;Matavfall;Abonnemang;Kärl;190;;;Behållarvolym;ÅRKV;0.80;standard avfall kä190ma22s kärl 190 l, matavfall. varje vecka säsong årkv antb
STANDARD;Standard Avfall:94;KÄ190MA11S;KÄ190MA11S;ÅVC/verksamhetsavfall;Matavfall;Abonnemang;Kärl;190;;;Behållarvolym;ÅRKV;0.80;standard avfall kä190ma11s kärl 190 l, matavfall. var 14:e dag säsong årkv antb
STANDARD;Standard Avfall:95;KÄ190MA6S;KÄ190MA6S;ÅVC/verksamhetsavfall;Matavfall;Abonnemang;Kärl;190;;;Behållarvolym;ÅRKV;0.80;standard avfall kä190ma6s kärl 190 l, matavfall. var 4:e vecka säsong årkv antb
STANDARD;Standard Avfall:97;KÄ240MA156;KÄ240MA156;ÅVC/verksamhetsavfall;Matavfall;Abonnemang;Kärl;240;;;Behållarvolym;ÅRKV;0.80;standard avfall kä240ma156 kärl 240 l, matavfall. 3ggr/vecka årkv antb
STANDARD;Standard Avfall:98;KÄ240MA104;KÄ240MA104;ÅVC/verksamhetsavfall;Matavfall;Abonnemang;Kärl;240;;;Behållarvolym;ÅRKV;0.80;standard avfall kä240ma104 kärl 240 l, matavfall. 2ggr/vecka årkv antb
STANDARD;Standard Avfall:99;KÄ240MA52;KÄ240MA52;ÅVC/verksamhetsavfall;Matavfall;Abonnemang;Kärl;240;;;Behållarvolym;ÅRKV;0.80;standard avfall kä240ma52 kärl 240 l, matavfall. varje vecka årkv antb
STANDARD;Standard Avfall:100;KÄ240MA26;KÄ240MA26;ÅVC/verksamhetsavfall;Matavfall;Abonnemang;Kärl;240;;;Behållarvolym;ÅRKV;0.80;standard avfall kä240ma26 kärl 240 l, matavfall. var 14:e dag årkv antb
STANDARD;Standard Avfall:101;KÄ240MA13;KÄ240MA13;ÅVC/verksamhetsavfall;Matavfall;Abonnemang;Kärl;240;;;Behållarvolym;ÅRKV;0.80;standard avfall kä240ma13 kärl 240 l, matavfall. var 4:e vecka årkv antb
STANDARD;Standard Avfall:102;KÄ240MA44S;KÄ240MA44S;ÅVC/verksamhetsavfall;Matavfall;Abonnemang;Kärl;240;;;Behållarvolym;ÅRKV;0.80;standard avfall kä240ma44s kärl 240 l, matavfall. 2ggr/vecka säsong årkv antb
STANDARD;Standard Avfall:103;KÄ240MA22S;KÄ240MA22S;ÅVC/verksamhetsavfall;Matavfall;Abonnemang;Kärl;240;;;Behållarvolym;ÅRKV;0.80;standard avfall kä240ma22s kärl 240 l, matavfall. varje vecka säsong årkv antb
STANDARD;Standard Avfall:104;KÄ240MA11S;KÄ240MA11S;ÅVC/verksamhetsavfall;Matavfall;Abonnemang;Kärl;240;;;Behållarvolym;ÅRKV;0.80;standard avfall kä240ma11s kärl 240 l, matavfall. var 14:e dag säsong årkv antb
STANDARD;Standard Avfall:105;KÄ240MA6S;KÄ240MA6S;ÅVC/verksamhetsavfall;Matavfall;Abonnemang;Kärl;240;;;Behållarvolym;ÅRKV;0.80;standard avfall kä240ma6s kärl 240 l, matavfall. var 4:e vecka säsong årkv antb
STANDARD;Standard Avfall:107;KÄ370MA156;KÄ370MA156;ÅVC/verksamhetsavfall;Matavfall;Abonnemang;Kärl;370;;;Behållarvolym;ÅRKV;0.80;standard avfall kä370ma156 kärl 370 l, matavfall. 3ggr/vecka årkv antb
STANDARD;Standard Avfall:108;KÄ370MA104;KÄ370MA104;ÅVC/verksamhetsavfall;Matavfall;Abonnemang;Kärl;370;;;Behållarvolym;ÅRKV;0.80;standard avfall kä370ma104 kärl 370 l, matavfall. 2ggr/vecka årkv antb
STANDARD;Standard Avfall:109;KÄ370MA52;KÄ370MA52;ÅVC/verksamhetsavfall;Matavfall;Abonnemang;Kärl;370;;;Behållarvolym;ÅRKV;0.80;standard avfall kä370ma52 kärl 370 l, matavfall. varje vecka årkv antb
STANDARD;Standard Avfall:110;KÄ370MA26;KÄ370MA26;ÅVC/verksamhetsavfall;Matavfall;Abonnemang;Kärl;370;;;Behållarvolym;ÅRKV;0.80;standard avfall kä370ma26 kärl 370 l, matavfall. var 14:e dag årkv antb
STANDARD;Standard Avfall:111;KÄ370MA13;KÄ370MA13;ÅVC/verksamhetsavfall;Matavfall;Abonnemang;Kärl;370;;;Behållarvolym;ÅRKV;0.80;standard avfall kä370ma13 kärl 370 l, matavfall. var 4:e vecka årkv antb
STANDARD;Standard Avfall:112;KÄ370MA44S;KÄ370MA44S;ÅVC/verksamhetsavfall;Matavfall;Abonnemang;Kärl;370;;;Behållarvolym;ÅRKV;0.80;standard avfall kä370ma44s kärl 370 l, matavfall. 2ggr/vecka säsong årkv antb
STANDARD;Standard Avfall:113;KÄ370MA22S;KÄ370MA22S;ÅVC/verksamhetsavfall;Matavfall;Abonnemang;Kärl;370;;;Behållarvolym;ÅRKV;0.80;standard avfall kä370ma22s kärl 370 l, matavfall. varje vecka säsong årkv antb
STANDARD;Standard Avfall:114;KÄ370MA11S;KÄ370MA11S;ÅVC/verksamhetsavfall;Matavfall;Abonnemang;Kärl;370;;;Behållarvolym;ÅRKV;0.80;standard avfall kä370ma11s kärl 370 l, matavfall. var 14:e dag säsong årkv antb
STANDARD;Standard Avfall:115;KÄ370MA6S;KÄ370MA6S;ÅVC/verksamhetsavfall;Matavfall;Abonnemang;Kärl;370;;;Behållarvolym;ÅRKV;0.80;standard avfall kä370ma6s kärl 370 l, matavfall. var 4:e vecka säsong årkv antb
STANDARD;Standard Avfall:117;KÄMABUD;KÄMABUD;ÅVC/verksamhetsavfall;Matavfall;Abonnemang;Kärl;370;;;Behållarvolym;KVAN;0.80;standard avfall kämabud kärl 140-370 l, matavfall. budning kvan antl
STANDARD;Standard Avfall:120;KÄ140OS156;KÄ140OS156;ÅVC/verksamhetsavfall;;Abonnemang;Kärl;140;;;Behållarvolym;ÅRKV;0.80;standard avfall kä140os156 kärl 140 l, osort. avfall. 3ggr/vecka årkv antb
STANDARD;Standard Avfall:121;KÄ140OS104;KÄ140OS104;ÅVC/verksamhetsavfall;;Abonnemang;Kärl;140;;;Behållarvolym;ÅRKV;0.80;standard avfall kä140os104 kärl 140 l, osort. avfall. 2ggr/vecka årkv antb
STANDARD;Standard Avfall:122;KÄ140OS52;KÄ140OS52;ÅVC/verksamhetsavfall;;Abonnemang;Kärl;140;;;Behållarvolym;ÅRKV;0.80;standard avfall kä140os52 kärl 140 l, osort. avfall. varje vecka årkv antb
STANDARD;Standard Avfall:123;KÄ140OS26;KÄ140OS26;ÅVC/verksamhetsavfall;;Abonnemang;Kärl;140;;;Behållarvolym;ÅRKV;0.80;standard avfall kä140os26 kärl 140 l, osort. avfall. var 14:e dag årkv antb
STANDARD;Standard Avfall:124;KÄ140OS13;KÄ140OS13;ÅVC/verksamhetsavfall;;Abonnemang;Kärl;140;;;Behållarvolym;ÅRKV;0.80;standard avfall kä140os13 kärl 140 l, osort. avfall. var 4:e vecka årkv antb
STANDARD;Standard Avfall:125;KÄ140OS44S;KÄ140OS44S;ÅVC/verksamhetsavfall;;Abonnemang;Kärl;140;;;Behållarvolym;ÅRKV;0.80;standard avfall kä140os44s kärl 140 l, osort. avfall. 2ggr/vecka säsong årkv antb
STANDARD;Standard Avfall:126;KÄ140OS22S;KÄ140OS22S;ÅVC/verksamhetsavfall;;Abonnemang;Kärl;140;;;Behållarvolym;ÅRKV;0.80;standard avfall kä140os22s kärl 140 l, osort. avfall. varje vecka säsong årkv antb
STANDARD;Standard Avfall:127;KÄ140OS11S;KÄ140OS11S;ÅVC/verksamhetsavfall;;Abonnemang;Kärl;140;;;Behållarvolym;ÅRKV;0.80;standard avfall kä140os11s kärl 140 l, osort. avfall. var 14:e dag säsong årkv antb
STANDARD;Standard Avfall:128;KÄ140OS6S;KÄ140OS6S;ÅVC/verksamhetsavfall;;Abonnemang;Kärl;140;;;Behållarvolym;ÅRKV;0.80;standard avfall kä140os6s kärl 140 l, osort. avfall. var 4:e vecka säsong årkv antb
STANDARD;Standard Avfall:130;SÄ160OS156;SÄ160OS156;ÅVC/verksamhetsavfall;;Abonnemang;Säck;160;;;Behållarvolym;ÅRKV;0.80;standard avfall sä160os156 säck 160 l, osort. avfall. 3ggr/vecka årkv antb
STANDARD;Standard Avfall:131;SÄ160OS104;SÄ160OS104;ÅVC/verksamhetsavfall;;Abonnemang;Säck;160;;;Behållarvolym;ÅRKV;0.80;standard avfall sä160os104 säck 160 l, osort. avfall. 2ggr/vecka årkv antb
STANDARD;Standard Avfall:132;SÄ160OS52;SÄ160OS52;ÅVC/verksamhetsavfall;;Abonnemang;Säck;160;;;Behållarvolym;ÅRKV;0.80;standard avfall sä160os52 säck 160 l, osort. avfall. varje vecka årkv antb
STANDARD;Standard Avfall:133;SÄ160OS26;SÄ160OS26;ÅVC/verksamhetsavfall;;Abonnemang;Säck;160;;;Behållarvolym;ÅRKV;0.80;standard avfall sä160os26 säck 160 l, osort. avfall. var 14:e dag årkv antb
STANDARD;Standard Avfall:134;SÄ160OS13;SÄ160OS13;ÅVC/verksamhetsavfall;;Abonnemang;Säck;160;;;Behållarvolym;ÅRKV;0.80;standard avfall sä160os13 säck 160 l, osort. avfall. var 4:e vecka årkv antb
STANDARD;Standard Avfall:135;SÄ160OS44S;SÄ160OS44S;ÅVC/verksamhetsavfall;;Abonnemang;Säck;160;;;Behållarvolym;ÅRKV;0.80;standard avfall sä160os44s säck 160 l, osort. avfall. 2ggr/vecka säsong årkv antb
STANDARD;Standard Avfall:136;SÄ160OS22S;SÄ160OS22S;ÅVC/verksamhetsavfall;;Abonnemang;Säck;160;;;Behållarvolym;ÅRKV;0.80;standard avfall sä160os22s säck 160 l, osort. avfall. varje vecka säsong årkv antb
STANDARD;Standard Avfall:137;SÄ160OS11S;SÄ160OS11S;ÅVC/verksamhetsavfall;;Abonnemang;Säck;160;;;Behållarvolym;ÅRKV;0.80;standard avfall sä160os11s säck 160 l, osort. avfall. var 14:e dag säsong årkv antb
STANDARD;Standard Avfall:138;SÄ160OS6S;SÄ160OS6S;ÅVC/verksamhetsavfall;;Abonnemang;Säck;160;;;Behållarvolym;ÅRKV;0.80;standard avfall sä160os6s säck 160 l, osort. avfall. var 4:e vecka säsong årkv antb
STANDARD;Standard Avfall:140;KÄ190OS156;KÄ190OS156;ÅVC/verksamhetsavfall;;Abonnemang;Kärl;190;;;Behållarvolym;ÅRKV;0.80;standard avfall kä190os156 kärl 190 l, osort. avfall. 3ggr/vecka årkv antb
STANDARD;Standard Avfall:141;KÄ190OS104;KÄ190OS104;ÅVC/verksamhetsavfall;;Abonnemang;Kärl;190;;;Behållarvolym;ÅRKV;0.80;standard avfall kä190os104 kärl 190 l, osort. avfall. 2ggr/vecka årkv antb
STANDARD;Standard Avfall:142;KÄ190OS52;KÄ190OS52;ÅVC/verksamhetsavfall;;Abonnemang;Kärl;190;;;Behållarvolym;ÅRKV;0.80;standard avfall kä190os52 kärl 190 l, osort. avfall. varje vecka årkv antb
STANDARD;Standard Avfall:143;KÄ190OS26;KÄ190OS26;ÅVC/verksamhetsavfall;;Abonnemang;Kärl;190;;;Behållarvolym;ÅRKV;0.80;standard avfall kä190os26 kärl 190 l, osort. avfall. var 14:e dag årkv antb
STANDARD;Standard Avfall:144;KÄ190OS13;KÄ190OS13;ÅVC/verksamhetsavfall;;Abonnemang;Kärl;190;;;Behållarvolym;ÅRKV;0.80;standard avfall kä190os13 kärl 190 l, osort. avfall. var 4:e vecka årkv antb
STANDARD;Standard Avfall:145;KÄ190OS44S;KÄ190OS44S;ÅVC/verksamhetsavfall;;Abonnemang;Kärl;190;;;Behållarvolym;ÅRKV;0.80;standard avfall kä190os44s kärl 190 l, osort. avfall. 2ggr/vecka säsong årkv antb
STANDARD;Standard Avfall:146;KÄ190OS22S;KÄ190OS22S;ÅVC/verksamhetsavfall;;Abonnemang;Kärl;190;;;Behållarvolym;ÅRKV;0.80;standard avfall kä190os22s kärl 190 l, osort. avfall. varje vecka säsong årkv antb
STANDARD;Standard Avfall:147;KÄ190OS11S;KÄ190OS11S;ÅVC/verksamhetsavfall;;Abonnemang;Kärl;190;;;Behållarvolym;ÅRKV;0.80;standard avfall kä190os11s kärl 190 l, osort. avfall. var 14:e dag säsong årkv antb
STANDARD;Standard Avfall:148;KÄ190OS6S;KÄ190OS6S;ÅVC/verksamhetsavfall;;Abonnemang;Kärl;190;;;Behållarvolym;ÅRKV;0.80;standard avfall kä190os6s kärl 190 l, osort. avfall. var 4:e vecka säsong årkv antb
STANDARD;Standard Avfall:150;KÄ240OS156;KÄ240OS156;ÅVC/verksamhetsavfall;;Abonnemang;Kärl;240;;;Behållarvolym;ÅRKV;0.80;standard avfall kä240os156 kärl 240 l, osort. avfall. 3ggr/vecka årkv antb
STANDARD;Standard Avfall:151;KÄ240OS104;KÄ240OS104;ÅVC/verksamhetsavfall;;Abonnemang;Kärl;240;;;Behållarvolym;ÅRKV;0.80;standard avfall kä240os104 kärl 240 l, osort. avfall. 2ggr/vecka årkv antb
STANDARD;Standard Avfall:152;KÄ240OS52;KÄ240OS52;ÅVC/verksamhetsavfall;;Abonnemang;Kärl;240;;;Behållarvolym;ÅRKV;0.80;standard avfall kä240os52 kärl 240 l, osort. avfall. varje vecka årkv antb
STANDARD;Standard Avfall:153;KÄ240OS26;KÄ240OS26;ÅVC/verksamhetsavfall;;Abonnemang;Kärl;240;;;Behållarvolym;ÅRKV;0.80;standard avfall kä240os26 kärl 240 l, osort. avfall. var 14:e dag årkv antb
STANDARD;Standard Avfall:154;KÄ240OS13;KÄ240OS13;ÅVC/verksamhetsavfall;;Abonnemang;Kärl;240;;;Behållarvolym;ÅRKV;0.80;standard avfall kä240os13 kärl 240 l, osort. avfall. var 4:e vecka årkv antb
STANDARD;Standard Avfall:155;KÄ240OS44S;KÄ240OS44S;ÅVC/verksamhetsavfall;;Abonnemang;Kärl;240;;;Behållarvolym;ÅRKV;0.80;standard avfall kä240os44s kärl 240 l, osort. avfall. 2ggr/vecka säsong årkv antb
STANDARD;Standard Avfall:156;KÄ240OS22S;KÄ240OS22S;ÅVC/verksamhetsavfall;;Abonnemang;Kärl;240;;;Behållarvolym;ÅRKV;0.80;standard avfall kä240os22s kärl 240 l, osort. avfall. varje vecka säsong årkv antb
STANDARD;Standard Avfall:157;KÄ240OS11S;KÄ240OS11S;ÅVC/verksamhetsavfall;;Abonnemang;Kärl;240;;;Behållarvolym;ÅRKV;0.80;standard avfall kä240os11s kärl 240 l, osort. avfall. var 14:e dag säsong årkv antb
STANDARD;Standard Avfall:158;KÄ240OS6S;KÄ240OS6S;ÅVC/verksamhetsavfall;;Abonnemang;Kärl;240;;;Behållarvolym;ÅRKV;0.80;standard avfall kä240os6s kärl 240 l, osort. avfall. var 4:e vecka säsong årkv antb
STANDARD;Standard Avfall:160;KÄ370OS156;KÄ370OS156;ÅVC/verksamhetsavfall;;Abonnemang;Kärl;370;;;Behållarvolym;ÅRKV;0.80;standard avfall kä370os156 kärl 370 l, osort. avfall. 3ggr/vecka årkv antb
STANDARD;Standard Avfall:161;KÄ370OS104;KÄ370OS104;ÅVC/verksamhetsavfall;;Abonnemang;Kärl;370;;;Behållarvolym;ÅRKV;0.80;standard avfall kä370os104 kärl 370 l, osort. avfall. 2ggr/vecka årkv antb
STANDARD;Standard Avfall:162;KÄ370OS52;KÄ370OS52;ÅVC/verksamhetsavfall;;Abonnemang;Kärl;370;;;Behållarvolym;ÅRKV;0.80;standard avfall kä370os52 kärl 370 l, osort. avfall. varje vecka årkv antb
STANDARD;Standard Avfall:163;KÄ370OS26;KÄ370OS26;ÅVC/verksamhetsavfall;;Abonnemang;Kärl;370;;;Behållarvolym;ÅRKV;0.80;standard avfall kä370os26 kärl 370 l, osort. avfall. var 14:e dag årkv antb
STANDARD;Standard Avfall:164;KÄ370OS13;KÄ370OS13;ÅVC/verksamhetsavfall;;Abonnemang;Kärl;370;;;Behållarvolym;ÅRKV;0.80;standard avfall kä370os13 kärl 370 l, osort. avfall. var 4:e vecka årkv antb
STANDARD;Standard Avfall:165;KÄ370OS44S;KÄ370OS44S;ÅVC/verksamhetsavfall;;Abonnemang;Kärl;370;;;Behållarvolym;ÅRKV;0.80;standard avfall kä370os44s kärl 370 l, osort. avfall. 2ggr/vecka säsong årkv antb
STANDARD;Standard Avfall:166;KÄ370OS22S;KÄ370OS22S;ÅVC/verksamhetsavfall;;Abonnemang;Kärl;370;;;Behållarvolym;ÅRKV;0.80;standard avfall kä370os22s kärl 370 l, osort. avfall. varje vecka säsong årkv antb
STANDARD;Standard Avfall:167;KÄ370OS11S;KÄ370OS11S;ÅVC/verksamhetsavfall;;Abonnemang;Kärl;370;;;Behållarvolym;ÅRKV;0.80;standard avfall kä370os11s kärl 370 l, osort. avfall. var 14:e dag säsong årkv antb
STANDARD;Standard Avfall:168;KÄ370OS6S;KÄ370OS6S;ÅVC/verksamhetsavfall;;Abonnemang;Kärl;370;;;Behållarvolym;ÅRKV;0.80;standard avfall kä370os6s kärl 370 l, osort. avfall. var 4:e vecka säsong årkv antb
STANDARD;Standard Avfall:170;KK400OS104;KK400OS104;ÅVC/verksamhetsavfall;;Abonnemang;Kärl;400;;;Behållarvolym;ÅRKV;0.80;standard avfall kk400os104 kärl komp. 400 l, osort. avfall. 2ggr/vecka årkv antb
STANDARD;Standard Avfall:171;KK400OS52;KK400OS52;ÅVC/verksamhetsavfall;;Abonnemang;Kärl;400;;;Behållarvolym;ÅRKV;0.80;standard avfall kk400os52 kärl komp. 400 l, osort. avfall. varje vecka årkv antb
STANDARD;Standard Avfall:172;KK400OS26;KK400OS26;ÅVC/verksamhetsavfall;;Abonnemang;Kärl;400;;;Behållarvolym;ÅRKV;0.80;standard avfall kk400os26 kärl komp. 400 l, osort. avfall. var 14:e dag årkv antb
STANDARD;Standard Avfall:174;KÄ660OS156;KÄ660OS156;ÅVC/verksamhetsavfall;;Abonnemang;Kärl;660;;;Behållarvolym;ÅRKV;0.80;standard avfall kä660os156 kärl 660 l, osort. avfall. 3ggr/vecka årkv antb
STANDARD;Standard Avfall:175;KÄ660OS104;KÄ660OS104;ÅVC/verksamhetsavfall;;Abonnemang;Kärl;660;;;Behållarvolym;ÅRKV;0.80;standard avfall kä660os104 kärl 660 l, osort. avfall. 2ggr/vecka årkv antb
STANDARD;Standard Avfall:176;KÄ660OS52;KÄ660OS52;ÅVC/verksamhetsavfall;;Abonnemang;Kärl;660;;;Behållarvolym;ÅRKV;0.80;standard avfall kä660os52 kärl 660 l, osort. avfall. varje vecka årkv antb
STANDARD;Standard Avfall:177;KÄ660OS26;KÄ660OS26;ÅVC/verksamhetsavfall;;Abonnemang;Kärl;660;;;Behållarvolym;ÅRKV;0.80;standard avfall kä660os26 kärl 660 l, osort. avfall. var 14:e dag årkv antb
STANDARD;Standard Avfall:178;KÄ660OS13;KÄ660OS13;ÅVC/verksamhetsavfall;;Abonnemang;Kärl;660;;;Behållarvolym;ÅRKV;0.80;standard avfall kä660os13 kärl 660 l, osort. avfall. var 4:e vecka årkv antb
STANDARD;Standard Avfall:179;KÄ660OS44S;KÄ660OS44S;ÅVC/verksamhetsavfall;;Abonnemang;Kärl;660;;;Behållarvolym;ÅRKV;0.80;standard avfall kä660os44s kärl 660 l, osort. avfall. 2ggr/vecka säsong årkv antb
STANDARD;Standard Avfall:180;KÄ660OS22S;KÄ660OS22S;ÅVC/verksamhetsavfall;;Abonnemang;Kärl;660;;;Behållarvolym;ÅRKV;0.80;standard avfall kä660os22s kärl 660 l, osort. avfall. varje vecka säsong årkv antb
STANDARD;Standard Avfall:181;KÄ660OS11S;KÄ660OS11S;ÅVC/verksamhetsavfall;;Abonnemang;Kärl;660;;;Behållarvolym;ÅRKV;0.80;standard avfall kä660os11s kärl 660 l, osort. avfall. var 14:e dag säsong årkv antb
STANDARD;Standard Avfall:182;KÄ660OS6S;KÄ660OS6S;ÅVC/verksamhetsavfall;;Abonnemang;Kärl;660;;;Behållarvolym;ÅRKV;0.80;standard avfall kä660os6s kärl 660 l, osort. avfall. var 4:e vecka säsong årkv antb
STANDARD;Standard Avfall:184;KÄOSBUD;KÄOSBUD;ÅVC/verksamhetsavfall;;Abonnemang;Kärl;660;;;Behållarvolym;KVAN;0.80;standard avfall käosbud kärl 140-660 l, osort. avfall. budning kvan antl
STANDARD;Standard Avfall:187;KÄ370FF126;KÄ370FF126;ÅVC/verksamhetsavfall;;Abonnemang;Kärl;370;;;Behållarvolym;ÅRKV;0.80;standard avfall kä370ff126 kärl, 370 l fyrfack. kärl 1. var 14:e dag årkv antb
STANDARD;Standard Avfall:188;KÄ370FF226;KÄ370FF226;ÅVC/verksamhetsavfall;;Abonnemang;Kärl;370;;;Behållarvolym;ÅRKV;0.80;standard avfall kä370ff226 kärl, 370 l fyrfack. kärl 2. var 14:e dag årkv antb
STANDARD;Standard Avfall:189;KÄ370FF113;KÄ370FF113;ÅVC/verksamhetsavfall;;Abonnemang;Kärl;370;;;Behållarvolym;ÅRKV;0.80;standard avfall kä370ff113 kärl, 370 l fyrfack. kärl 1. var 4:e vecka årkv antb
STANDARD;Standard Avfall:190;KÄ370FF213;KÄ370FF213;ÅVC/verksamhetsavfall;;Abonnemang;Kärl;370;;;Behållarvolym;ÅRKV;0.80;standard avfall kä370ff213 kärl, 370 l fyrfack. kärl 2. var 4:e vecka årkv antb
STANDARD;Standard Avfall:192;KÄ370FF111S;KÄ370FF111S;ÅVC/verksamhetsavfall;;Abonnemang;Kärl;370;;;Behållarvolym;ÅRKV;0.80;standard avfall kä370ff111s kärl, 370 l fyrfack. kärl 1, var 14:e dag säsong årkv antb
STANDARD;Standard Avfall:193;KÄ370FF111S;KÄ370FF111S;ÅVC/verksamhetsavfall;;Abonnemang;Kärl;370;;;Behållarvolym;ÅRKV;0.80;standard avfall kä370ff111s kärl, 370 l fyrfack. kärl 1, var 14:e dag säsong årkv antb
STANDARD;Standard Avfall:194;KÄ370FF16S;KÄ370FF16S;ÅVC/verksamhetsavfall;;Abonnemang;Kärl;370;;;Behållarvolym;ÅRKV;0.80;standard avfall kä370ff16s kärl, 370 l fyrfack. kärl 1. var 4:e vecka säsong årkv antb
STANDARD;Standard Avfall:195;KÄ370FF26S;KÄ370FF26S;ÅVC/verksamhetsavfall;;Abonnemang;Kärl;370;;;Behållarvolym;ÅRKV;0.80;standard avfall kä370ff26s kärl, 370 l fyrfack. kärl 2. var 4:e vecka säsong årkv antb
STANDARD;Standard Avfall:198;GROVBUD;GROVBUD;ÅVC/verksamhetsavfall;;Hämtning/tömning;;;;;;KVAN;0.80;standard avfall grovbud hämtning grovavfall, budning kvan antl
STANDARD;Standard Avfall:199;LÖSTKBMBUD;LÖSTKBMBUD;ÅVC/verksamhetsavfall;;Hämtning/tömning;;;;;;KVAN;0.80;standard avfall löstkbmbud hämtning löst avfall, per kbm. budning kvan antl
STANDARD;Standard Avfall:200;BUDNING;BUDNING;ÅVC/verksamhetsavfall;;Abonnemang;;;;;;KVAN;0.80;standard avfall budning budningsavgift kvan antl
STANDARD;Standard Avfall:203;KÄ37LA26;KÄ37LA26;ÅVC/verksamhetsavfall;;Abonnemang;Kärl;37;;;Behållarvolym;ÅRKV;0.80;standard avfall kä37la26 kärl 37 l, latrin. var 14:e dag årkv antb
STANDARD;Standard Avfall:204;KÄ37LA12;KÄ37LA12;ÅVC/verksamhetsavfall;;Abonnemang;Kärl;37;;;Behållarvolym;ÅRKV;0.80;standard avfall kä37la12 kärl 37 l, latrin. var 4:e vecka årkv antb
STANDARD;Standard Avfall:205;KÄ37LA11S;KÄ37LA11S;ÅVC/verksamhetsavfall;;Abonnemang;Kärl;37;;;Behållarvolym;ÅRKV;0.80;standard avfall kä37la11s kärl 37 l, latrin. var 14:e dag, säsong årkv antb
STANDARD;Standard Avfall:206;KÄ37LA6S;KÄ37LA6S;ÅVC/verksamhetsavfall;;Abonnemang;Kärl;37;;;Behållarvolym;ÅRKV;0.80;standard avfall kä37la6s kärl 37 l, latrin. var 4:e vecka, säsong årkv antb
STANDARD;Standard Avfall:207;KÄLABUD;KÄLABUD;ÅVC/verksamhetsavfall;;Abonnemang;Kärl;;;;;KVAN;0.80;standard avfall kälabud kärl, latrin. budning kvan antl
STANDARD;Standard Avfall:208;KÄLAEXTORD;KÄLAEXTORD;ÅVC/verksamhetsavfall;;Extra;Kärl;;;;;KVAN;0.80;standard avfall kälaextord kärl, latrin. extrakärl, ordinarie hämtning kvan antl
STANDARD;Standard Avfall:211;MB1300RE104;MB1300RE104;ÅVC/verksamhetsavfall;Restavfall;Abonnemang;;;;;;ÅRKV;0.80;standard avfall mb1300re104 markbehållare 1, 3 m³, restavfall. 2ggr/vecka årkv antb
STANDARD;Standard Avfall:212;MB1300RE52;MB1300RE52;ÅVC/verksamhetsavfall;Restavfall;Abonnemang;;;;;;ÅRKV;0.80;standard avfall mb1300re52 markbehållare 1, 3 m³, restavfall. varje vecka årkv antb
STANDARD;Standard Avfall:213;MB1300RE26;MB1300RE26;ÅVC/verksamhetsavfall;Restavfall;Abonnemang;;;;;;ÅRKV;0.80;standard avfall mb1300re26 markbehållare 1, 3 m³, restavfall. var 14:e dag årkv antb
STANDARD;Standard Avfall:214;MB1300RE13;MB1300RE13;ÅVC/verksamhetsavfall;Restavfall;Abonnemang;;;;;;ÅRKV;0.80;standard avfall mb1300re13 markbehållare 1, 3 m³, restavfall. var 4:e vecka årkv antb
STANDARD;Standard Avfall:215;MB1300REBUD;MB1300REBUD;ÅVC/verksamhetsavfall;Restavfall;Abonnemang;;;;;;KVAN;0.80;standard avfall mb1300rebud markbehållare 1, 3 m³, restavfall. budning kvan antl
STANDARD;Standard Avfall:217;MB2200RE104;MB2200RE104;ÅVC/verksamhetsavfall;Restavfall;Abonnemang;;;;;;ÅRKV;0.80;standard avfall mb2200re104 markbehållare 2, 2 m³, restavfall. 2ggr/vecka årkv antb
STANDARD;Standard Avfall:218;MB2200RE52;MB2200RE52;ÅVC/verksamhetsavfall;Restavfall;Abonnemang;;;;;;ÅRKV;0.80;standard avfall mb2200re52 markbehållare 2, 2 m³, restavfall. varje vecka årkv antb
STANDARD;Standard Avfall:219;MB2200RE26;MB2200RE26;ÅVC/verksamhetsavfall;Restavfall;Abonnemang;;;;;;ÅRKV;0.80;standard avfall mb2200re26 markbehållare 2, 2 m³, restavfall. var 14:e dag årkv antb
STANDARD;Standard Avfall:220;MB2200RE13;MB2200RE13;ÅVC/verksamhetsavfall;Restavfall;Abonnemang;;;;;;ÅRKV;0.80;standard avfall mb2200re13 markbehållare 2, 2 m³, restavfall. var 4:e vecka årkv antb
STANDARD;Standard Avfall:221;MB2200REBUD;MB2200REBUD;ÅVC/verksamhetsavfall;Restavfall;Abonnemang;;;;;;KVAN;0.80;standard avfall mb2200rebud markbehållare 2, 2 m³, restavfall. budning kvan antl
STANDARD;Standard Avfall:223;MB5000RE104;MB5000RE104;ÅVC/verksamhetsavfall;Restavfall;Abonnemang;;;;;;ÅRKV;0.80;standard avfall mb5000re104 markbehållare 5 m³, restavfall. 2ggr/vecka årkv antb
STANDARD;Standard Avfall:224;MB5000RE52;MB5000RE52;ÅVC/verksamhetsavfall;Restavfall;Abonnemang;;;;;;ÅRKV;0.80;standard avfall mb5000re52 markbehållare 5 m³, restavfall. varje vecka årkv antb
STANDARD;Standard Avfall:225;MB5000RE26;MB5000RE26;ÅVC/verksamhetsavfall;Restavfall;Abonnemang;;;;;;ÅRKV;0.80;standard avfall mb5000re26 markbehållare 5 m³, restavfall. var 14:e dag årkv antb
STANDARD;Standard Avfall:226;MB5000RE13;MB5000RE13;ÅVC/verksamhetsavfall;Restavfall;Abonnemang;;;;;;ÅRKV;0.80;standard avfall mb5000re13 markbehållare 5 m³, restavfall. var 4:e vecka årkv antb
STANDARD;Standard Avfall:227;MB5000REBUD;MB5000REBUD;ÅVC/verksamhetsavfall;Restavfall;Abonnemang;;;;;;KVAN;0.80;standard avfall mb5000rebud markbehållare 5 m³, restavfall. budning kvan antl
STANDARD;Standard Avfall:229;MB800MA104;MB800MA104;ÅVC/verksamhetsavfall;Matavfall;Abonnemang;;;;;;ÅRKV;0.80;standard avfall mb800ma104 markbehållare 0, 8 m³, matavfall. 2ggr/vecka årkv antb
STANDARD;Standard Avfall:230;MB800MA52;MB800MA52;ÅVC/verksamhetsavfall;Matavfall;Abonnemang;;;;;;ÅRKV;0.80;standard avfall mb800ma52 markbehållare 0, 8 m³, matavfall. varje vecka årkv antb
STANDARD;Standard Avfall:231;MB800MA26;MB800MA26;ÅVC/verksamhetsavfall;Matavfall;Abonnemang;;;;;;ÅRKV;0.80;standard avfall mb800ma26 markbehållare 0, 8 m³, matavfall. var 14:e dag årkv antb
STANDARD;Standard Avfall:232;MB800MA13;MB800MA13;ÅVC/verksamhetsavfall;Matavfall;Abonnemang;;;;;;ÅRKV;0.80;standard avfall mb800ma13 markbehållare 0, 8 m³, matavfall. var 4:e vecka årkv antb
STANDARD;Standard Avfall:233;MB800MABUD;MB800MABUD;ÅVC/verksamhetsavfall;Matavfall;Abonnemang;;;;;;KVAN;0.80;standard avfall mb800mabud markbehållare 0, 8 m³, matavfall. budning kvan antl
STANDARD;Standard Avfall:235;MB1300MA104;MB1300MA104;ÅVC/verksamhetsavfall;Matavfall;Abonnemang;;;;;;ÅRKV;0.80;standard avfall mb1300ma104 markbehållare 1, 3 m³, matavfall. 2ggr/vecka årkv antb
STANDARD;Standard Avfall:236;MB1300MA52;MB1300MA52;ÅVC/verksamhetsavfall;Matavfall;Abonnemang;;;;;;ÅRKV;0.80;standard avfall mb1300ma52 markbehållare 1, 3 m³, matavfall. varje vecka årkv antb
STANDARD;Standard Avfall:237;MB1300MA26;MB1300MA26;ÅVC/verksamhetsavfall;Matavfall;Abonnemang;;;;;;ÅRKV;0.80;standard avfall mb1300ma26 markbehållare 1, 3 m³, matavfall. var 14:e dag årkv antb
STANDARD;Standard Avfall:238;MB1300MA13;MB1300MA13;ÅVC/verksamhetsavfall;Matavfall;Abonnemang;;;;;;ÅRKV;0.80;standard avfall mb1300ma13 markbehållare 1, 3 m³, matavfall. var 4:e vecka årkv antb
STANDARD;Standard Avfall:239;MB1300MABUD;MB1300MABUD;ÅVC/verksamhetsavfall;Matavfall;Abonnemang;;;;;;KVAN;0.80;standard avfall mb1300mabud markbehållare 1, 3 m³, matavfall. budning kvan antl
STANDARD;Standard Avfall:241;MB1300OS104;MB1300OS104;ÅVC/verksamhetsavfall;;Abonnemang;;;;;;ÅRKV;0.80;standard avfall mb1300os104 markbehållare 1, 3 m³, osorterat avfall. 2ggr/vecka årkv antb
STANDARD;Standard Avfall:242;MB1300OS52;MB1300OS52;ÅVC/verksamhetsavfall;;Abonnemang;;;;;;ÅRKV;0.80;standard avfall mb1300os52 markbehållare 1, 3 m³, osorterat avfall. varje vecka årkv antb
STANDARD;Standard Avfall:243;MB1300OS26;MB1300OS26;ÅVC/verksamhetsavfall;;Abonnemang;;;;;;ÅRKV;0.80;standard avfall mb1300os26 markbehållare 1, 3 m³, osorterat avfall. var 14:e dag årkv antb
STANDARD;Standard Avfall:244;MB1300OS13;MB1300OS13;ÅVC/verksamhetsavfall;;Abonnemang;;;;;;ÅRKV;0.80;standard avfall mb1300os13 markbehållare 1, 3 m³, osorterat avfall. var 4:e vecka årkv antb
STANDARD;Standard Avfall:245;MB1300OSBUD;MB1300OSBUD;ÅVC/verksamhetsavfall;;Abonnemang;;;;;;KVAN;0.80;standard avfall mb1300osbud markbehållare 1, 3 m³, osorterat avfall. budning kvan antl
STANDARD;Standard Avfall:247;MB1600MA104;MB1600MA104;ÅVC/verksamhetsavfall;Matavfall;Abonnemang;;;;;;ÅRKV;0.80;standard avfall mb1600ma104 markbehållare 1, 6 m³, matavfall. 2ggr/vecka årkv antb
STANDARD;Standard Avfall:248;MB1600MA52;MB1600MA52;ÅVC/verksamhetsavfall;Matavfall;Abonnemang;;;;;;ÅRKV;0.80;standard avfall mb1600ma52 markbehållare 1, 6 m³, matavfall. varje vecka årkv antb
STANDARD;Standard Avfall:249;MB1600MA26;MB1600MA26;ÅVC/verksamhetsavfall;Matavfall;Abonnemang;;;;;;ÅRKV;0.80;standard avfall mb1600ma26 markbehållare 1, 6 m³, matavfall. var 14:e dag årkv antb
STANDARD;Standard Avfall:250;MB1600MA13;MB1600MA13;ÅVC/verksamhetsavfall;Matavfall;Abonnemang;;;;;;ÅRKV;0.80;standard avfall mb1600ma13 markbehållare 1, 6 m³, matavfall. var 4:e vecka årkv antb
STANDARD;Standard Avfall:251;MB1600MABUD;MB1600MABUD;ÅVC/verksamhetsavfall;Matavfall;Abonnemang;;;;;;KVAN;0.80;standard avfall mb1600mabud markbehållare 1, 6m³, matavfall. budning kvan antl
STANDARD;Standard Avfall:253;MB1600OS104;MB1600OS104;ÅVC/verksamhetsavfall;;Abonnemang;;;;;;ÅRKV;0.80;standard avfall mb1600os104 markbehållare 1, 6 m³, osorterat avfall. 2ggr/vecka årkv antb
STANDARD;Standard Avfall:254;MB1600OS52;MB1600OS52;ÅVC/verksamhetsavfall;;Abonnemang;;;;;;ÅRKV;0.80;standard avfall mb1600os52 markbehållare 1, 6 m³, osorterat avfall. varje vecka årkv antb
STANDARD;Standard Avfall:255;MB1600OS26;MB1600OS26;ÅVC/verksamhetsavfall;;Abonnemang;;;;;;ÅRKV;0.80;standard avfall mb1600os26 markbehållare 1, 6 m³, osorterat avfall. var 14:e dag årkv antb
STANDARD;Standard Avfall:256;MB1600OS13;MB1600OS13;ÅVC/verksamhetsavfall;;Abonnemang;;;;;;ÅRKV;0.80;standard avfall mb1600os13 markbehållare 1, 6 m³, osorterat avfall. var 4:e vecka årkv antb
STANDARD;Standard Avfall:257;MB1600OSBUD;MB1600OSBUD;ÅVC/verksamhetsavfall;;Abonnemang;;;;;;KVAN;0.80;standard avfall mb1600osbud markbehållare 1, 6 m³, osorterat avfall. budning kvan antl
STANDARD;Standard Avfall:259;MB2200OS104;MB2200OS104;ÅVC/verksamhetsavfall;;Abonnemang;;;;;;ÅRKV;0.80;standard avfall mb2200os104 markbehållare 2, 2 m³, osorterat avfall. 2ggr/vecka årkv antb
STANDARD;Standard Avfall:260;MB2200OS52;MB2200OS52;ÅVC/verksamhetsavfall;;Abonnemang;;;;;;ÅRKV;0.80;standard avfall mb2200os52 markbehållare 2, 2 m³, osorterat avfall. varje vecka årkv antb
STANDARD;Standard Avfall:261;MB2200OS26;MB2200OS26;ÅVC/verksamhetsavfall;;Abonnemang;;;;;;ÅRKV;0.80;standard avfall mb2200os26 markbehållare 2, 2 m³, osorterat avfall. var 14:e dag årkv antb
STANDARD;Standard Avfall:262;MB2200OS13;MB2200OS13;ÅVC/verksamhetsavfall;;Abonnemang;;;;;;ÅRKV;0.80;standard avfall mb2200os13 markbehållare 2, 2 m³, osorterat avfall. var 4:e vecka årkv antb
STANDARD;Standard Avfall:263;MB2200OSBUD;MB2200OSBUD;ÅVC/verksamhetsavfall;;Abonnemang;;;;;;KVAN;0.80;standard avfall mb2200osbud markbehållare 2, 2 m³, osorterat avfall. budning kvan antl
STANDARD;Standard Avfall:265;MB3200OS104;MB3200OS104;ÅVC/verksamhetsavfall;;Abonnemang;;;;;;ÅRKV;0.80;standard avfall mb3200os104 markbehållare 3, 2 m³, osorterat avfall. 2ggr/vecka årkv antb
STANDARD;Standard Avfall:266;MB3200OS52;MB3200OS52;ÅVC/verksamhetsavfall;;Abonnemang;;;;;;ÅRKV;0.80;standard avfall mb3200os52 markbehållare 3, 2 m³, osorterat avfall. varje vecka årkv antb
STANDARD;Standard Avfall:267;MB3200OS26;MB3200OS26;ÅVC/verksamhetsavfall;;Abonnemang;;;;;;ÅRKV;0.80;standard avfall mb3200os26 markbehållare 3, 2 m³, osorterat avfall. var 14:e dag årkv antb
STANDARD;Standard Avfall:268;MB3200OS13;MB3200OS13;ÅVC/verksamhetsavfall;;Abonnemang;;;;;;ÅRKV;0.80;standard avfall mb3200os13 markbehållare 3, 2 m³, osorterat avfall. var 4:e vecka årkv antb
STANDARD;Standard Avfall:269;MB3200OSBUD;MB3200OSBUD;ÅVC/verksamhetsavfall;;Abonnemang;;;;;;KVAN;0.80;standard avfall mb3200osbud markbehållare 3, 2 m³, osorterat avfall. budning kvan antl
STANDARD;Standard Avfall:271;MB5000OS104;MB5000OS104;ÅVC/verksamhetsavfall;;Abonnemang;;;;;;ÅRKV;0.80;standard avfall mb5000os104 markbehållare 5 m³, osorterat avfall. 2ggr/vecka årkv antb
STANDARD;Standard Avfall:272;MB5000OS52;MB5000OS52;ÅVC/verksamhetsavfall;;Abonnemang;;;;;;ÅRKV;0.80;standard avfall mb5000os52 markbehållare 5 m³, osorterat avfall. varje vecka årkv antb
STANDARD;Standard Avfall:273;MB5000OS26;MB5000OS26;ÅVC/verksamhetsavfall;;Abonnemang;;;;;;ÅRKV;0.80;standard avfall mb5000os26 markbehållare 5 m³, osorterat avfall. var 14:e dag årkv antb
STANDARD;Standard Avfall:274;MB5000OS13;MB5000OS13;ÅVC/verksamhetsavfall;;Abonnemang;;;;;;ÅRKV;0.80;standard avfall mb5000os13 markbehållare 5 m³, osorterat avfall. var 4:e vecka årkv antb
STANDARD;Standard Avfall:275;MB5000OSBUD;MB5000OSBUD;ÅVC/verksamhetsavfall;;Abonnemang;;;;;;KVAN;0.80;standard avfall mb5000osbud markbehållare 5 m³, osorterat avfall. budning kvan antl
STANDARD;Standard Avfall:278;FKOMPPÅSE9;FKOMPPÅSE9;ÅVC/verksamhetsavfall;;Abonnemang;;;;;Behållarvolym;KVAN;0.80;standard avfall fkomppåse9 försäljning kompostpåsar, 9 l kvan antl
STANDARD;Standard Avfall:279;FKOMPKASSE22;FKOMPKASSE22;ÅVC/verksamhetsavfall;;Abonnemang;;22;;;Behållarvolym;KVAN;0.80;standard avfall fkompkasse22 försäljning kompostkassar, 22 l kvan antl
STANDARD;Standard Avfall:280;FKOMPPSÄCK45;FKOMPPSÄCK45;ÅVC/verksamhetsavfall;;Abonnemang;Säck;45;;;Behållarvolym;KVAN;0.80;standard avfall fkomppsäck45 försäljning kompostsäckar, 45 l kvan antl
STANDARD;Standard Avfall:281;FKOMPSTÄLL22;FKOMPSTÄLL22;ÅVC/verksamhetsavfall;;Abonnemang;;22;;;Behållarvolym;KVAN;0.80;standard avfall fkompställ22 försäljning ställning för 22 l kompostkasse kvan antl
STANDARD;Standard Avfall:282;FKOMPSTÄLL45;FKOMPSTÄLL45;ÅVC/verksamhetsavfall;;Abonnemang;Säck;45;;;Behållarvolym;KVAN;0.80;standard avfall fkompställ45 försäljning ställning för 45 l kompostsäck, enkelställ på hjul kvan antl
STANDARD;Standard Avfall:283;FKOMPSTÄLL45D;FKOMPSTÄLL45D;ÅVC/verksamhetsavfall;;Abonnemang;Säck;45;;;Behållarvolym;KVAN;0.80;standard avfall fkompställ45d försäljning ställning för 45 l kompostsäck, dubbelställ på hjul kvan antl
STANDARD;Standard Avfall:284;FLAKÄRL;FLAKÄRL;ÅVC/verksamhetsavfall;;Abonnemang;Kärl;;;;;KVAN;0.80;standard avfall flakärl försäljning latrinkärl kvan antl
STANDARD;Standard Avfall:285;FDEKALL;FDEKALL;ÅVC/verksamhetsavfall;;Abonnemang;;;;;;KVAN;0.80;standard avfall fdekall försäljning dekal, liten kvan antl
STANDARD;Standard Avfall:286;FDEKALS;FDEKALS;ÅVC/verksamhetsavfall;;Abonnemang;;;;;;KVAN;0.80;standard avfall fdekals försäljning dekal, stor kvan antl
STANDARD;Standard Avfall:287;FSKYLT;FSKYLT;ÅVC/verksamhetsavfall;;Abonnemang;;;;;;KVAN;0.80;standard avfall fskylt försäljning skylt kvan antl
STANDARD;Standard Avfall:288;FBATTLÅDA;FBATTLÅDA;ÅVC/verksamhetsavfall;;Abonnemang;;;;;;KVAN;0.80;standard avfall fbattlåda försäljning batterilåda, inkl. stativ kvan antl
STANDARD;Standard Avfall:289;FPASÄCK125;FPASÄCK125;ÅVC/verksamhetsavfall;;Abonnemang;Säck;125;;;Behållarvolym;KVAN;0.80;standard avfall fpasäck125 försäljning pappersäck, 125 l kvan antl
STANDARD;Standard Avfall:290;FPASÄCK160;FPASÄCK160;ÅVC/verksamhetsavfall;;Abonnemang;Säck;160;;;Behållarvolym;KVAN;0.80;standard avfall fpasäck160 försäljning pappersäck, 160 l kvan antl
STANDARD;Standard Avfall:291;FPASÄCK240;FPASÄCK240;ÅVC/verksamhetsavfall;;Abonnemang;Säck;240;;;Behållarvolym;KVAN;0.80;standard avfall fpasäck240 försäljning pappersäck, 240 l kvan antl
STANDARD;Standard Avfall:292;FPASÄCK350;FPASÄCK350;ÅVC/verksamhetsavfall;;Abonnemang;Säck;350;;;Behållarvolym;KVAN;0.80;standard avfall fpasäck350 försäljning pappersäck, 350 l kvan antl
STANDARD;Standard Avfall:293;FPLSÄCK240;FPLSÄCK240;ÅVC/verksamhetsavfall;;Abonnemang;Säck;240;;;Behållarvolym;KVAN;0.80;standard avfall fplsäck240 försäljning plastsäck, 240 l kvan antl
STANDARD;Standard Avfall:294;FPLSÄCK350;FPLSÄCK350;ÅVC/verksamhetsavfall;;Abonnemang;Säck;350;;;Behållarvolym;KVAN;0.80;standard avfall fplsäck350 försäljning plastsäck, 350 l kvan antl
STANDARD;Standard Avfall:295;FSÄMB;FSÄMB;ÅVC/verksamhetsavfall;;Abonnemang;Säck;;;;;KVAN;0.80;standard avfall fsämb försäljning säck, markbehållare. pris per st kvan antl
STANDARD;Standard Avfall:296;FSÄMB52;FSÄMB52;ÅVC/verksamhetsavfall;;Abonnemang;Säck;;;;;KVAN;0.80;standard avfall fsämb52 försäljning säck, markbehållare. varje vecka kvan antl
STANDARD;Standard Avfall:299;KÄRLTVÄTT;KÄRLTVÄTT;ÅVC/verksamhetsavfall;;Abonnemang;Kärl;;;;;ÅRKV eller KVAN;0.80;standard avfall kärltvätt kärltvätt, pris per kärl årkv eller kvan antb eller antl
STANDARD;Standard Avfall:300;ÄNDRAVG;ÄNDRAVG;ÅVC/verksamhetsavfall;;Abonnemang;;;;;;KVAN;0.80;standard avfall ändravg ändringsavgift kvan antl
STANDARD;Standard Avfall:301;KÄEXTORD;KÄEXTORD;ÅVC/verksamhetsavfall;;Extra;Kärl;;;;;KVAN;0.80;standard avfall käextord tömning extra kärl/säck, ordinarie tur kvan antb
STANDARD;Standard Avfall:302;KONTRAVG;KONTRAVG;ÅVC/verksamhetsavfall;;Abonnemang;;;;;;KVAN;0.80;standard avfall kontravg kontrollavgift kvan antl
STANDARD;Standard Avfall:303;FELSORTAVG;FELSORTAVG;ÅVC/verksamhetsavfall;;Abonnemang;;;;;;KVAN;0.80;standard avfall felsortavg felsorteringsavgift kvan antl
STANDARD;Standard Avfall:304;RHKORR;RHKORR;ÅVC/verksamhetsavfall;;Abonnemang;;;;;;KVAN;0.80;standard avfall rhkorr korrigering av händelse, konto och pris sätts manuellt kvan antl
STANDARD;Standard Avfall:307;RENH0;RENH0;ÅVC/verksamhetsavfall;;Abonnemang;;;;;;ÅRKV;0.80;standard avfall renh0 dummytaxa för tjänst årkv 0
STANDARD;Standard Avfall:308;UPPEHÅLL;UPPEHÅLL;ÅVC/verksamhetsavfall;;Hämtning/tömning;;;;;;ÅRKV;0.80;standard avfall uppehåll dummytaxa för tjänst som har upphåll i hämtning årkv 0
STANDARD;Standard Avfall:309;NYRES;NYRES;ÅVC/verksamhetsavfall;Restavfall;Abonnemang;;;;;;ÅRKV;0.80;standard avfall nyres dummytaxa, ny tjänst via ändringsorder restavfall årkv 0
STANDARD;Standard Avfall:310;NYOSO;NYOSO;ÅVC/verksamhetsavfall;;Abonnemang;;;;;;ÅRKV;0.80;standard avfall nyoso dummytaxa, ny tjänst via ändringsorder osorterat avfall årkv 0
STANDARD;Standard Avfall:311;NYMAT;NYMAT;ÅVC/verksamhetsavfall;Matavfall;Abonnemang;;;;;;ÅRKV;0.80;standard avfall nymat dummytaxa, ny tjänst via ändringsorder matavfall årkv 0
STANDARD;Standard Avfall:312;NYFF1;NYFF1;ÅVC/verksamhetsavfall;;Abonnemang;;;;;;ÅRKV;0.80;standard avfall nyff1 dummytaxa, ny tjänst via ändringsorder fyrfack 1 årkv 0
STANDARD;Standard Avfall:313;NYFF2;NYFF2;ÅVC/verksamhetsavfall;;Abonnemang;;;;;;ÅRKV;0.80;standard avfall nyff2 dummytaxa, ny tjänst via ändringsorder fyrfack 2 årkv 0
STANDARD;Standard Avfall:314;NYTJÄNST;NYTJÄNST;ÅVC/verksamhetsavfall;;Abonnemang;;;;;;ÅRKV;0.80;standard avfall nytjänst dummytaxa, ny tjänst via ändringsorder årkv 0
STANDARD;Standard Avfall:315;HEMKOMP;HEMKOMP;ÅVC/verksamhetsavfall;;Abonnemang;;;;;;ÅRKV;0.80;standard avfall hemkomp dummytaxa hemkompost årkv 0
STANDARD;Standard Avfall:316;SLAMKOMP;SLAMKOMP;Slam;;Abonnemang;;;;;;ÅRKV;0.80;standard avfall slamkomp dummytaxa slamkompost årkv 0
STANDARD;Standard Avfall:317;LATKOMP;LATKOMP;ÅVC/verksamhetsavfall;;Abonnemang;Latrin;;;;;ÅRKV;0.80;standard avfall latkomp dummytaxa latrinkompost årkv 0
STANDARD;Standard Avfall:321;KÄ190WE26V;KÄ190WE26V;ÅVC/verksamhetsavfall;;Abonnemang;Kärl;190;;;Behållarvolym;ÅRKV;0.80;standard avfall kä190we26v kärl 190 l, wellpapp. var 14:e dag. vht årkv antb
STANDARD;Standard Avfall:323;KÄ190WE26F;KÄ190WE26F;ÅVC/verksamhetsavfall;;Abonnemang;Kärl;190;;;Behållarvolym;ÅRKV;0.80;standard avfall kä190we26f kärl 190 l, wellpapp. var 14:e dag. flb årkv antb
STANDARD;Standard Avfall:325;KÄ190WE104;KÄ190WE104;ÅVC/verksamhetsavfall;;Abonnemang;Kärl;190;;;Behållarvolym;ÅRKV;0.80;standard avfall kä190we104 kärl 190 l, wellpapp. 2ggr/vecka årkv antb
STANDARD;Standard Avfall:326;KÄ190WE52;KÄ190WE52;ÅVC/verksamhetsavfall;;Abonnemang;Kärl;190;;;Behållarvolym;ÅRKV;0.80;standard avfall kä190we52 kärl 190 l, wellpapp. varje vecka årkv antb
STANDARD;Standard Avfall:327;KÄ190WE26;KÄ190WE26;ÅVC/verksamhetsavfall;;Abonnemang;Kärl;190;;;Behållarvolym;ÅRKV;0.80;standard avfall kä190we26 kärl 190 l, wellpapp. var 14:e dag årkv antb
STANDARD;Standard Avfall:328;KÄ190WE13;KÄ190WE13;ÅVC/verksamhetsavfall;;Abonnemang;Kärl;190;;;Behållarvolym;ÅRKV;0.80;standard avfall kä190we13 kärl 190 l, wellpapp. var 4:e vecka årkv antb
STANDARD;Standard Avfall:329;KÄ190WEBUD;KÄ190WEBUD;ÅVC/verksamhetsavfall;;Abonnemang;Kärl;190;;;Behållarvolym;KVAN;0.80;standard avfall kä190webud kärl 190 l, wellpapp. budning kvan antl
STANDARD;Standard Avfall:331;KÄ190TI104;KÄ190TI104;ÅVC/verksamhetsavfall;;Abonnemang;Kärl;190;;;Behållarvolym;ÅRKV;0.80;standard avfall kä190ti104 kärl 190 l, tidningar. 2ggr/vecka årkv antb
STANDARD;Standard Avfall:332;KÄ190TI52;KÄ190TI52;ÅVC/verksamhetsavfall;;Abonnemang;Kärl;190;;;Behållarvolym;ÅRKV;0.80;standard avfall kä190ti52 kärl 190 l, tidningar. varje vecka årkv antb
STANDARD;Standard Avfall:333;KÄ190TI26;KÄ190TI26;ÅVC/verksamhetsavfall;;Abonnemang;Kärl;190;;;Behållarvolym;ÅRKV;0.80;standard avfall kä190ti26 kärl 190 l, tidningar. var 14:e dag årkv antb
STANDARD;Standard Avfall:334;KÄ190TI13;KÄ190TI13;ÅVC/verksamhetsavfall;;Abonnemang;Kärl;190;;;Behållarvolym;ÅRKV;0.80;standard avfall kä190ti13 kärl 190 l, tidningar. var 4:e vecka årkv antb
STANDARD;Standard Avfall:335;KÄ190TIBUD;KÄ190TIBUD;ÅVC/verksamhetsavfall;;Abonnemang;Kärl;190;;;Behållarvolym;KVAN;0.80;standard avfall kä190tibud kärl 190 l, tidningar. budning kvan antb
STANDARD;Standard Avfall:337;KÄ190PA104;KÄ190PA104;ÅVC/verksamhetsavfall;;Abonnemang;Kärl;190;;;Behållarvolym;ÅRKV;0.80;standard avfall kä190pa104 kärl 190 l, pappersförpackningar. 2ggr/vecka årkv antb
STANDARD;Standard Avfall:338;KÄ190PA52;KÄ190PA52;ÅVC/verksamhetsavfall;;Abonnemang;Kärl;190;;;Behållarvolym;ÅRKV;0.80;standard avfall kä190pa52 kärl 190 l, pappersförpackningar. varje vecka årkv antb
STANDARD;Standard Avfall:339;KÄ190PA26;KÄ190PA26;ÅVC/verksamhetsavfall;;Abonnemang;Kärl;190;;;Behållarvolym;ÅRKV;0.80;standard avfall kä190pa26 kärl 190 l, pappersförpackningar. var 14:e dag årkv antb
STANDARD;Standard Avfall:340;KÄ190PA13;KÄ190PA13;ÅVC/verksamhetsavfall;;Abonnemang;Kärl;190;;;Behållarvolym;ÅRKV;0.80;standard avfall kä190pa13 kärl 190 l, pappersförpackningar. var 4:e vecka årkv antb
STANDARD;Standard Avfall:341;KÄ190PABUD;KÄ190PABUD;ÅVC/verksamhetsavfall;;Abonnemang;Kärl;190;;;Behållarvolym;KVAN;0.80;standard avfall kä190pabud kärl 190 l, pappersförpackningar. budning kvan antl
STANDARD;Standard Avfall:343;KÄ190ME104;KÄ190ME104;ÅVC/verksamhetsavfall;;Abonnemang;Kärl;190;;;Behållarvolym;ÅRKV;0.80;standard avfall kä190me104 kärl 190 l, metallförpackningar. 2ggr/vecka årkv antb
STANDARD;Standard Avfall:344;KÄ190ME52;KÄ190ME52;ÅVC/verksamhetsavfall;;Abonnemang;Kärl;190;;;Behållarvolym;ÅRKV;0.80;standard avfall kä190me52 kärl 190 l, metallförpackningar. varje vecka årkv antb
STANDARD;Standard Avfall:345;KÄ190ME26;KÄ190ME26;ÅVC/verksamhetsavfall;;Abonnemang;Kärl;190;;;Behållarvolym;ÅRKV;0.80;standard avfall kä190me26 kärl 190 l, metallförpackningar. var 14:e dag årkv antb
STANDARD;Standard Avfall:346;KÄ190ME13;KÄ190ME13;ÅVC/verksamhetsavfall;;Abonnemang;Kärl;190;;;Behållarvolym;ÅRKV;0.80;standard avfall kä190me13 kärl 190 l, metallförpackningar. var 4:e vecka årkv antb
STANDARD;Standard Avfall:347;KÄ190MEBUD;KÄ190MEBUD;ÅVC/verksamhetsavfall;;Abonnemang;Kärl;190;;;Behållarvolym;KVAN;0.80;standard avfall kä190mebud kärl 190 l, metallförpackningar. budning kvan antl
STANDARD;Standard Avfall:349;KÄ190PL104;KÄ190PL104;ÅVC/verksamhetsavfall;;Abonnemang;Kärl;190;;;Behållarvolym;ÅRKV;0.80;standard avfall kä190pl104 kärl 190 l, plastförpackningar. 2ggr/vecka årkv antb
STANDARD;Standard Avfall:350;KÄ190PL52;KÄ190PL52;ÅVC/verksamhetsavfall;;Abonnemang;Kärl;190;;;Behållarvolym;ÅRKV;0.80;standard avfall kä190pl52 kärl 190 l, plastförpackningar. varje vecka årkv antb
STANDARD;Standard Avfall:351;KÄ190PL26;KÄ190PL26;ÅVC/verksamhetsavfall;;Abonnemang;Kärl;190;;;Behållarvolym;ÅRKV;0.80;standard avfall kä190pl26 kärl 190 l, plastförpackningar. var 14:e dag årkv antb
STANDARD;Standard Avfall:352;KÄ190PL13;KÄ190PL13;ÅVC/verksamhetsavfall;;Abonnemang;Kärl;190;;;Behållarvolym;ÅRKV;0.80;standard avfall kä190pl13 kärl 190 l, plastförpackningar. var 4:e vecka årkv antb
STANDARD;Standard Avfall:353;KÄ190PLBUD;KÄ190PLBUD;ÅVC/verksamhetsavfall;;Abonnemang;Kärl;190;;;Behållarvolym;KVAN;0.80;standard avfall kä190plbud kärl 190 l, plastförpackningar. budning kvan antl
STANDARD;Standard Avfall:355;KÄ370WE104;KÄ370WE104;ÅVC/verksamhetsavfall;;Abonnemang;Kärl;370;;;Behållarvolym;ÅRKV;0.80;standard avfall kä370we104 kärl 370 l, wellpapp. 2ggr/vecka årkv antb
STANDARD;Standard Avfall:356;KÄ370WE52;KÄ370WE52;ÅVC/verksamhetsavfall;;Abonnemang;Kärl;370;;;Behållarvolym;ÅRKV;0.80;standard avfall kä370we52 kärl 370 l, wellpapp. varje vecka årkv antb
STANDARD;Standard Avfall:357;KÄ370WE26;KÄ370WE26;ÅVC/verksamhetsavfall;;Abonnemang;Kärl;370;;;Behållarvolym;ÅRKV;0.80;standard avfall kä370we26 kärl 370 l, wellpapp. var 14:e dag årkv antb
STANDARD;Standard Avfall:358;KÄ370WE13;KÄ370WE13;ÅVC/verksamhetsavfall;;Abonnemang;Kärl;370;;;Behållarvolym;ÅRKV;0.80;standard avfall kä370we13 kärl 370 l, wellpapp. var 4:e vecka årkv antb
STANDARD;Standard Avfall:359;KÄ370WEBUD;KÄ370WEBUD;ÅVC/verksamhetsavfall;;Abonnemang;Kärl;370;;;Behållarvolym;KVAN;0.80;standard avfall kä370webud kärl 370 l, wellpapp. budning kvan antl
STANDARD;Standard Avfall:361;KÄ370TI104;KÄ370TI104;ÅVC/verksamhetsavfall;;Abonnemang;Kärl;370;;;Behållarvolym;ÅRKV;0.80;standard avfall kä370ti104 kärl 370 l, tidningar. 2ggr/vecka årkv antb
STANDARD;Standard Avfall:362;KÄ370TI52;KÄ370TI52;ÅVC/verksamhetsavfall;;Abonnemang;Kärl;370;;;Behållarvolym;ÅRKV;0.80;standard avfall kä370ti52 kärl 370 l, tidningar. varje vecka årkv antb
STANDARD;Standard Avfall:363;KÄ370TI26;KÄ370TI26;ÅVC/verksamhetsavfall;;Abonnemang;Kärl;370;;;Behållarvolym;ÅRKV;0.80;standard avfall kä370ti26 kärl 370 l, tidningar. var 14:e dag årkv antb
STANDARD;Standard Avfall:364;KÄ370TI13;KÄ370TI13;ÅVC/verksamhetsavfall;;Abonnemang;Kärl;370;;;Behållarvolym;ÅRKV;0.80;standard avfall kä370ti13 kärl 370 l, tidningar. var 4:e vecka årkv antb
STANDARD;Standard Avfall:365;KÄ370TIBUD;KÄ370TIBUD;ÅVC/verksamhetsavfall;;Abonnemang;Kärl;370;;;Behållarvolym;KVAN;0.80;standard avfall kä370tibud kärl 370 l, tidningar. budning kvan antl
STANDARD;Standard Avfall:367;KÄ370PA104;KÄ370PA104;ÅVC/verksamhetsavfall;;Abonnemang;Kärl;370;;;Behållarvolym;ÅRKV;0.80;standard avfall kä370pa104 kärl 370 l, pappersförpackningar. 2ggr/vecka årkv antb
STANDARD;Standard Avfall:368;KÄ370PA52;KÄ370PA52;ÅVC/verksamhetsavfall;;Abonnemang;Kärl;370;;;Behållarvolym;ÅRKV;0.80;standard avfall kä370pa52 kärl 370 l, pappersförpackningar. varje vecka årkv antb
STANDARD;Standard Avfall:369;KÄ370PA26;KÄ370PA26;ÅVC/verksamhetsavfall;;Abonnemang;Kärl;370;;;Behållarvolym;ÅRKV;0.80;standard avfall kä370pa26 kärl 370 l, pappersförpackningar. var 14:e dag årkv antb
STANDARD;Standard Avfall:370;KÄ370PA13;KÄ370PA13;ÅVC/verksamhetsavfall;;Abonnemang;Kärl;370;;;Behållarvolym;ÅRKV;0.80;standard avfall kä370pa13 kärl 370 l, pappersförpackningar. var 4:e vecka årkv antb
STANDARD;Standard Avfall:371;KÄ370PABUD;KÄ370PABUD;ÅVC/verksamhetsavfall;;Abonnemang;Kärl;370;;;Behållarvolym;KVAN;0.80;standard avfall kä370pabud kärl 370 l, pappersförpackningar. budning kvan antl
STANDARD;Standard Avfall:373;KÄ370ME104;KÄ370ME104;ÅVC/verksamhetsavfall;;Abonnemang;Kärl;370;;;Behållarvolym;ÅRKV;0.80;standard avfall kä370me104 kärl 370 l, metallförpackningar. 2ggr/vecka årkv antb
STANDARD;Standard Avfall:374;KÄ370ME52;KÄ370ME52;ÅVC/verksamhetsavfall;;Abonnemang;Kärl;370;;;Behållarvolym;ÅRKV;0.80;standard avfall kä370me52 kärl 370 l, metallförpackningar. varje vecka årkv antb
STANDARD;Standard Avfall:375;KÄ370ME26;KÄ370ME26;ÅVC/verksamhetsavfall;;Abonnemang;Kärl;370;;;Behållarvolym;ÅRKV;0.80;standard avfall kä370me26 kärl 370 l, metallförpackningar. var 14:e dag årkv antb
STANDARD;Standard Avfall:376;KÄ370ME13;KÄ370ME13;ÅVC/verksamhetsavfall;;Abonnemang;Kärl;370;;;Behållarvolym;ÅRKV;0.80;standard avfall kä370me13 kärl 370 l, metallförpackningar. var 4:e vecka årkv antb
STANDARD;Standard Avfall:377;KÄ370MEBUD;KÄ370MEBUD;ÅVC/verksamhetsavfall;;Abonnemang;Kärl;370;;;Behållarvolym;KVAN;0.80;standard avfall kä370mebud kärl 370 l, metallförpackningar. budning kvan antl
STANDARD;Standard Avfall:379;KÄ370PL104;KÄ370PL104;ÅVC/verksamhetsavfall;;Abonnemang;Kärl;370;;;Behållarvolym;ÅRKV;0.80;standard avfall kä370pl104 kärl 370 l, plastförpackningar. 2ggr/vecka årkv antb
STANDARD;Standard Avfall:380;KÄ370PL52;KÄ370PL52;ÅVC/verksamhetsavfall;;Abonnemang;Kärl;370;;;Behållarvolym;ÅRKV;0.80;standard avfall kä370pl52 kärl 370 l, plastförpackningar. varje vecka årkv antb
STANDARD;Standard Avfall:381;KÄ370PL26;KÄ370PL26;ÅVC/verksamhetsavfall;;Abonnemang;Kärl;370;;;Behållarvolym;ÅRKV;0.80;standard avfall kä370pl26 kärl 370 l, plastförpackningar. var 14:e dag årkv antb
STANDARD;Standard Avfall:382;KÄ370PL13;KÄ370PL13;ÅVC/verksamhetsavfall;;Abonnemang;Kärl;370;;;Behållarvolym;ÅRKV;0.80;standard avfall kä370pl13 kärl 370 l, plastförpackningar. var 4:e vecka årkv antb
STANDARD;Standard Avfall:383;KÄ370PLBUD;KÄ370PLBUD;ÅVC/verksamhetsavfall;;Abonnemang;Kärl;370;;;Behållarvolym;KVAN;0.80;standard avfall kä370plbud kärl 370 l, plastförpackningar. budning kvan antl
STANDARD;Standard Avfall:385;KÄ660WE104;KÄ660WE104;ÅVC/verksamhetsavfall;;Abonnemang;Kärl;660;;;Behållarvolym;ÅRKV;0.80;standard avfall kä660we104 kärl 660 l, wellpapp. 2ggr/vecka årkv antb
STANDARD;Standard Avfall:386;KÄ660WE52;KÄ660WE52;ÅVC/verksamhetsavfall;;Abonnemang;Kärl;660;;;Behållarvolym;ÅRKV;0.80;standard avfall kä660we52 kärl 660 l, wellpapp. varje vecka årkv antb
STANDARD;Standard Avfall:387;KÄ660WE26;KÄ660WE26;ÅVC/verksamhetsavfall;;Abonnemang;Kärl;660;;;Behållarvolym;ÅRKV;0.80;standard avfall kä660we26 kärl 660 l, wellpapp. var 14:e dag årkv antb
STANDARD;Standard Avfall:388;KÄ660WE13;KÄ660WE13;ÅVC/verksamhetsavfall;;Abonnemang;Kärl;660;;;Behållarvolym;ÅRKV;0.80;standard avfall kä660we13 kärl 660 l, wellpapp. var 4:e vecka årkv antb
STANDARD;Standard Avfall:389;KÄ660WEBUD;KÄ660WEBUD;ÅVC/verksamhetsavfall;;Abonnemang;Kärl;660;;;Behållarvolym;KVAN;0.80;standard avfall kä660webud kärl 660 l, wellpapp. budning kvan antl
STANDARD;Standard Avfall:391;KÄ660TI104;KÄ660TI104;ÅVC/verksamhetsavfall;;Abonnemang;Kärl;660;;;Behållarvolym;ÅRKV;0.80;standard avfall kä660ti104 kärl 660 l, tidningar. 2ggr/vecka årkv antb
STANDARD;Standard Avfall:392;KÄ660TI52;KÄ660TI52;ÅVC/verksamhetsavfall;;Abonnemang;Kärl;660;;;Behållarvolym;ÅRKV;0.80;standard avfall kä660ti52 kärl 660 l, tidningar. varje vecka årkv antb
STANDARD;Standard Avfall:393;KÄ660TI26;KÄ660TI26;ÅVC/verksamhetsavfall;;Abonnemang;Kärl;660;;;Behållarvolym;ÅRKV;0.80;standard avfall kä660ti26 kärl 660 l, tidningar. var 14:e dag årkv antb
STANDARD;Standard Avfall:394;KÄ660TI13;KÄ660TI13;ÅVC/verksamhetsavfall;;Abonnemang;Kärl;660;;;Behållarvolym;ÅRKV;0.80;standard avfall kä660ti13 kärl 660 l, tidningar. var 4:e vecka årkv antb
STANDARD;Standard Avfall:395;KÄ660TIBUD;KÄ660TIBUD;ÅVC/verksamhetsavfall;;Abonnemang;Kärl;660;;;Behållarvolym;KVAN;0.80;standard avfall kä660tibud kärl 660 l, tidningar. budning kvan antl
STANDARD;Standard Avfall:397;KÄ660PA104;KÄ660PA104;ÅVC/verksamhetsavfall;;Abonnemang;Kärl;660;;;Behållarvolym;ÅRKV;0.80;standard avfall kä660pa104 kärl 660 l, pappersförpackningar. 2ggr/vecka årkv antb
STANDARD;Standard Avfall:398;KÄ660PA52;KÄ660PA52;ÅVC/verksamhetsavfall;;Abonnemang;Kärl;660;;;Behållarvolym;ÅRKV;0.80;standard avfall kä660pa52 kärl 660 l, pappersförpackningar. varje vecka årkv antb
STANDARD;Standard Avfall:399;KÄ660PA26;KÄ660PA26;ÅVC/verksamhetsavfall;;Abonnemang;Kärl;660;;;Behållarvolym;ÅRKV;0.80;standard avfall kä660pa26 kärl 660 l, pappersförpackningar. var 14:e dag årkv antb
STANDARD;Standard Avfall:400;KÄ660PA13;KÄ660PA13;ÅVC/verksamhetsavfall;;Abonnemang;Kärl;660;;;Behållarvolym;ÅRKV;0.80;standard avfall kä660pa13 kärl 660 l, pappersförpackningar. var 4:e vecka årkv antb
STANDARD;Standard Avfall:401;KÄ660PABUD;KÄ660PABUD;ÅVC/verksamhetsavfall;;Abonnemang;Kärl;660;;;Behållarvolym;KVAN;0.80;standard avfall kä660pabud kärl 660 l, pappersförpackningar. budning kvan antl
STANDARD;Standard Avfall:403;KÄ660ME104;KÄ660ME104;ÅVC/verksamhetsavfall;;Abonnemang;Kärl;660;;;Behållarvolym;ÅRKV;0.80;standard avfall kä660me104 kärl 660 l, metallförpackningar. 2ggr/vecka årkv antb
STANDARD;Standard Avfall:404;KÄ660ME52;KÄ660ME52;ÅVC/verksamhetsavfall;;Abonnemang;Kärl;660;;;Behållarvolym;ÅRKV;0.80;standard avfall kä660me52 kärl 660 l, metallförpackningar. varje vecka årkv antb
STANDARD;Standard Avfall:405;KÄ660ME26;KÄ660ME26;ÅVC/verksamhetsavfall;;Abonnemang;Kärl;660;;;Behållarvolym;ÅRKV;0.80;standard avfall kä660me26 kärl 660 l, metallförpackningar. var 14:e dag årkv antb
STANDARD;Standard Avfall:406;KÄ660ME13;KÄ660ME13;ÅVC/verksamhetsavfall;;Abonnemang;Kärl;660;;;Behållarvolym;ÅRKV;0.80;standard avfall kä660me13 kärl 660 l, metallförpackningar. var 4:e vecka årkv antb
STANDARD;Standard Avfall:407;KÄ660MEBUD;KÄ660MEBUD;ÅVC/verksamhetsavfall;;Abonnemang;Kärl;660;;;Behållarvolym;KVAN;0.80;standard avfall kä660mebud kärl 660 l, metallförpackningar. budning kvan antl
STANDARD;Standard Avfall:409;KÄ660PL104;KÄ660PL104;ÅVC/verksamhetsavfall;;Abonnemang;Kärl;660;;;Behållarvolym;ÅRKV;0.80;standard avfall kä660pl104 kärl 660 l, plastförpackningar. 2ggr/vecka årkv antb
STANDARD;Standard Avfall:410;KÄ660PL52;KÄ660PL52;ÅVC/verksamhetsavfall;;Abonnemang;Kärl;660;;;Behållarvolym;ÅRKV;0.80;standard avfall kä660pl52 kärl 660 l, plastförpackningar. varje vecka årkv antb
STANDARD;Standard Avfall:411;KÄ660PL26;KÄ660PL26;ÅVC/verksamhetsavfall;;Abonnemang;Kärl;660;;;Behållarvolym;ÅRKV;0.80;standard avfall kä660pl26 kärl 660 l, plastförpackningar. var 14:e dag årkv antb
STANDARD;Standard Avfall:412;KÄ660PL13;KÄ660PL13;ÅVC/verksamhetsavfall;;Abonnemang;Kärl;660;;;Behållarvolym;ÅRKV;0.80;standard avfall kä660pl13 kärl 660 l, plastförpackningar. var 4:e vecka årkv antb
STANDARD;Standard Avfall:413;KÄ660PLBUD;KÄ660PLBUD;ÅVC/verksamhetsavfall;;Abonnemang;Kärl;660;;;Behållarvolym;KVAN;0.80;standard avfall kä660plbud kärl 660 l, plastförpackningar. budning kvan antl
STANDARD;Standard Avfall:416;CO08BR52;CO08BR52;ÅVC/verksamhetsavfall;;Abonnemang;Container;;;;;ÅRKV;0.80;standard avfall co08br52 container 8 m³, brännbart avfall. varje vecka årkv antb
STANDARD;Standard Avfall:417;FL04BR26;FL04BR26;ÅVC/verksamhetsavfall;;Abonnemang;Container;;;;;ÅRKV;0.80;standard avfall fl04br26 frontlastar container 4 m³, brännbart avfall. var 14:e dag årkv antb
STANDARD;Standard Avfall:418;RF30BR52;RF30BR52;ÅVC/verksamhetsavfall;;Abonnemang;Container;;;;;ÅRKV;0.80;standard avfall rf30br52 rullflak container 30 m³, brännbart avfall. varje vecka årkv antb
STANDARD;Standard Avfall:419;LD06BR13;LD06BR13;ÅVC/verksamhetsavfall;;Abonnemang;Container;;;;;ÅRKV;0.80;standard avfall ld06br13 liftdumper container 6 m³, brännbart avfall. var 4:e vecka årkv antb
STANDARD;Standard Avfall:421;CO08BR52;CO08BR52;ÅVC/verksamhetsavfall;;Abonnemang;Container;;;;;ÅRKV;0.80;standard avfall co08br52 container 8 m³, brännbart avfall. varje vecka årkv antb
STANDARD;Standard Avfall:425;HCO08;HCO08;ÅVC/verksamhetsavfall;;Abonnemang;Container;;;;;ÅRKV;0.80;standard avfall hco08 hyra container 8 m³ årkv antb
STANDARD;Standard Avfall:432;TBOM;TBOM;ÅVC/verksamhetsavfall;;Abonnemang;;;;;;KVAN;0.80;standard avfall tbom transport, bomkörning kvan antl
STANDARD;Standard Avfall:433;TLEVERANS;TLEVERANS;ÅVC/verksamhetsavfall;;Utkörning/leverans;;;;;;KVAN;0.80;standard avfall tleverans transport, leveranskostnad kvan antl
STANDARD;Standard Avfall:434;TUTSTÄLLKÄ;TUTSTÄLLKÄ;ÅVC/verksamhetsavfall;;Utkörning/leverans;Kärl;;;;;KVAN;0.80;standard avfall tutställkä transport, utställningskostnad kärl kvan antl
STANDARD;Standard Avfall:435;TINTAGKÄ;TINTAGKÄ;ÅVC/verksamhetsavfall;;Abonnemang;Kärl;;;;;KVAN;0.80;standard avfall tintagkä transport, intagskostnad kärl kvan antl
STANDARD;Standard Avfall:436;TUTSTÄLLCO;TUTSTÄLLCO;ÅVC/verksamhetsavfall;;Utkörning/leverans;Container;;;;;KVAN;0.80;standard avfall tutställco transport, utställningskostnad container kvan antl
STANDARD;Standard Avfall:437;TINTAGCO;TINTAGCO;ÅVC/verksamhetsavfall;;Abonnemang;Container;;;;;KVAN;0.80;standard avfall tintagco transport, intagskostnad container kvan antl
STANDARD;Standard Avfall:438;TCOTIM;TCOTIM;ÅVC/verksamhetsavfall;;Hämtning/tömning;Container;;;;;KVAN;0.80;standard avfall tcotim transport/tömning container, timtid kvan antl
STANDARD;Standard Avfall:439;TSBTIM;TSBTIM;ÅVC/verksamhetsavfall;;Hämtning/tömning;;;;;;KVAN;0.80;standard avfall tsbtim transport/tömning sopbil, timtid kvan antl
STANDARD;Standard Avfall:440;TFL;TFL;ÅVC/verksamhetsavfall;;Hämtning/tömning;;;;;;KVAN;0.80;standard avfall tfl transport/tömning frontlastarbil kvan antl
STANDARD;Standard Avfall:441;TFB;TFB;ÅVC/verksamhetsavfall;;Hämtning/tömning;;;;;;KVAN;0.80;standard avfall tfb transport/tömning flakbil kvan antl
STANDARD;Standard Avfall:442;TBL;TBL;ÅVC/verksamhetsavfall;;Hämtning/tömning;;;;;;KVAN;0.80;standard avfall tbl transport/tömning baklastarbil kvan antl
STANDARD;Standard Avfall:443;TLD;TLD;ÅVC/verksamhetsavfall;;Hämtning/tömning;;;;;;KVAN;0.80;standard avfall tld transport/tömning liftdumperbil kvan antl
STANDARD;Standard Avfall:444;TLV;TLV;ÅVC/verksamhetsavfall;;Hämtning/tömning;;;;;;KVAN;0.80;standard avfall tlv transport/tömning lastväxlarbil kvan antl
STANDARD;Standard Avfall:447;B100;B100;ÅVC/verksamhetsavfall;;Abonnemang;;;;;;KVAN;0.80;standard avfall b100 behandling brännbart avfall, pris per kilo kvan vikg
STANDARD;Standard Avfall:448;BBRÄNNBART;BBRÄNNBART;ÅVC/verksamhetsavfall;;Abonnemang;;;;;;KVAN;0.80;standard avfall bbrännbart behandling brännbart avfall, pris per kilo kvan vikg
STANDARD;Standard Avfall:451;HKÄ140;HKÄ140;ÅVC/verksamhetsavfall;;Abonnemang;Kärl;140;;;Behållarvolym;ÅRKV;0.80;standard avfall hkä140 hyra kärl, 140 liter årkv antb
STANDARD;Standard Avfall:452;HKÄ190;HKÄ190;ÅVC/verksamhetsavfall;;Abonnemang;Kärl;190;;;Behållarvolym;ÅRKV;0.80;standard avfall hkä190 hyra kärl, 190 liter årkv antb
STANDARD;Standard Avfall:453;HKÄ240;HKÄ240;ÅVC/verksamhetsavfall;;Abonnemang;Kärl;240;;;Behållarvolym;ÅRKV;0.80;standard avfall hkä240 hyra kärl, 240 liter årkv antb
STANDARD;Standard Avfall:454;HKÄ370;HKÄ370;ÅVC/verksamhetsavfall;;Abonnemang;Kärl;370;;;Behållarvolym;ÅRKV;0.80;standard avfall hkä370 hyra kärl, 370 liter årkv antb
STANDARD;Standard Avfall:455;HKÄ660;HKÄ660;ÅVC/verksamhetsavfall;;Abonnemang;Kärl;660;;;Behållarvolym;ÅRKV;0.80;standard avfall hkä660 hyra kärl, 660 liter årkv antb
STANDARD;Standard Avfall:457;HBL;HBL;ÅVC/verksamhetsavfall;;Abonnemang;;;;;;ÅRKV;0.80;standard avfall hbl hyra batterilåda årkv antb
STANDARD;Standard Avfall:458;HBP;HBP;ÅVC/verksamhetsavfall;;Abonnemang;;;;;;ÅRKV;0.80;standard avfall hbp hyra balpress årkv antb
STANDARD;Standard Avfall:459;HSK2;HSK2;ÅVC/verksamhetsavfall;;Abonnemang;;;;;;ÅRKV;0.80;standard avfall hsk2 hyra sopskåp, 2 luckor årkv antb
STANDARD;Standard Avfall:460;HSK3;HSK3;ÅVC/verksamhetsavfall;;Abonnemang;;;;;;ÅRKV;0.80;standard avfall hsk3 hyra sopskåp, 3 luckor årkv antb
STANDARD;Standard Avfall:462;HFL;HFL;ÅVC/verksamhetsavfall;;Abonnemang;Container;;;;;ÅRKV;0.80;standard avfall hfl hyra frontlastar container årkv antb
STANDARD;Standard Avfall:463;HBL;HBL;ÅVC/verksamhetsavfall;;Abonnemang;Container;;;;;ÅRKV;0.80;standard avfall hbl hyra baklastar container årkv antb
STANDARD;Standard Avfall:464;HKP;HKP;ÅVC/verksamhetsavfall;;Abonnemang;Container;;;;;ÅRKV;0.80;standard avfall hkp hyra komprimator/komprimerande container årkv antb
STANDARD;Standard Avfall:465;HLD;HLD;ÅVC/verksamhetsavfall;;Abonnemang;Container;;;;;ÅRKV;0.80;standard avfall hld hyra liftdumper container årkv antb
STANDARD;Standard Avfall:466;HLDK;HLDK;ÅVC/verksamhetsavfall;;Abonnemang;Container;;;;;ÅRKV;0.80;standard avfall hldk hyra liftdumper container, korttidshyra årkv antb
STANDARD;Standard Avfall:467;HRF20;HRF20;ÅVC/verksamhetsavfall;;Abonnemang;Container;;;;;ÅRKV;0.80;standard avfall hrf20 hyra rullflak container 10-20 m³ årkv antb
STANDARD;Standard Avfall:468;HRF20K;HRF20K;ÅVC/verksamhetsavfall;;Abonnemang;Container;;;;;ÅRKV;0.80;standard avfall hrf20k hyra rullflak container 10-20 m³, korttidshyra årkv antb
STANDARD;Standard Avfall:469;HRF40;HRF40;ÅVC/verksamhetsavfall;;Abonnemang;Container;;;;;ÅRKV;0.80;standard avfall hrf40 hyra rullflak container 22-40 m³ årkv antb
STANDARD;Standard Avfall:470;HRF40K;HRF40K;ÅVC/verksamhetsavfall;;Abonnemang;Container;;;;;ÅRKV;0.80;standard avfall hrf40k hyra rullflak container 22-40 m³, korttidshyra årkv antb
STANDARD;Standard Slam:3;FASTSL;FASTSL;Slam;Slam;Abonnemang;;;;;;ÅRKV;0.80;standard slam fastsl fast grundavgift, slam årkv fast/grund/antl
STANDARD;Standard Slam:4;FASTFE;FASTFE;Slam;;Abonnemang;;;;;;ÅRKV;0.80;standard slam fastfe fast grundavgift, fett årkv fast/grund/antl
STANDARD;Standard Slam:7;BRN03SLORD;BRN03SLORD;Slam;Slam;Abonnemang;Brunn;;;;;ÅRKV;0.80;standard slam brn03slord brunn 0-3 m³, slam. ordinarie tur årkv 0
STANDARD;Standard Slam:8;BRN36SLORD;BRN36SLORD;Slam;Slam;Abonnemang;Brunn;;;;;ÅRKV;0.80;standard slam brn36slord brunn 3, 1-6 m³, slam. ordinarie tur årkv 0
STANDARD;Standard Slam:9;BRNÖ6SLORD;BRNÖ6SLORD;Slam;Slam;Abonnemang;Brunn;;;;;ÅRKV;0.80;standard slam brnö6slord brunn över 6 m³, slam. ordinarie tur årkv 0
STANDARD;Standard Slam:10;AVS03SLORD;AVS03SLORD;Slam;Slam;Abonnemang;;;;;;ÅRKV;0.80;standard slam avs03slord avskiljare 0-3 m³, slam. ordinarie tur årkv 0
STANDARD;Standard Slam:11;AVS36SLORD;AVS36SLORD;Slam;Slam;Abonnemang;;;;;;ÅRKV;0.80;standard slam avs36slord avskiljare 3, 1-6 m³, slam. ordinarie tur årkv 0
STANDARD;Standard Slam:12;AVSÖ6SLORD;AVSÖ6SLORD;Slam;Slam;Abonnemang;;;;;;ÅRKV;0.80;standard slam avsö6slord avskiljare över 6 m³, slam. ordinarie tur årkv 0
STANDARD;Standard Slam:13;SLT03SLORD;SLT03SLORD;Slam;Slam;Abonnemang;;;;;;ÅRKV;0.80;standard slam slt03slord sluten tank 0-3 m³, slam. ordinarie tur årkv 0
STANDARD;Standard Slam:14;SLT36SLORD;SLT36SLORD;Slam;Slam;Abonnemang;;;;;;ÅRKV;0.80;standard slam slt36slord sluten tank 3, 1-6 m³, slam. ordinarie tur årkv 0
STANDARD;Standard Slam:15;SLTÖ6SLORD;SLTÖ6SLORD;Slam;Slam;Abonnemang;;;;;;ÅRKV;0.80;standard slam sltö6slord sluten tank över 6 m³, slam. ordinarie tur årkv 0
STANDARD;Standard Slam:16;MRV03SLORD;MRV03SLORD;Slam;Slam;Abonnemang;;;;;;ÅRKV;0.80;standard slam mrv03slord minireningsverk, 0-3 m³ slam. ordinarie tur årkv 0
STANDARD;Standard Slam:17;MRV36SLORD;MRV36SLORD;Slam;Slam;Abonnemang;;;;;;ÅRKV;0.80;standard slam mrv36slord minireningsverk, 3, 1-6 m³ slam. ordinarie tur årkv 0
STANDARD;Standard Slam:18;MRVÖ6SLORD;MRVÖ6SLORD;Slam;Slam;Abonnemang;;;;;;ÅRKV;0.80;standard slam mrvö6slord minireningsverk, över 6 m³ slam. ordinarie tur årkv 0
STANDARD;Standard Slam:19;BDT03SLORD;BDT03SLORD;Slam;Slam;Abonnemang;;;;;;ÅRKV;0.80;standard slam bdt03slord bdt, 0-3 m³ slam. ordinarie tur årkv 0
STANDARD;Standard Slam:20;BDT36SLORD;BDT36SLORD;Slam;Slam;Abonnemang;;;;;;ÅRKV;0.80;standard slam bdt36slord bdt, 3, 1-6 m³ slam. ordinarie tur årkv 0
STANDARD;Standard Slam:21;RBRSLORD;RBRSLORD;Slam;Slam;Abonnemang;Brunn;;;;;ÅRKV;0.80;standard slam rbrslord rensbrunn, slam. ordinarie tur årkv 0
STANDARD;Standard Slam:22;KÖKSLORD;KÖKSLORD;Slam;Slam;Abonnemang;;;;;;ÅRKV;0.80;standard slam kökslord köksavlopp, slam. ordinarie tur årkv 0
STANDARD;Standard Slam:23;BRN03SLBUD;BRN03SLBUD;Slam;Slam;Abonnemang;Brunn;;;;;ÅRKV;0.80;standard slam brn03slbud brunn 0-3 m³, slam. budning årkv 0
STANDARD;Standard Slam:24;BRN36SLBUD;BRN36SLBUD;Slam;Slam;Abonnemang;Brunn;;;;;ÅRKV;0.80;standard slam brn36slbud brunn 3, 1-6 m³, slam. budning årkv 0
STANDARD;Standard Slam:25;BRNÖ6SLBUD;BRNÖ6SLBUD;Slam;Slam;Abonnemang;Brunn;;;;;ÅRKV;0.80;standard slam brnö6slbud brunn över 6 m³, slam. budning årkv 0
STANDARD;Standard Slam:26;AVS03SLBUD;AVS03SLBUD;Slam;Slam;Abonnemang;;;;;;ÅRKV;0.80;standard slam avs03slbud avskiljare 0-3 m³, slam. budning årkv 0
STANDARD;Standard Slam:27;AVS36SLBUD;AVS36SLBUD;Slam;Slam;Abonnemang;;;;;;ÅRKV;0.80;standard slam avs36slbud avskiljare 3, 1-6 m³, slam. budning årkv 0
STANDARD;Standard Slam:28;AVSÖ6SLBUD;AVSÖ6SLBUD;Slam;Slam;Abonnemang;;;;;;ÅRKV;0.80;standard slam avsö6slbud avskiljare över 6 m³, slam. budning årkv 0
STANDARD;Standard Slam:29;SLT03SLBUD;SLT03SLBUD;Slam;Slam;Abonnemang;;;;;;ÅRKV;0.80;standard slam slt03slbud sluten tank 0-3 m³, slam. budning årkv 0
STANDARD;Standard Slam:30;SLT36SLBUD;SLT36SLBUD;Slam;Slam;Abonnemang;;;;;;ÅRKV;0.80;standard slam slt36slbud sluten tank 3, 1-6 m³, slam. budning årkv 0
STANDARD;Standard Slam:31;SLTÖ6SLBUD;SLTÖ6SLBUD;Slam;Slam;Abonnemang;;;;;;ÅRKV;0.80;standard slam sltö6slbud sluten tank över 6 m³, slam. budning årkv 1
STANDARD;Standard Slam:32;MRV03SLBUD;MRV03SLBUD;Slam;Slam;Abonnemang;;;;;;ÅRKV;0.80;standard slam mrv03slbud minireningsverk, 0-3 m³ slam. budning årkv 2
STANDARD;Standard Slam:33;MRV36SLBUD;MRV36SLBUD;Slam;Slam;Abonnemang;;;;;;ÅRKV;0.80;standard slam mrv36slbud minireningsverk, 3, 1-6 m³ slam. budning årkv 3
STANDARD;Standard Slam:34;MRVÖ6SLBUD;MRVÖ6SLBUD;Slam;Slam;Abonnemang;;;;;;ÅRKV;0.80;standard slam mrvö6slbud minireningsverk, över 6 m³ slam. budning årkv 4
STANDARD;Standard Slam:35;BDT03SLBUD;BDT03SLBUD;Slam;Slam;Abonnemang;;;;;;ÅRKV;0.80;standard slam bdt03slbud bdt, 0-3 m³ slam. budning årkv 5
STANDARD;Standard Slam:36;BDT36SLBUD;BDT36SLBUD;Slam;Slam;Abonnemang;;;;;;ÅRKV;0.80;standard slam bdt36slbud bdt, 3, 1-6 m³ slam. budning årkv 6
STANDARD;Standard Slam:37;RBRSLBUD;RBRSLBUD;Slam;Slam;Abonnemang;Brunn;;;;;ÅRKV;0.80;standard slam rbrslbud rensbrunn, slam. budning årkv 7
STANDARD;Standard Slam:38;KÖKSLBUD;KÖKSLBUD;Slam;Slam;Abonnemang;;;;;;ÅRKV;0.80;standard slam kökslbud köksavlopp, slam. budning årkv 8
STANDARD;Standard Slam:40;BRN03SLO;BRN03SLO;Slam;Slam;Abonnemang;Brunn;;;;;KVAN;0.80;standard slam brn03slo brunn 0-3 m³, slam. ordinarie tur kvan antl
STANDARD;Standard Slam:41;BRN36SLO;BRN36SLO;Slam;Slam;Abonnemang;Brunn;;;;;KVAN;0.80;standard slam brn36slo brunn 3, 1-6 m³, slam. ordinarie tur kvan antl
STANDARD;Standard Slam:42;BRNÖ6SLO;BRNÖ6SLO;Slam;Slam;Abonnemang;Brunn;;;;;KVAN;0.80;standard slam brnö6slo brunn över 6 m³, slam. ordinarie tur kvan antl
STANDARD;Standard Slam:43;AVS03SLO;AVS03SLO;Slam;Slam;Abonnemang;;;;;;KVAN;0.80;standard slam avs03slo avskiljare 0-3 m³, slam. ordinarie tur kvan antl
STANDARD;Standard Slam:44;AVS36SLO;AVS36SLO;Slam;Slam;Abonnemang;;;;;;KVAN;0.80;standard slam avs36slo avskiljare 3, 1-6 m³, slam. ordinarie tur kvan antl
STANDARD;Standard Slam:45;AVSÖ6SLO;AVSÖ6SLO;Slam;Slam;Abonnemang;;;;;;KVAN;0.80;standard slam avsö6slo avskiljare över 6 m³, slam. ordinarie tur kvan antl
STANDARD;Standard Slam:46;SLT03SLO;SLT03SLO;Slam;Slam;Abonnemang;;;;;;KVAN;0.80;standard slam slt03slo sluten tank 0-3 m³, slam. ordinarie tur kvan antl
STANDARD;Standard Slam:47;SLT36SLO;SLT36SLO;Slam;Slam;Abonnemang;;;;;;KVAN;0.80;standard slam slt36slo sluten tank 3, 1-6 m³, slam. ordinarie tur kvan antl
STANDARD;Standard Slam:48;SLTÖ6SLO;SLTÖ6SLO;Slam;Slam;Abonnemang;;;;;;KVAN;0.80;standard slam sltö6slo sluten tank över 6 m³, slam. ordinarie tur kvan antl
STANDARD;Standard Slam:49;MRV03SLO;MRV03SLO;Slam;Slam;Abonnemang;;;;;;KVAN;0.80;standard slam mrv03slo minireningsverk, 0-3 m³ slam. ordinarie tur kvan antl
STANDARD;Standard Slam:50;MRV36SLO;MRV36SLO;Slam;Slam;Abonnemang;;;;;;KVAN;0.80;standard slam mrv36slo minireningsverk, 3, 1-6 m³ slam. ordinarie tur kvan antl
STANDARD;Standard Slam:51;MRVÖ6SLO;MRVÖ6SLO;Slam;Slam;Abonnemang;;;;;;KVAN;0.80;standard slam mrvö6slo minireningsverk, över 6 m³ slam. ordinarie tur kvan antl
STANDARD;Standard Slam:52;BDT03SLO;BDT03SLO;Slam;Slam;Abonnemang;;;;;;KVAN;0.80;standard slam bdt03slo bdt, 0-3 m³ slam. ordinarie tur kvan antl
STANDARD;Standard Slam:53;BDT36SLO;BDT36SLO;Slam;Slam;Abonnemang;;;;;;KVAN;0.80;standard slam bdt36slo bdt, 3, 1-6 m³ slam. ordinarie tur kvan antl
STANDARD;Standard Slam:54;RBRSLO;RBRSLO;Slam;Slam;Abonnemang;Brunn;;;;;KVAN;0.80;standard slam rbrslo rensbrunn, slam. ordinarie tur kvan antl
STANDARD;Standard Slam:55;KÖKSLO;KÖKSLO;Slam;Slam;Abonnemang;;;;;;KVAN;0.80;standard slam kökslo köksavlopp, slam. ordinarie tur kvan antl
STANDARD;Standard Slam:56;BRN03SLB;BRN03SLB;Slam;Slam;Abonnemang;Brunn;;;;;KVAN;0.80;standard slam brn03slb brunn 0-3 m³, slam. budning kvan antl
STANDARD;Standard Slam:57;BRN36SLB;BRN36SLB;Slam;Slam;Abonnemang;Brunn;;;;;KVAN;0.80;standard slam brn36slb brunn 3, 1-6 m³, slam. budning kvan antl
STANDARD;Standard Slam:58;BRNÖ6SLB;BRNÖ6SLB;Slam;Slam;Abonnemang;Brunn;;;;;KVAN;0.80;standard slam brnö6slb brunn över 6 m³, slam. budning kvan antl
STANDARD;Standard Slam:59;AVS03SLB;AVS03SLB;Slam;Slam;Abonnemang;;;;;;KVAN;0.80;standard slam avs03slb avskiljare 0-3 m³, slam. budning kvan antl
STANDARD;Standard Slam:60;AVS36SLB;AVS36SLB;Slam;Slam;Abonnemang;;;;;;KVAN;0.80;standard slam avs36slb avskiljare 3, 1-6 m³, slam. budning kvan antl
STANDARD;Standard Slam:61;AVSÖ6SLB;AVSÖ6SLB;Slam;Slam;Abonnemang;;;;;;KVAN;0.80;standard slam avsö6slb avskiljare över 6 m³, slam. budning kvan antl
STANDARD;Standard Slam:62;SLT03SLB;SLT03SLB;Slam;Slam;Abonnemang;;;;;;KVAN;0.80;standard slam slt03slb sluten tank 0-3 m³, slam. budning kvan antl
STANDARD;Standard Slam:63;SLT36SLB;SLT36SLB;Slam;Slam;Abonnemang;;;;;;KVAN;0.80;standard slam slt36slb sluten tank 3, 1-6 m³, slam. budning kvan antl
STANDARD;Standard Slam:64;SLTÖ6SLB;SLTÖ6SLB;Slam;Slam;Abonnemang;;;;;;KVAN;0.80;standard slam sltö6slb sluten tank över 6 m³, slam. budning kvan antl
STANDARD;Standard Slam:65;MRV03SLB;MRV03SLB;Slam;Slam;Abonnemang;;;;;;KVAN;0.80;standard slam mrv03slb minireningsverk, 0-3 m³ slam. budning kvan antl
STANDARD;Standard Slam:66;MRV36SLB;MRV36SLB;Slam;Slam;Abonnemang;;;;;;KVAN;0.80;standard slam mrv36slb minireningsverk, 3, 1-6 m³ slam. budning kvan antl
STANDARD;Standard Slam:67;MRVÖ6SLB;MRVÖ6SLB;Slam;Slam;Abonnemang;;;;;;KVAN;0.80;standard slam mrvö6slb minireningsverk, över 6 m³ slam. budning kvan antl
STANDARD;Standard Slam:68;BDT03SLB;BDT03SLB;Slam;Slam;Abonnemang;;;;;;KVAN;0.80;standard slam bdt03slb bdt, 0-3 m³ slam. budning kvan antl
STANDARD;Standard Slam:69;BDT36SLB;BDT36SLB;Slam;Slam;Abonnemang;;;;;;KVAN;0.80;standard slam bdt36slb bdt, 3, 1-6 m³ slam. budning kvan antl
STANDARD;Standard Slam:70;RBRSLB;RBRSLB;Slam;Slam;Abonnemang;Brunn;;;;;KVAN;0.80;standard slam rbrslb rensbrunn, slam. budning kvan antl
STANDARD;Standard Slam:71;KÖKSLB;KÖKSLB;Slam;Slam;Abonnemang;;;;;;KVAN;0.80;standard slam kökslb köksavlopp, slam. budning kvan antl
STANDARD;Standard Slam:73;BRN03SL;BRN03SL;Slam;Slam;Abonnemang;Brunn;;;;;KVAN;0.80;standard slam brn03sl brunn 0-3 m³, slam kvan antl
STANDARD;Standard Slam:74;BRN36SL;BRN36SL;Slam;Slam;Abonnemang;Brunn;;;;;KVAN;0.80;standard slam brn36sl brunn 3, 1-6 m³, slam kvan antl
STANDARD;Standard Slam:75;BRNÖ6SL;BRNÖ6SL;Slam;Slam;Abonnemang;Brunn;;;;;KVAN;0.80;standard slam brnö6sl brunn över 6 m³, slam kvan antl
STANDARD;Standard Slam:76;AVS03SL;AVS03SL;Slam;Slam;Abonnemang;;;;;;KVAN;0.80;standard slam avs03sl avskiljare 0-3 m³, slam kvan antl
STANDARD;Standard Slam:77;AVS36SL;AVS36SL;Slam;Slam;Abonnemang;;;;;;KVAN;0.80;standard slam avs36sl avskiljare 3, 1-6 m³, slam kvan antl
STANDARD;Standard Slam:78;AVSÖ6SL;AVSÖ6SL;Slam;Slam;Abonnemang;;;;;;KVAN;0.80;standard slam avsö6sl avskiljare över 6 m³, slam kvan antl
STANDARD;Standard Slam:79;SLT03SL;SLT03SL;Slam;Slam;Abonnemang;;;;;;KVAN;0.80;standard slam slt03sl sluten tank 0-3 m³, slam kvan antl
STANDARD;Standard Slam:80;SLT36SL;SLT36SL;Slam;Slam;Abonnemang;;;;;;KVAN;0.80;standard slam slt36sl sluten tank 3, 1-6 m³, slam kvan antl
STANDARD;Standard Slam:81;SLTÖ6SL;SLTÖ6SL;Slam;Slam;Abonnemang;;;;;;KVAN;0.80;standard slam sltö6sl sluten tank över 6 m³, slam kvan antl
STANDARD;Standard Slam:82;MRV03SL;MRV03SL;Slam;Slam;Abonnemang;;;;;;KVAN;0.80;standard slam mrv03sl minireningsverk, 0-3 m³ slam kvan antl
STANDARD;Standard Slam:83;MRV36SL;MRV36SL;Slam;Slam;Abonnemang;;;;;;KVAN;0.80;standard slam mrv36sl minireningsverk, 3, 1-6 m³ slam kvan antl
STANDARD;Standard Slam:84;MRVÖ6SL;MRVÖ6SL;Slam;Slam;Abonnemang;;;;;;KVAN;0.80;standard slam mrvö6sl minireningsverk, över 6 m³ slam kvan antl
STANDARD;Standard Slam:85;BDT03SL;BDT03SL;Slam;Slam;Abonnemang;;;;;;KVAN;0.80;standard slam bdt03sl bdt, 0-3 m³ slam kvan antl
STANDARD;Standard Slam:86;BDT36SL;BDT36SL;Slam;Slam;Abonnemang;;;;;;KVAN;0.80;standard slam bdt36sl bdt, 3, 1-6 m³ slam kvan antl
STANDARD;Standard Slam:87;RBRSL;RBRSL;Slam;Slam;Abonnemang;Brunn;;;;;KVAN;0.80;standard slam rbrsl rensbrunn, slam kvan antl
STANDARD;Standard Slam:88;KÖKSL;KÖKSL;Slam;Slam;Abonnemang;;;;;;KVAN;0.80;standard slam köksl köksavlopp, slam kvan antl
STANDARD;Standard Slam:90;SLBUD;SLBUD;Slam;Slam;Abonnemang;;;;;;KVAN;0.80;standard slam slbud slam, tillägg budning kvan antl
STANDARD;Standard Slam:91;SLAKUT;SLAKUT;Slam;Slam;Hämtning/tömning;;;;;;KVAN;0.80;standard slam slakut slam, tillägg akuttömning kvan antl
STANDARD;Standard Slam:92;SLBOM;SLBOM;Slam;Slam;Abonnemang;;;;;;KVAN;0.80;standard slam slbom slam, bomkörning kvan antl
STANDARD;Standard Slam:93;SLBEHAVG;SLBEHAVG;Slam;Slam;Abonnemang;;;;;;KVAN;0.80;standard slam slbehavg slam, behandlingsavgift kvan vito/kbms
STANDARD;Standard Slam:94;SLÖVERKBM;SLÖVERKBM;Slam;Slam;Abonnemang;;;;;;KVAN;0.80;standard slam slöverkbm slam, tillägg överkbm kvan kbmö
STANDARD;Standard Slam:95;SLSLANG;SLSLANG;Slam;Slam;Abonnemang;;;;;;KVAN;0.80;standard slam slslang slam, tillägg slanglängd kvan slng
STANDARD;Standard Slam:96;SLTUNGTL;SLTUNGTL;Slam;Slam;Abonnemang;;;;;;KVAN;0.80;standard slam sltungtl slam, tillägg tungt lock kvan antl
STANDARD;Standard Slam:99;AVS03FEORD;AVS03FEORD;Slam;;Abonnemang;;;;;;ÅRKV;0.80;standard slam avs03feord avskiljare 0-3 m³, fett. ordinarie tur årkv 0
STANDARD;Standard Slam:100;AVS36FEORD;AVS36FEORD;Slam;;Abonnemang;;;;;;ÅRKV;0.80;standard slam avs36feord avskiljare 3-6 m³, fett. ordinarie tur årkv 0
STANDARD;Standard Slam:101;AVSÖ6FEORD;AVSÖ6FEORD;Slam;;Abonnemang;;;;;;ÅRKV;0.80;standard slam avsö6feord avskiljare över 6 m³, fett. ordinarie tur årkv 0
STANDARD;Standard Slam:102;AVS03FEBUD;AVS03FEBUD;Slam;;Abonnemang;;;;;;ÅRKV;0.80;standard slam avs03febud avskiljare 0-3 m³, fett. budning årkv 0
STANDARD;Standard Slam:103;AVS36FEBUD;AVS36FEBUD;Slam;;Abonnemang;;;;;;ÅRKV;0.80;standard slam avs36febud avskiljare 3-6 m³, fett. budning årkv 1
STANDARD;Standard Slam:104;AVSÖ6FEBUD;AVSÖ6FEBUD;Slam;;Abonnemang;;;;;;ÅRKV;0.80;standard slam avsö6febud avskiljare över 6 m³, fett. budning årkv 2
STANDARD;Standard Slam:107;AVS03FEO;AVS03FEO;Slam;;Abonnemang;;;;;;KVAN;0.80;standard slam avs03feo avskiljare 0-3 m³, fett. ordinarie tur kvan antl
STANDARD;Standard Slam:108;AVS36FEO;AVS36FEO;Slam;;Abonnemang;;;;;;KVAN;0.80;standard slam avs36feo avskiljare 3-6 m³, fett. ordinarie tur kvan antl
STANDARD;Standard Slam:109;AVSÖ6FEO;AVSÖ6FEO;Slam;;Abonnemang;;;;;;KVAN;0.80;standard slam avsö6feo avskiljare över 6 m³, fett. ordinarie tur kvan antl
STANDARD;Standard Slam:110;AVS03FEB;AVS03FEB;Slam;;Abonnemang;;;;;;KVAN;0.80;standard slam avs03feb avskiljare 0-3 m³, fett. budning kvan antl
STANDARD;Standard Slam:111;AVS36FEB;AVS36FEB;Slam;;Abonnemang;;;;;;KVAN;0.80;standard slam avs36feb avskiljare 3-6 m³, fett. budning kvan antl
STANDARD;Standard Slam:112;AVSÖ6FEB;AVSÖ6FEB;Slam;;Abonnemang;;;;;;KVAN;0.80;standard slam avsö6feb avskiljare över 6 m³, fett. budning kvan antl
STANDARD;Standard Slam:114;AVS03FE;AVS03FE;Slam;;Abonnemang;;;;;;KVAN;0.80;standard slam avs03fe avskiljare 0-3 m³, fett kvan antl
STANDARD;Standard Slam:115;AVS36FE;AVS36FE;Slam;;Abonnemang;;;;;;KVAN;0.80;standard slam avs36fe avskiljare 3-6 m³, fett kvan antl
STANDARD;Standard Slam:116;AVSÖ6FE;AVSÖ6FE;Slam;;Abonnemang;;;;;;KVAN;0.80;standard slam avsö6fe avskiljare över 6 m³, fett kvan antl
STANDARD;Standard Slam:118;FEBUD;FEBUD;Slam;;Abonnemang;;;;;;KVAN;0.80;standard slam febud fett, tillägg budning kvan antl
STANDARD;Standard Slam:119;FEAKUT;FEAKUT;Slam;;Hämtning/tömning;;;;;;KVAN;0.80;standard slam feakut fett, akuttömning kvan antl
STANDARD;Standard Slam:120;FEBEHAVG;FEBEHAVG;Slam;;Abonnemang;;;;;;KVAN;0.80;standard slam febehavg fett, behandlingsavgift kvan vito eller kbmf
STANDARD;Standard Slam:121;FEÖVERKBM;FEÖVERKBM;Slam;;Abonnemang;;;;;;KVAN;0.80;standard slam feöverkbm fett, tillägg överkbm kvan kbmö
STANDARD;Standard ÅVS:3;ÅVSGF;ÅVSGF;ÅVS;;Abonnemang;;;;;;ÅRKV;0.80;standard åvs åvsgf åvs glasförpackningar, färgade. tjänsttaxa årkv antb
STANDARD;Standard ÅVS:4;ÅVSGO;ÅVSGO;ÅVS;;Abonnemang;;;;;;ÅRKV;0.80;standard åvs åvsgo åvs glasförpackningar, ofärgade. tjänsttaxa årkv antb
STANDARD;Standard ÅVS:5;ÅVSME;ÅVSME;ÅVS;;Abonnemang;;;;;;ÅRKV;0.80;standard åvs åvsme åvs metallförpackningar. tjänsttaxa årkv antb
STANDARD;Standard ÅVS:6;ÅVSPA;ÅVSPA;ÅVS;;Abonnemang;;;;;;ÅRKV;0.80;standard åvs åvspa åvs pappersförpackningar. tjänsttaxa årkv antb
STANDARD;Standard ÅVS:7;ÅVSPL;ÅVSPL;ÅVS;;Abonnemang;;;;;;ÅRKV;0.80;standard åvs åvspl åvs plastförpackningar. tjänsttaxa årkv antb
STANDARD;Standard ÅVS:8;ÅVSRE;ÅVSRE;ÅVS;;Abonnemang;;;;;;ÅRKV;0.80;standard åvs åvsre åvs renhållning. tjänsttaxa årkv antb
STANDARD;Standard ÅVS:9;ÅVSVI;ÅVSVI;ÅVS;;Abonnemang;;;;;;ÅRKV;0.80;standard åvs åvsvi åvs vinterhållning. tjänsttaxa årkv antb
STANDARD;Standard ÅVS:11;ÅTÖMGF;ÅTÖMGF;ÅVS;;Hämtning/tömning;;;;;;KVAN;0.80;standard åvs åtömgf åvs tömning glasförpackningar, färgade kvan antl
STANDARD;Standard ÅVS:12;ÅBEHGF;ÅBEHGF;ÅVS;;Abonnemang;;;;;;KVAN;0.80;standard åvs åbehgf åvs behandling glasförpackningar, färgade kvan antl
STANDARD;Standard ÅVS:13;ÅTÖMGO;ÅTÖMGO;ÅVS;;Hämtning/tömning;;;;;;KVAN;0.80;standard åvs åtömgo åvs tömning glasförpackningar, ofärgade kvan antl
STANDARD;Standard ÅVS:14;ÅBEHGO;ÅBEHGO;ÅVS;;Abonnemang;;;;;;KVAN;0.80;standard åvs åbehgo åvs behandling glasförpackningar, ofärgade kvan antl
STANDARD;Standard ÅVS:15;ÅTÖMME;ÅTÖMME;ÅVS;;Hämtning/tömning;;;;;;KVAN;0.80;standard åvs åtömme åvs tömning metallförpackningar kvan antl
STANDARD;Standard ÅVS:16;ÅBEHME;ÅBEHME;ÅVS;;Abonnemang;;;;;;KVAN;0.80;standard åvs åbehme åvs behandling metallförpackningar kvan antl
STANDARD;Standard ÅVS:17;ÅTÖMPA;ÅTÖMPA;ÅVS;;Hämtning/tömning;;;;;;KVAN;0.80;standard åvs åtömpa åvs tömning pappersförpackningar kvan antl
STANDARD;Standard ÅVS:18;ÅBEHPA;ÅBEHPA;ÅVS;;Abonnemang;;;;;;KVAN;0.80;standard åvs åbehpa åvs behandling pappersförpackningar kvan antl
STANDARD;Standard ÅVS:19;ÅTÖMPL;ÅTÖMPL;ÅVS;;Hämtning/tömning;;;;;;KVAN;0.80;standard åvs åtömpl åvs tömning plastförpackningar kvan antl
STANDARD;Standard ÅVS:20;ÅBEHPL;ÅBEHPL;ÅVS;;Abonnemang;;;;;;KVAN;0.80;standard åvs åbehpl åvs behandling plastförpackningar kvan antl
STANDARD;Standard ÅVS:21;ÅRENH;ÅRENH;ÅVS;;Abonnemang;;;;;;KVAN;0.80;standard åvs årenh åvs renhållning kvan antl
STANDARD;Standard ÅVS:22;ÅVINH;ÅVINH;ÅVS;;Abonnemang;;;;;;KVAN;0.80;standard åvs åvinh åvs vinterhållning kvan antl
STANDARD;Standard ÅVS:23;ÅFYLL;ÅFYLL;ÅVS;;Abonnemang;;;;;;KVAN;0.80;standard åvs åfyll åvs fyllnadsgradx-y kvan antl
STANDARD;Standard ÅVS:25;ÅBUDGF;ÅBUDGF;ÅVS;;Hämtning/tömning;;;;;;KVAN;0.80;standard åvs åbudgf åvs budad tömning glasförpackningar, färgade kvan antl
STANDARD;Standard ÅVS:26;ÅBUDGO;ÅBUDGO;ÅVS;;Hämtning/tömning;;;;;;KVAN;0.80;standard åvs åbudgo åvs budad tömning glasförpackningar, ofärgade kvan antl
STANDARD;Standard ÅVS:27;ÅBUDME;ÅBUDME;ÅVS;;Hämtning/tömning;;;;;;KVAN;0.80;standard åvs åbudme åvs budad tömning metallförpackningar kvan antl
STANDARD;Standard ÅVS:28;ÅBUDPA;ÅBUDPA;ÅVS;;Hämtning/tömning;;;;;;KVAN;0.80;standard åvs åbudpa åvs budad tömning pappersförpackningar kvan antl
STANDARD;Standard ÅVS:29;ÅBUDPL;ÅBUDPL;ÅVS;;Hämtning/tömning;;;;;;KVAN;0.80;standard åvs åbudpl åvs budad tömning plastförpackningar kvan antl
STANDARD;Standard ÅVS:30;ÅBUDRE;ÅBUDRE;ÅVS;;Abonnemang;;;;;;KVAN;0.80;standard åvs åbudre åvs budad renhållning kvan antl
STANDARD;Standard ÅVS:31;ÅBUDVI;ÅBUDVI;ÅVS;;Abonnemang;;;;;;KVAN;0.80;standard åvs åbudvi åvs budad vinterhållning kvan antl
RULE:TAXEPUNKT;Taxepunkter:6;;;Hushåll;;Abonnemang;;;;;;;0.75;§2.1 grundavgift §2.1 grundavgift | §2.1 grundavgift | | | | | | | | | |
RULE:TAXEPUNKT;Taxepunkter:7;GRUNDSMÅ;;Hushåll;;Abonnemang;;;;;;;1.00;§2.1 en-och tvåbostadshus §2.1 | §2.1 | en-och tvåbostadshus | | st/år | grundsmå | grundsmå | | | | | grundsmå
RULE:TAXEPUNKT;Taxepunkter:8;GRUNDFRI;;Hushåll;;Abonnemang;;;;Fritidshus;;;1.00;§2.1 fritidshus §2.1 | §2.1 | fritidshus | | st/år | grundfri | grundfri | | | | | grundfri
RULE:TAXEPUNKT;Taxepunkter:9;GRUNDVHT;;Hushåll;;Abonnemang;;;;Verksamhet;;;1.00;§2.1 verksamhet §2.1 | §2.1 | verksamhet | | st/år | grundvht | grundvht | | | | | grundvht
RULE:TAXEPUNKT;Taxepunkter:10;GRUNDFLB;;Hushåll;;Abonnemang;;;;Flerbostadshus;;;1.00;§2.1 lägenhet i flerbostadshus §2.1 | §2.1 | lägenhet i flerbostadshus | | st/år | grundflb | grundflb | | | | | grundflb
RULE:TAXEPUNKT;Taxepunkter:11;GRUNDSPEC;;Hushåll;;Abonnemang;;;;Flerbostadshus;;;1.00;§2.1 lägenhet för specialändamål §2.1 | §2.1 | lägenhet för specialändamål | | st/år | grundspec | grundspec | | | | | grundspec
RULE:TAXEPUNKT;Taxepunkter:12;GRUNDANL;;Hushåll;;Abonnemang;;;;;;;1.00;§2.1 anläggning §2.1 | §2.1 | anläggning | | st/år | grundanl | grundanl | | | | | grundanl
RULE:TAXEPUNKT;Taxepunkter:13;GRUNDSÄS;;Hushåll;;Abonnemang;;;;;;;1.00;§2.1 säsongsbaserad uppställningsplats §2.1 | §2.1 | säsongsbaserad uppställningsplats | | st/år | grundsäs | grundsäs | | | | | grundsäs
RULE:TAXEPUNKT;Taxepunkter:14;GRUNDCAMP;;Hushåll;;Abonnemang;;;;Flerbostadshus;;;1.00;§2.1 campingstuga/-lägenhet §2.1 | §2.1 | campingstuga/-lägenhet | | st/år | grundcamp | grundcamp | | | | | grundcamp
RULE:TAXEPUNKT;Taxepunkter:15;ADMINDISP;;Hushåll;;Hämtning/tömning;;;;;;;1.00;§2.1 administrativ avgift vid beviljad dispens om uppehåll i hämtning eller eget omhändertagande av avfall under kommunalt ansvar §2.1 | §2.1 | administrativ avgift vid beviljad dispens om uppehåll i hämtning eller eget omhändertagande av avfall under kommunalt ansvar | | st/år | admindisp | admindisp | | | | | admindisp
RULE:TAXEPUNKT;Taxepunkter:16;;;Hushåll;;;;;;;;;0.75;§2.1 §2.1 | §2.1 | | | | | | | | | |
RULE:TAXEPUNKT;Taxepunkter:17;;;Hushåll;;Hämtning/tömning;;;;;;;0.75;§2.2.1 hämtningsavgift per år för en-och tvåbostadshus §2.2.1 hämtningsavgift per år för en-och tvåbostadshus | §2.2.1 hämtningsavgift per år för en-och tvåbostadshus | | | | | | | | | |
RULE:TAXEPUNKT;Taxepunkter:18;KÄ240RM26;;Hushåll;Restavfall;Hämtning/tömning;Kärl;240;;;Behållarvolym;VOLYM/BEHÅLLARE;1.00;§2.2.1 kärl 240 l (mat-/restavfall) §2.2.1 | §2.2.1 | kärl 240 l (mat-/restavfall) | hämtning var 14:e dag | st/år | kä240rm26 | kä240rm26 | | | | | kä240rm26
RULE:TAXEPUNKT;Taxepunkter:19;KÄ240RM12;;Hushåll;Restavfall;Hämtning/tömning;Kärl;240;;;Behållarvolym;VOLYM/BEHÅLLARE;1.00;§2.2.1 kärl 240 l (mat-/restavfall) §2.2.1 | §2.2.1 | kärl 240 l (mat-/restavfall) | hämtning månadsvis | st/år | kä240rm12 | kä240rm12 | | | | | kä240rm12
RULE:TAXEPUNKT;Taxepunkter:20;KÄ190XRM26;;Hushåll;Restavfall;Extra;Kärl;190;;;Behållarvolym;VOLYM/BEHÅLLARE;1.00;§2.2.1 extrakärl 190 l (restavfall) §2.2.1 | §2.2.1 | extrakärl 190 l (restavfall) | hämtning var 14:e dag | st/år | kä190xrm26 | kä190xrm26 | | | | | kä190xrm26
RULE:TAXEPUNKT;Taxepunkter:21;KÄ190XRM12;;Hushåll;Restavfall;Extra;Kärl;190;;;Behållarvolym;VOLYM/BEHÅLLARE;1.00;§2.2.1 extrakärl 190 l (restavfall) §2.2.1 | §2.2.1 | extrakärl 190 l (restavfall) | hämtning månadsvis | st/år | kä190xrm12 | kä190xrm12 | | | | | kä190xrm12
RULE:TAXEPUNKT;Taxepunkter:22;;;Hushåll;;;;;;;;;0.75;§2.2.1 §2.2.1 | §2.2.1 | | | | | | | | | |
RULE:TAXEPUNKT;Taxepunkter:23;;;Hushåll;;;;;;;;;0.75;§2.2.1 §2.2.1 | §2.2.1 | | | | | | | | | |
RULE:TAXEPUNKT;Taxepunkter:24;;;Hushåll;;Hämtning/tömning;;;;Fritidshus;;;0.75;§2.2.2 hämtningsavgift per år för fritidshus §2.2.2 hämtningsavgift per år för fritidshus | §2.2.2 hämtningsavgift per år för fritidshus | | | | | | | | | |
RULE:TAXEPUNKT;Taxepunkter:25;KÄ240RM26FRI;;Hushåll;Restavfall;Hämtning/tömning;Kärl;240;;;Behållarvolym;VOLYM/BEHÅLLARE;1.00;§2.2.2 kärl 240 l (mat-/restavfall) §2.2.2 | §2.2.2 | kärl 240 l (mat-/restavfall) | hämtning var 14:e dag | st/år | kä240rm26fri | kä240rm26fri | | | | | kä240rm26fri
RULE:TAXEPUNKT;Taxepunkter:26;KÄ240RM12FRI;;Hushåll;Restavfall;Hämtning/tömning;Kärl;240;;;Behållarvolym;VOLYM/BEHÅLLARE;1.00;§2.2.2 kärl 240 l (mat-/restavfall) §2.2.2 | §2.2.2 | kärl 240 l (mat-/restavfall) | hämtning månadsvis | st/år | kä240rm12fri | kä240rm12fri | | | | | kä240rm12fri
RULE:TAXEPUNKT;Taxepunkter:27;KÄ190XRM26FRI;;Hushåll;Restavfall;Extra;Kärl;190;;;Behållarvolym;VOLYM/BEHÅLLARE;1.00;§2.2.2 extrakärl 190 l (restavfall) §2.2.2 | §2.2.2 | extrakärl 190 l (restavfall) | hämtning var 14:e dag | st/år | kä190xrm26fri | kä190xrm26fri | | | | | kä190xrm26fri
RULE:TAXEPUNKT;Taxepunkter:28;;;Hushåll;;;;;;;;;0.75;§2.2.2 §2.2.2 | §2.2.2 | | | | | | | | | |
RULE:TAXEPUNKT;Taxepunkter:29;KÄ370FP;;Hushåll;;Abonnemang;Kärl;370;;;Behållarvolym;VOLYM/BEHÅLLARE;1.00;§2.2.2 kärl 370 l (papper-/plastförpackningar) §2.2.2 | §2.2.2 | kärl 370 l (papper-/plastförpackningar) | kostnadsfritt | st/år | kä370fp | kä370fp | | | | | kä370fp
RULE:TAXEPUNKT;Taxepunkter:30;;;Hushåll;;;;;;;;;0.75;§2.2.2 §2.2.2 | §2.2.2 | | | | | | | | | |
RULE:TAXEPUNKT;Taxepunkter:31;;;Hushåll;;Hämtning/tömning;;;;;;;0.75;§2.2.3 gemensam uppsamlingsplats inom hämtningsområdex§2.2.3 gemensam uppsamlingsplats inom hämtningsområdex| §2.2.3 gemensam uppsamlingsplats inom hämtningsområdex| | | | | | | | | |
RULE:TAXEPUNKT;Taxepunkter:32;GEMUPPFRI;;Hushåll;Restavfall;Abonnemang;;;;;;;1.00;§2.2.3 gemensam uppsamlingsplats för mat-/restavfall §2.2.3 | §2.2.3 | gemensam uppsamlingsplats för mat-/restavfall | | st/år | gemuppfri | gemuppfri | | | | | gemuppfri
RULE:TAXEPUNKT;Taxepunkter:33;GEMUPPFRI;;Hushåll;Förpackningar;Abonnemang;;;;;;;1.00;§2.2.3 gemensam uppsamlingsplats för förpackningar §2.2.3 | §2.2.3 | gemensam uppsamlingsplats för förpackningar | kostnadsfritt | st/år | gemuppfri | gemuppfri | | | | | gemuppfri
RULE:TAXEPUNKT;Taxepunkter:34;GEMUPPEXTRAFRI;;Hushåll;;Extra;;;;;;;1.00;§2.2.3 extra digital licens (årskostnad) §2.2.3 | §2.2.3 | extra digital licens (årskostnad) | | st/år | gemuppextrafri | gemuppextrafri | | | | | gemuppextrafri
RULE:TAXEPUNKT;Taxepunkter:35;FOBFRI;;Hushåll;;;;;;;Tillfälle;TILLFÄLLE;1.00;§2.2.3 fysisk nyckel, kallad fob (engångskostnad) §2.2.3 | §2.2.3 | fysisk nyckel, kallad fob (engångskostnad) | | st/tillfälle | fobfri | fobfri | | | | | fobfri
RULE:TAXEPUNKT;Taxepunkter:36;GEMUPPBYTE;;Hushåll;;Byte;;;;;Tillfälle;TILLFÄLLE;1.00;§2.2.3 byte av telefonnummer kopplat till licens §2.2.3 | §2.2.3 | byte av telefonnummer kopplat till licens | | st/tillfälle | gemuppbyte | gemuppbyte | | | | | gemuppbyte
RULE:TAXEPUNKT;Taxepunkter:37;GEMUPPÖPP;;Hushåll;;Abonnemang;;;;;Tillfälle;TILLFÄLLE;1.00;§2.2.3 kostnad för öppning av behållare §2.2.3 | §2.2.3 | kostnad för öppning av behållare | | st/tillfälle | gemuppöpp | gemuppöpp | | | | | gemuppöpp
RULE:TAXEPUNKT;Taxepunkter:38;;;Hushåll;;;;;;;;;0.75;§2.2.3 §2.2.3 | §2.2.3 | | | | | | | | | |
RULE:TAXEPUNKT;Taxepunkter:39;;;Hushåll;;Hämtning/tömning;;;;Flerbostadshus;;;0.75;§2.2.4 hämtningsavgift per år för flerbostadshus §2.2.4 hämtningsavgift per år för flerbostadshus | §2.2.4 hämtningsavgift per år för flerbostadshus | | | | | | | | | |
RULE:TAXEPUNKT;Taxepunkter:40;KÄ240RM52FV;;Hushåll;Restavfall;Hämtning/tömning;Kärl;240;;;Behållarvolym;VOLYM/BEHÅLLARE;1.00;§2.2.4 kärl 240 l (mat-/restavfall) §2.2.4 | §2.2.4 | kärl 240 l (mat-/restavfall) | hämtning varje vecka | st/år | kä240rm52fv | kä240rm52fv | | | | | kä240rm52fv
RULE:TAXEPUNKT;Taxepunkter:41;KÄ240RM26FV;;Hushåll;Restavfall;Hämtning/tömning;Kärl;240;;;Behållarvolym;VOLYM/BEHÅLLARE;1.00;§2.2.4 kärl 240 l (mat-/restavfall) §2.2.4 | §2.2.4 | kärl 240 l (mat-/restavfall) | hämtning var 14:e dag | st/år | kä240rm26fv | kä240rm26fv | | | | | kä240rm26fv
RULE:TAXEPUNKT;Taxepunkter:42;KÄ240RM12FV;;Hushåll;Restavfall;Hämtning/tömning;Kärl;240;;;Behållarvolym;VOLYM/BEHÅLLARE;1.00;§2.2.4 kärl 240 l (mat-/restavfall) §2.2.4 | §2.2.4 | kärl 240 l (mat-/restavfall) | hämtning månadsvis | st/år | kä240rm12fv | kä240rm12fv | | | | | kä240rm12fv
RULE:TAXEPUNKT;Taxepunkter:43;KÄ370RE52FV;;Hushåll;Restavfall;Hämtning/tömning;Kärl;370;;;Behållarvolym;VOLYM/BEHÅLLARE;1.00;§2.2.4 kärl 370 l (restavfall) §2.2.4 | §2.2.4 | kärl 370 l (restavfall) | hämtning varje vecka | st/år | kä370re52fv | kä370re52fv | | | | | kä370re52fv
RULE:TAXEPUNKT;Taxepunkter:44;KÄ370RE26FV;;Hushåll;Restavfall;Hämtning/tömning;Kärl;370;;;Behållarvolym;VOLYM/BEHÅLLARE;1.00;§2.2.4 kärl 370 l (restavfall) §2.2.4 | §2.2.4 | kärl 370 l (restavfall) | hämtning var 14:e dag | st/år | kä370re26fv | kä370re26fv | | | | | kä370re26fv
RULE:TAXEPUNKT;Taxepunkter:45;KÄ370RE12FV;;Hushåll;Restavfall;Hämtning/tömning;Kärl;370;;;Behållarvolym;VOLYM/BEHÅLLARE;1.00;§2.2.4 kärl 370 l (restavfall) §2.2.4 | §2.2.4 | kärl 370 l (restavfall) | hämtning månadsvis | st/år | kä370re12fv | kä370re12fv | | | | | kä370re12fv
RULE:TAXEPUNKT;Taxepunkter:46;KÄ660RE52FV;;Hushåll;Restavfall;Hämtning/tömning;Kärl;660;;;Behållarvolym;VOLYM/BEHÅLLARE;1.00;§2.2.4 kärl 660 l (restavfall) §2.2.4 | §2.2.4 | kärl 660 l (restavfall) | hämtning varje vecka | st/år | kä660re52fv | kä660re52fv | | | | | kä660re52fv
RULE:TAXEPUNKT;Taxepunkter:47;KÄ660RE26FV;;Hushåll;Restavfall;Hämtning/tömning;Kärl;660;;;Behållarvolym;VOLYM/BEHÅLLARE;1.00;§2.2.4 kärl 660 l (restavfall) §2.2.4 | §2.2.4 | kärl 660 l (restavfall) | hämtning var 14:e dag | st/år | kä660re26fv | kä660re26fv | | | | | kä660re26fv
RULE:TAXEPUNKT;Taxepunkter:48;KÄ660RE12FV;;Hushåll;Restavfall;Hämtning/tömning;Kärl;660;;;Behållarvolym;VOLYM/BEHÅLLARE;1.00;§2.2.4 kärl 660 l (restavfall) §2.2.4 | §2.2.4 | kärl 660 l (restavfall) | hämtning månadsvis | st/år | kä660re12fv | kä660re12fv | | | | | kä660re12fv
RULE:TAXEPUNKT;Taxepunkter:49;KÄ140MA52FV;;Hushåll;Matavfall;Hämtning/tömning;Kärl;140;;;Behållarvolym;VOLYM/BEHÅLLARE;1.00;§2.2.4 kärl 140 l (matavfall) §2.2.4 | §2.2.4 | kärl 140 l (matavfall) | hämtning varje vecka | st/år | kä140ma52fv | kä140ma52fv | | | | | kä140ma52fv
RULE:TAXEPUNKT;Taxepunkter:50;KÄ140MA26FV;;Hushåll;Matavfall;Hämtning/tömning;Kärl;140;;;Behållarvolym;VOLYM/BEHÅLLARE;1.00;§2.2.4 kärl 140 l (matavfall) §2.2.4 | §2.2.4 | kärl 140 l (matavfall) | hämtning var 14:e dag | st/år | kä140ma26fv | kä140ma26fv | | | | | kä140ma26fv
RULE:TAXEPUNKT;Taxepunkter:51;KÄ140MA12FV;;Hushåll;Matavfall;Hämtning/tömning;Kärl;140;;;Behållarvolym;VOLYM/BEHÅLLARE;1.00;§2.2.4 kärl 140 l (matavfall) §2.2.4 | §2.2.4 | kärl 140 l (matavfall) | hämtning månadsvis | st/år | kä140ma12fv | kä140ma12fv | | | | | kä140ma12fv
RULE:TAXEPUNKT;Taxepunkter:52;KÄ190FP52FV;;Hushåll;Förpackningar;Hämtning/tömning;Kärl;190;;;Behållarvolym;VOLYM/BEHÅLLARE;1.00;§2.2.4 kärl 190 l (förpackningar) §2.2.4 | §2.2.4 | kärl 190 l (förpackningar) | hämtning varje vecka | st/år | kä190fp52fv | kä190fp52fv | | | | | kä190fp52fv
RULE:TAXEPUNKT;Taxepunkter:53;KÄ190FP26FV;;Hushåll;Förpackningar;Hämtning/tömning;Kärl;190;;;Behållarvolym;VOLYM/BEHÅLLARE;1.00;§2.2.4 kärl 190 l (förpackningar) §2.2.4 | §2.2.4 | kärl 190 l (förpackningar) | hämtning var 14:e dag | st/år | kä190fp26fv | kä190fp26fv | | | | | kä190fp26fv
RULE:TAXEPUNKT;Taxepunkter:54;KÄ190FP12FV;;Hushåll;Förpackningar;Hämtning/tömning;Kärl;190;;;Behållarvolym;VOLYM/BEHÅLLARE;1.00;§2.2.4 kärl 190 l (förpackningar) §2.2.4 | §2.2.4 | kärl 190 l (förpackningar) | hämtning månadsvis | st/år | kä190fp12fv | kä190fp12fv | | | | | kä190fp12fv
RULE:TAXEPUNKT;Taxepunkter:55;KÄ370FP52FV;;Hushåll;Förpackningar;Hämtning/tömning;Kärl;370;;;Behållarvolym;VOLYM/BEHÅLLARE;1.00;§2.2.4 kärl 370 l (förpackningar) §2.2.4 | §2.2.4 | kärl 370 l (förpackningar) | hämtning varje vecka | st/år | kä370fp52fv | kä370fp52fv | | | | | kä370fp52fv
RULE:TAXEPUNKT;Taxepunkter:56;KÄ370FP26FV;;Hushåll;Förpackningar;Hämtning/tömning;Kärl;370;;;Behållarvolym;VOLYM/BEHÅLLARE;1.00;§2.2.4 kärl 370 l (förpackningar) §2.2.4 | §2.2.4 | kärl 370 l (förpackningar) | hämtning var 14:e dag | st/år | kä370fp26fv | kä370fp26fv | | | | | kä370fp26fv
RULE:TAXEPUNKT;Taxepunkter:57;KÄ370FP12FV;;Hushåll;Förpackningar;Hämtning/tömning;Kärl;370;;;Behållarvolym;VOLYM/BEHÅLLARE;1.00;§2.2.4 kärl 370 l (förpackningar) §2.2.4 | §2.2.4 | kärl 370 l (förpackningar) | hämtning månadsvis | st/år | kä370fp12fv | kä370fp12fv | | | | | kä370fp12fv
RULE:TAXEPUNKT;Taxepunkter:58;KÄ660FP52FV;;Hushåll;Förpackningar;Hämtning/tömning;Kärl;660;;;Behållarvolym;VOLYM/BEHÅLLARE;1.00;§2.2.4 kärl 660 l (förpackningar) §2.2.4 | §2.2.4 | kärl 660 l (förpackningar) | hämtning varje vecka | st/år | kä660fp52fv | kä660fp52fv | | | | | kä660fp52fv
RULE:TAXEPUNKT;Taxepunkter:59;KÄ660FP26FV;;Hushåll;Förpackningar;Hämtning/tömning;Kärl;660;;;Behållarvolym;VOLYM/BEHÅLLARE;1.00;§2.2.4 kärl 660 l (förpackningar) §2.2.4 | §2.2.4 | kärl 660 l (förpackningar) | hämtning var 14:e dag | st/år | kä660fp26fv | kä660fp26fv | | | | | kä660fp26fv
RULE:TAXEPUNKT;Taxepunkter:60;KÄ660FP12FV;;Hushåll;Förpackningar;Hämtning/tömning;Kärl;660;;;Behållarvolym;VOLYM/BEHÅLLARE;1.00;§2.2.4 kärl 660 l (förpackningar) §2.2.4 | §2.2.4 | kärl 660 l (förpackningar) | hämtning månadsvis | st/år | kä660fp12fv | kä660fp12fv | | | | | kä660fp12fv
RULE:TAXEPUNKT;Taxepunkter:61;KÄ190TI52FV;;Hushåll;;Hämtning/tömning;Kärl;190;;;Behållarvolym;VOLYM/BEHÅLLARE;1.00;§2.2.4 kärl 190 l (tidningar och returpapper) §2.2.4 | §2.2.4 | kärl 190 l (tidningar och returpapper) | hämtning varje vecka | st/år | kä190ti52fv | kä190ti52fv | | | | | kä190ti52fv
RULE:TAXEPUNKT;Taxepunkter:62;KÄ190TI26FV;;Hushåll;;Hämtning/tömning;Kärl;190;;;Behållarvolym;VOLYM/BEHÅLLARE;1.00;§2.2.4 kärl 190 l (tidningar och returpapper) §2.2.4 | §2.2.4 | kärl 190 l (tidningar och returpapper) | hämtning var 14:e dag | st/år | kä190ti26fv | kä190ti26fv | | | | | kä190ti26fv
RULE:TAXEPUNKT;Taxepunkter:63;KÄ190TI12FV;;Hushåll;;Hämtning/tömning;Kärl;190;;;Behållarvolym;VOLYM/BEHÅLLARE;1.00;§2.2.4 kärl 190 l (tidningar och returpapper) §2.2.4 | §2.2.4 | kärl 190 l (tidningar och returpapper) | hämtning månadsvis | st/år | kä190ti12fv | kä190ti12fv | | | | | kä190ti12fv
RULE:TAXEPUNKT;Taxepunkter:64;KÄ370TI52FV;;Hushåll;;Hämtning/tömning;Kärl;370;;;Behållarvolym;VOLYM/BEHÅLLARE;1.00;§2.2.4 kärl 370 l (tidningar och returpapper) §2.2.4 | §2.2.4 | kärl 370 l (tidningar och returpapper) | hämtning varje vecka | st/år | kä370ti52fv | kä370ti52fv | | | | | kä370ti52fv
RULE:TAXEPUNKT;Taxepunkter:65;KÄ370TI26FV;;Hushåll;;Hämtning/tömning;Kärl;370;;;Behållarvolym;VOLYM/BEHÅLLARE;1.00;§2.2.4 kärl 370 l (tidningar och returpapper) §2.2.4 | §2.2.4 | kärl 370 l (tidningar och returpapper) | hämtning var 14:e dag | st/år | kä370ti26fv | kä370ti26fv | | | | | kä370ti26fv
RULE:TAXEPUNKT;Taxepunkter:66;KÄ370TI12FV;;Hushåll;;Hämtning/tömning;Kärl;370;;;Behållarvolym;VOLYM/BEHÅLLARE;1.00;§2.2.4 kärl 370 l (tidningar och returpapper) §2.2.4 | §2.2.4 | kärl 370 l (tidningar och returpapper) | hämtning månadsvis | st/år | kä370ti12fv | kä370ti12fv | | | | | kä370ti12fv
RULE:TAXEPUNKT;Taxepunkter:67;MBRMFPFV;;Hushåll;Restavfall;Hämtning/tömning;;;;;;;1.00;§2.2.4 bottentömmande behållare (mat-/restavfall, förpackningar) §2.2.4 | §2.2.4 | bottentömmande behållare (mat-/restavfall, förpackningar) | avgift per tömning | st/tömning | mbrmfpfv | mbrmfpfv | | | | | mbrmfpfv
RULE:TAXEPUNKT;Taxepunkter:68;MBRMFP2VFV;;Hushåll;Restavfall;Hämtning/tömning;;;;;;;1.00;§2.2.4 bottentömmande behållare (mat-/restavfall, förpackningar) §2.2.4 | §2.2.4 | bottentömmande behållare (mat-/restavfall, förpackningar) | tillägg för två tömningar per vecka | st/tömning | mbrmfp2vfv | mbrmfp2vfv | | | | | mbrmfp2vfv
RULE:TAXEPUNKT;Taxepunkter:69;GEMUPPMRFPFLB;;Hushåll;Restavfall;Abonnemang;;;;Flerbostadshus;;;1.00;§2.2.4 gemensam uppsamlingsplats för mat-/restavfall, förpackningar §2.2.4 | §2.2.4 | gemensam uppsamlingsplats för mat-/restavfall, förpackningar | avgift per lägenhet | lägenhet/år | gemuppmrfpflb | gemuppmrfpflb | | | | | gemuppmrfpflb
RULE:TAXEPUNKT;Taxepunkter:70;;;Hushåll;;;;;;;;;0.75;§2.2.4 §2.2.4 | §2.2.4 | | | | | | | | | |
RULE:TAXEPUNKT;Taxepunkter:71;;;Hushåll;;Hämtning/tömning;;;;Verksamhet;;;0.75;§2.2.5 hämtningsavgift per år för verksamheter §2.2.5 hämtningsavgift per år för verksamheter | §2.2.5 hämtningsavgift per år för verksamheter | | | | | | | | | |
RULE:TAXEPUNKT;Taxepunkter:72;KÄ240RM52FV;;Hushåll;Restavfall;Hämtning/tömning;Kärl;240;;;Behållarvolym;VOLYM/BEHÅLLARE;1.00;§2.2.5 kärl 240 l (mat-/restavfall) §2.2.5 | §2.2.5 | kärl 240 l (mat-/restavfall) | hämtning varje vecka | st/år | kä240rm52fv | kä240rm52fv | | | | | kä240rm52fv
RULE:TAXEPUNKT;Taxepunkter:73;KÄ240RM26FV;;Hushåll;Restavfall;Hämtning/tömning;Kärl;240;;;Behållarvolym;VOLYM/BEHÅLLARE;1.00;§2.2.5 kärl 240 l (mat-/restavfall) §2.2.5 | §2.2.5 | kärl 240 l (mat-/restavfall) | hämtning var 14:e dag | st/år | kä240rm26fv | kä240rm26fv | | | | | kä240rm26fv
RULE:TAXEPUNKT;Taxepunkter:74;;;Hushåll;Restavfall;Hämtning/tömning;Kärl;240;;;Behållarvolym;VOLYM/BEHÅLLARE;0.75;§2.2.5 kärl 240 l (mat-/restavfall) §2.2.5 | §2.2.5 | kärl 240 l (mat-/restavfall) | hämtning månadsvis | st/år | | kä240rm12fv | | | | |
RULE:TAXEPUNKT;Taxepunkter:75;KÄ370RE52FV;;Hushåll;Restavfall;Hämtning/tömning;Kärl;370;;;Behållarvolym;VOLYM/BEHÅLLARE;1.00;§2.2.5 kärl 370 l (restavfall) §2.2.5 | §2.2.5 | kärl 370 l (restavfall) | hämtning varje vecka | st/år | kä370re52fv | kä370re52fv | | | | | kä370re52fv
RULE:TAXEPUNKT;Taxepunkter:76;KÄ370RE26FV;;Hushåll;Restavfall;Hämtning/tömning;Kärl;370;;;Behållarvolym;VOLYM/BEHÅLLARE;1.00;§2.2.5 kärl 370 l (restavfall) §2.2.5 | §2.2.5 | kärl 370 l (restavfall) | hämtning var 14:e dag | st/år | kä370re26fv | kä370re26fv | | | | | kä370re26fv
RULE:TAXEPUNKT;Taxepunkter:77;;;Hushåll;Restavfall;Hämtning/tömning;Kärl;370;;;Behållarvolym;VOLYM/BEHÅLLARE;0.75;§2.2.5 kärl 370 l (restavfall) §2.2.5 | §2.2.5 | kärl 370 l (restavfall) | hämtning månadsvis | st/år | | kä370re12fv | | | | |
RULE:TAXEPUNKT;Taxepunkter:78;KÄ660RE52FV;;Hushåll;Restavfall;Hämtning/tömning;Kärl;660;;;Behållarvolym;VOLYM/BEHÅLLARE;1.00;§2.2.5 kärl 660 l (restavfall) §2.2.5 | §2.2.5 | kärl 660 l (restavfall) | hämtning varje vecka | st/år | kä660re52fv | kä660re52fv | | | | | kä660re52fv
RULE:TAXEPUNKT;Taxepunkter:79;KÄ660RE26FV;;Hushåll;Restavfall;Hämtning/tömning;Kärl;660;;;Behållarvolym;VOLYM/BEHÅLLARE;1.00;§2.2.5 kärl 660 l (restavfall) §2.2.5 | §2.2.5 | kärl 660 l (restavfall) | hämtning var 14:e dag | st/år | kä660re26fv | kä660re26fv | | | | | kä660re26fv
RULE:TAXEPUNKT;Taxepunkter:80;;;Hushåll;Restavfall;Hämtning/tömning;Kärl;660;;;Behållarvolym;VOLYM/BEHÅLLARE;0.75;§2.2.5 kärl 660 l (restavfall) §2.2.5 | §2.2.5 | kärl 660 l (restavfall) | hämtning månadsvis | st/år | | kä660re12fv | | | | |
RULE:TAXEPUNKT;Taxepunkter:81;KÄ140MA52FV;;Hushåll;Matavfall;Hämtning/tömning;Kärl;140;;;Behållarvolym;VOLYM/BEHÅLLARE;1.00;§2.2.5 kärl 140 l (matavfall) §2.2.5 | §2.2.5 | kärl 140 l (matavfall) | hämtning varje vecka | st/år | kä140ma52fv | kä140ma52fv | | | | | kä140ma52fv
RULE:TAXEPUNKT;Taxepunkter:82;KÄ140MA26FV;;Hushåll;Matavfall;Hämtning/tömning;Kärl;140;;;Behållarvolym;VOLYM/BEHÅLLARE;1.00;§2.2.5 kärl 140 l (matavfall) §2.2.5 | §2.2.5 | kärl 140 l (matavfall) | hämtning var 14:e dag | st/år | kä140ma26fv | kä140ma26fv | | | | | kä140ma26fv
RULE:TAXEPUNKT;Taxepunkter:83;;;Hushåll;Matavfall;Hämtning/tömning;Kärl;140;;;Behållarvolym;VOLYM/BEHÅLLARE;0.75;§2.2.5 kärl 140 l (matavfall) §2.2.5 | §2.2.5 | kärl 140 l (matavfall) | hämtning månadsvis | st/år | | kä140ma12fv | | | | |
RULE:TAXEPUNKT;Taxepunkter:84;;;Hushåll;;;;;;;;;0.75;§2.2.5 §2.2.5 | §2.2.5 | | | | | | | | | |
RULE:TAXEPUNKT;Taxepunkter:85;LVREFV;;Hushåll;Restavfall;Hämtning/tömning;;;;;;;1.00;§2.2.5 lastväxlarflak (restavfall) §2.2.5 | §2.2.5 | lastväxlarflak (restavfall) | avgift per tömning | st/tömning | lvrefv | lvrefv | | | | | lvrefv
RULE:TAXEPUNKT;Taxepunkter:86;MBRM2VFV;;Hushåll;Restavfall;Hämtning/tömning;;;;;;;1.00;§2.2.5 bottentömmande behållare (mat-/restavfall) §2.2.5 | §2.2.5 | bottentömmande behållare (mat-/restavfall) | tillägg för två tömningar per vecka | st/tömning | mbrm2vfv | mbrm2vfv | | | | | mbrm2vfv
RULE:TAXEPUNKT;Taxepunkter:87;;;Hushåll;;;;;;;;;0.75;§2.2.5 §2.2.5 | §2.2.5 | | | | | | | | | |
RULE:TAXEPUNKT;Taxepunkter:88;;;Hushåll;;Hämtning/tömning;;;;Verksamhet;;;0.75;§2.2.6 hämtningsavgift per år för verksamhet inom detaljhandeln med beviljad hantering av kommunalt avfall §2.2.6 hämtningsavgift per år för verksamhet inom detaljhandeln med beviljad hantering av kommunalt avfall | §2.2.6 hämtningsavgift per år för verksamhet inom detaljhandeln med beviljad hantering av kommunalt avfall | | | | | | | | | |
RULE:TAXEPUNKT;Taxepunkter:89;KÄ240RM52DH;;Hushåll;Restavfall;Hämtning/tömning;Kärl;240;;;Behållarvolym;VOLYM/BEHÅLLARE;1.00;§2.2.6 kärl 240 l (mat-/restavfall) §2.2.6 | §2.2.6 | kärl 240 l (mat-/restavfall) | hämtning varje vecka | st/år | kä240rm52dh | kä240rm52dh | | | | | kä240rm52dh
RULE:TAXEPUNKT;Taxepunkter:90;KÄ240RM26DH;;Hushåll;Restavfall;Hämtning/tömning;Kärl;240;;;Behållarvolym;VOLYM/BEHÅLLARE;1.00;§2.2.6 kärl 240 l (mat-/restavfall) §2.2.6 | §2.2.6 | kärl 240 l (mat-/restavfall) | hämtning var 14:e dag | st/år | kä240rm26dh | kä240rm26dh | | | | | kä240rm26dh
RULE:TAXEPUNKT;Taxepunkter:91;KÄ240RM12DH;;Hushåll;Restavfall;Hämtning/tömning;Kärl;240;;;Behållarvolym;VOLYM/BEHÅLLARE;1.00;§2.2.6 kärl 240 l (mat-/restavfall) §2.2.6 | §2.2.6 | kärl 240 l (mat-/restavfall) | hämtning månadsvis | st/år | kä240rm12dh | kä240rm12dh | | | | | kä240rm12dh
RULE:TAXEPUNKT;Taxepunkter:92;KÄ370RE52DH;;Hushåll;Restavfall;Hämtning/tömning;Kärl;370;;;Behållarvolym;VOLYM/BEHÅLLARE;1.00;§2.2.6 kärl 370 l (restavfall) §2.2.6 | §2.2.6 | kärl 370 l (restavfall) | hämtning varje vecka | st/år | kä370re52dh | kä370re52dh | | | | | kä370re52dh
RULE:TAXEPUNKT;Taxepunkter:93;KÄ370RE26DH;;Hushåll;Restavfall;Hämtning/tömning;Kärl;370;;;Behållarvolym;VOLYM/BEHÅLLARE;1.00;§2.2.6 kärl 370 l (restavfall) §2.2.6 | §2.2.6 | kärl 370 l (restavfall) | hämtning var 14:e dag | st/år | kä370re26dh | kä370re26dh | | | | | kä370re26dh
RULE:TAXEPUNKT;Taxepunkter:94;KÄ370RE12DH;;Hushåll;Restavfall;Hämtning/tömning;Kärl;370;;;Behållarvolym;VOLYM/BEHÅLLARE;1.00;§2.2.6 kärl 370 l (restavfall) §2.2.6 | §2.2.6 | kärl 370 l (restavfall) | hämtning månadsvis | st/år | kä370re12dh | kä370re12dh | | | | | kä370re12dh
RULE:TAXEPUNKT;Taxepunkter:95;KÄ660RE52DH;;Hushåll;Restavfall;Hämtning/tömning;Kärl;660;;;Behållarvolym;VOLYM/BEHÅLLARE;1.00;§2.2.6 kärl 660 l (restavfall) §2.2.6 | §2.2.6 | kärl 660 l (restavfall) | hämtning varje vecka | st/år | kä660re52dh | kä660re52dh | | | | | kä660re52dh
RULE:TAXEPUNKT;Taxepunkter:96;KÄ660RE26DH;;Hushåll;Restavfall;Hämtning/tömning;Kärl;660;;;Behållarvolym;VOLYM/BEHÅLLARE;1.00;§2.2.6 kärl 660 l (restavfall) §2.2.6 | §2.2.6 | kärl 660 l (restavfall) | hämtning var 14:e dag | st/år | kä660re26dh | kä660re26dh | | | | | kä660re26dh
RULE:TAXEPUNKT;Taxepunkter:97;KÄ660RE12DH;;Hushåll;Restavfall;Hämtning/tömning;Kärl;660;;;Behållarvolym;VOLYM/BEHÅLLARE;1.00;§2.2.6 kärl 660 l (restavfall) §2.2.6 | §2.2.6 | kärl 660 l (restavfall) | hämtning månadsvis | st/år | kä660re12dh | kä660re12dh | | | | | kä660re12dh
RULE:TAXEPUNKT;Taxepunkter:98;KÄ140MA52DH;;Hushåll;Matavfall;Hämtning/tömning;Kärl;140;;;Behållarvolym;VOLYM/BEHÅLLARE;1.00;§2.2.6 kärl 140 l (matavfall) §2.2.6 | §2.2.6 | kärl 140 l (matavfall) | hämtning varje vecka | st/år | kä140ma52dh | kä140ma52dh | | | | | kä140ma52dh
RULE:TAXEPUNKT;Taxepunkter:99;KÄ140MA26DH;;Hushåll;Matavfall;Hämtning/tömning;Kärl;140;;;Behållarvolym;VOLYM/BEHÅLLARE;1.00;§2.2.6 kärl 140 l (matavfall) §2.2.6 | §2.2.6 | kärl 140 l (matavfall) | hämtning var 14:e dag | st/år | kä140ma26dh | kä140ma26dh | | | | | kä140ma26dh
RULE:TAXEPUNKT;Taxepunkter:100;KÄ140MA12DH;;Hushåll;Matavfall;Hämtning/tömning;Kärl;140;;;Behållarvolym;VOLYM/BEHÅLLARE;1.00;§2.2.6 kärl 140 l (matavfall) §2.2.6 | §2.2.6 | kärl 140 l (matavfall) | hämtning månadsvis | st/år | kä140ma12dh | kä140ma12dh | | | | | kä140ma12dh
RULE:TAXEPUNKT;Taxepunkter:101;;;Hushåll;;;;;;;;;0.75;§2.2.6 §2.2.6 | §2.2.6 | | | | | | | | | |
RULE:TAXEPUNKT;Taxepunkter:102;LVREDH;;Hushåll;Restavfall;Hämtning/tömning;;;;;;;1.00;§2.2.6 lastväxlarflak (restavfall) §2.2.6 | §2.2.6 | lastväxlarflak (restavfall) | avgift per tömning | st/tömning | lvredh | lvredh | | | | | lvredh
RULE:TAXEPUNKT;Taxepunkter:103;MBRM2VDH;;Hushåll;Restavfall;Hämtning/tömning;;;;;;;1.00;§2.2.6 bottentömmande behållare (mat-/restavfall) §2.2.6 | §2.2.6 | bottentömmande behållare (mat-/restavfall) | tillägg för två tömningar per vecka | st/tömning | mbrm2vdh | mbrm2vdh | | | | | mbrm2vdh
RULE:TAXEPUNKT;Taxepunkter:104;;;Hushåll;;;;;;;;;0.75;§2.2.6 §2.2.6 | §2.2.6 | | | | | | | | | |
RULE:TAXEPUNKT;Taxepunkter:105;;;Hushåll;;;;;;Verksamhet;;;0.75;§2.2.7 verksamheter med beviljad hantering av förbrukat matfett, kontorspapper eller returpapper §2.2.7 verksamheter med beviljad hantering av förbrukat matfett, kontorspapper eller returpapper | §2.2.7 verksamheter med beviljad hantering av förbrukat matfett, kontorspapper eller returpapper | | | | | | | | | |
RULE:TAXEPUNKT;Taxepunkter:106;KÄ140TI;;Hushåll;;Abonnemang;Kärl;140;;;Behållarvolym;VOLYM/BEHÅLLARE;1.00;§2.2.7 kärl 140 l (kontors-/returpapper) §2.2.7 | §2.2.7 | kärl 140 l (kontors-/returpapper) | | st/år | kä140ti | kä140ti | | | | | kä140ti
RULE:TAXEPUNKT;Taxepunkter:107;;;Hushåll;;;;;;;;;0.75;§2.2.7 §2.2.7 | §2.2.7 | | | | | egenkontret | | | | |
RULE:TAXEPUNKT;Taxepunkter:108;EGENMATFETT;;Hushåll;;Abonnemang;;;;;;;1.00;§2.2.7 egen överlämning av förbrukat matfett enligt anvisning §2.2.7 | §2.2.7 | egen överlämning av förbrukat matfett enligt anvisning | | st/år | egenmatfett | egenmatfett | | | | | egenmatfett
RULE:TAXEPUNKT;Taxepunkter:109;;;Hushåll;;;;;;;;;0.75;§2.2.7 §2.2.7 | §2.2.7 | | | | | | | | | |
RULE:TAXEPUNKT;Taxepunkter:110;;;Hushåll;;;;;;;;;0.75;§2.3 rörlig avgift (gäller ej gemensam uppsamlingsplats) §2.3 rörlig avgift (gäller ej gemensam uppsamlingsplats) | §2.3 rörlig avgift (gäller ej gemensam uppsamlingsplats) | | | | | | | | | |
RULE:TAXEPUNKT;Taxepunkter:111;;;Hushåll;Matavfall;;;;;;;;0.75;§2.3 viktavgift matavfall §2.3 | §2.3 | viktavgift matavfall | | kr/kg | | | | | | |
RULE:TAXEPUNKT;Taxepunkter:112;;;Hushåll;Restavfall;;;;;;;;0.75;§2.3 viktavgift restavfall §2.3 | §2.3 | viktavgift restavfall | | kr/kg | | | | | | |
RULE:TAXEPUNKT;Taxepunkter:113;;;Hushåll;;;;;;;;;0.75;§2.3 §2.3 | §2.3 | | | | | | | | | |
RULE:TAXEPUNKT;Taxepunkter:114;;;Hushåll;;;;;;;;;0.75;§2.3 §2.3 | §2.3 | | | | | | | | | |
RULE:TAXEPUNKT;Taxepunkter:115;;;Hushåll;;;;;;;;;0.75;§2.4.1 fakturaavgift §2.4.1 fakturaavgift | §2.4.1 fakturaavgift | | | | | | | | | |
RULE:TAXEPUNKT;Taxepunkter:116;;;Hushåll;;;;;;;;;0.75;§2.4.1 §2.4.1 | §2.4.1 | | | | | | | | | |
RULE:TAXEPUNKT;Taxepunkter:117;;;Hushåll;;;;;;;;;0.75;§2.4.1 §2.4.1 | §2.4.1 | | | | | | | | | |
RULE:TAXEPUNKT;Taxepunkter:118;;;Hushåll;;;Kärl;;;;;;0.75;§2.4.2 överviktsavgift kärl §2.4.2 överviktsavgift kärl | §2.4.2 överviktsavgift kärl | | | | | | | | | |
RULE:TAXEPUNKT;Taxepunkter:119;;;Hushåll;;;;;;;;;0.75;§2.4.2 §2.4.2 | §2.4.2 | | | | | | | | | |
RULE:TAXEPUNKT;Taxepunkter:120;;;Hushåll;Restavfall;;Kärl;240;;;Behållarvolym;VOLYM/BEHÅLLARE;0.75;§2.4.2 delat kärl 240 l restavfall §2.4.2 | §2.4.2 | delat kärl 240 l restavfall | över 40 kg | kr/kg | | | | | | |
RULE:TAXEPUNKT;Taxepunkter:121;;;Hushåll;Matavfall;Extra;Kärl;140;;;Behållarvolym;VOLYM/BEHÅLLARE;0.75;§2.4.2 extra kärl 140 l matavfall §2.4.2 | §2.4.2 | extra kärl 140 l matavfall | över 60 kg | kr/kg | | | | | | |
RULE:TAXEPUNKT;Taxepunkter:122;;;Hushåll;;;;;;;;;0.75;§2.4.2 §2.4.2 | §2.4.2 | | | | | | | | | |
RULE:TAXEPUNKT;Taxepunkter:123;;;Hushåll;Restavfall;;Kärl;370;;;Behållarvolym;VOLYM/BEHÅLLARE;0.75;§2.4.2 kärl 370 l restavfall §2.4.2 | §2.4.2 | kärl 370 l restavfall | över 60 kg | kr/kg | | | | | | |
RULE:TAXEPUNKT;Taxepunkter:124;;;Hushåll;Restavfall;;Kärl;660;;;Behållarvolym;VOLYM/BEHÅLLARE;0.75;§2.4.2 kärl 660 l restavfall §2.4.2 | §2.4.2 | kärl 660 l restavfall | över 100 kg | kr/kg | | | | | | |
RULE:TAXEPUNKT;Taxepunkter:125;;;Hushåll;;;;;;;;;0.75;§2.4.2 §2.4.2 | §2.4.2 | | | | | | | | | |
RULE:TAXEPUNKT;Taxepunkter:126;;;Hushåll;;Abonnemang;;;;;;;0.75;§2.4.3 överfull behållare §2.4.3 överfull behållare | §2.4.3 överfull behållare | | | | | | | | | |
RULE:TAXEPUNKT;Taxepunkter:127;;;Hushåll;;Abonnemang;Kärl;;;;Tillfälle;TILLFÄLLE;0.75;§2.4.3 överfullt kärl §2.4.3 | §2.4.3 | överfullt kärl | | st/tillfälle/behållare | | | | | | |
RULE:TAXEPUNKT;Taxepunkter:128;;;Hushåll;;Abonnemang;;;;;Tillfälle;TILLFÄLLE;0.75;§2.4.3 överfull bottentömmande behållare §2.4.3 | §2.4.3 | överfull bottentömmande behållare | | st/tillfälle/behållare | | | | | | |
RULE:TAXEPUNKT;Taxepunkter:129;;;Hushåll;;;;;;;;;0.75;§2.4.3 §2.4.3 | §2.4.3 | | | | | | | | | |
RULE:TAXEPUNKT;Taxepunkter:130;;;Hushåll;;Byte;Kärl;;;;;;0.75;§2.4.4 byte av trasigt kärl §2.4.4 byte av trasigt kärl | §2.4.4 byte av trasigt kärl | | | | | | | | | |
RULE:TAXEPUNKT;Taxepunkter:131;;;Hushåll;;Byte;Kärl;;;;;;0.75;§2.4.4 byte av trasigt kärl vid oaktsamhet §2.4.4 | §2.4.4 | byte av trasigt kärl vid oaktsamhet | | st/kärl | | | | | | |
RULE:TAXEPUNKT;Taxepunkter:132;;;Hushåll;;;;;;;;;0.75;§2.4.4 §2.4.4 | §2.4.4 | | | | | | | | | |
RULE:TAXEPUNKT;Taxepunkter:133;;;Hushåll;;Byte;;;;;;;0.75;§2.4.5 byte av abonnemang §2.4.5 byte av abonnemang | §2.4.5 byte av abonnemang | | | | | | | | | |
RULE:TAXEPUNKT;Taxepunkter:134;;;Hushåll;;Byte;Kärl;240;;;Behållarvolym;VOLYM/BEHÅLLARE;0.75;§2.4.5 byte/återtag av kärl en (1) ggr/år §2.4.5 | §2.4.5 | byte/återtag av kärl en (1) ggr/år | 140-240 liter | st/kärl | | | | | | |
RULE:TAXEPUNKT;Taxepunkter:135;;;Hushåll;;Byte;Kärl;660;;;Behållarvolym;VOLYM/BEHÅLLARE;0.75;§2.4.5 byte/återtag av kärl en (1) ggr/år §2.4.5 | §2.4.5 | byte/återtag av kärl en (1) ggr/år | 370-660 liter | st/kärl | | | | | | |
RULE:TAXEPUNKT;Taxepunkter:136;;;Hushåll;;Byte;Kärl;;;;;;0.75;§2.4.5 ytterligare byte av kärl under kalenderåret §2.4.5 | §2.4.5 | ytterligare byte av kärl under kalenderåret | | st/kärl | | | | | | |
RULE:TAXEPUNKT;Taxepunkter:137;;;Hushåll;;;;;;;;;0.75;§2.4.5 §2.4.5 | §2.4.5 | | | | | | | | | |
RULE:TAXEPUNKT;Taxepunkter:138;;;Hushåll;;;;;;;;;0.75;§2.4.6 felsorteringsavgift §2.4.6 felsorteringsavgift | §2.4.6 felsorteringsavgift | | | | | | | | | |
RULE:TAXEPUNKT;Taxepunkter:139;;;Hushåll;;;Kärl;;;;Tillfälle;TILLFÄLLE;0.75;§2.4.6 kärl §2.4.6 | §2.4.6 | kärl | | st/tillfälle | | | | | | |
RULE:TAXEPUNKT;Taxepunkter:140;;;Hushåll;;Abonnemang;;;;;Tillfälle;TILLFÄLLE;0.75;§2.4.6 bottentömmande behållare §2.4.6 | §2.4.6 | bottentömmande behållare | | st/tillfälle | | | | | | |
RULE:TAXEPUNKT;Taxepunkter:141;;;Hushåll;;;;;;;;;0.75;§2.4.6 §2.4.6 | §2.4.6 | | | | | | | | | |
RULE:TAXEPUNKT;Taxepunkter:142;;;Hushåll;;;;;;;;;0.75;§2.4.7 dragväg och avfallsutrymmen §2.4.7 dragväg och avfallsutrymmen | §2.4.7 dragväg och avfallsutrymmen | | | | | | | | | |
RULE:TAXEPUNKT;Taxepunkter:143;;;Hushåll;;;;;;;;;0.75;§2.4.7 §2.4.7 | §2.4.7 | | | | | | | | | |
RULE:TAXEPUNKT;Taxepunkter:144;;;Hushåll;;Abonnemang;Kärl;660;;;Behållarvolym;VOLYM/BEHÅLLARE;0.75;§2.4.7 kärl 140-660 l §2.4.7 | §2.4.7 | kärl 140-660 l | 10-20 | st/år | | | | | | |
RULE:TAXEPUNKT;Taxepunkter:145;;;Hushåll;;Abonnemang;Kärl;660;;;Behållarvolym;VOLYM/BEHÅLLARE;0.75;§2.4.7 kärl 140-660 l §2.4.7 | §2.4.7 | kärl 140-660 l | 20-30 | st/år | | | | | | |
RULE:TAXEPUNKT;Taxepunkter:146;;;Hushåll;;;;;;;;;0.75;§2.4.7 §2.4.7 | §2.4.7 | | | | | | | | | |
RULE:TAXEPUNKT;Taxepunkter:147;;;Hushåll;;Abonnemang;;;;;;;0.75;§2.4.7 låst dörr, med kod §2.4.7 | §2.4.7 | låst dörr, med kod | | st/år | | | | | | |
RULE:TAXEPUNKT;Taxepunkter:148;;;Hushåll;;;;;;;;;0.75;§2.4.7 §2.4.7 | §2.4.7 | | | | | | | | | |
RULE:TAXEPUNKT;Taxepunkter:149;;;Hushåll;;;;;;;;;0.75;§2.4.8 evenemang och andra tillfälliga händelser §2.4.8 evenemang och andra tillfälliga händelser | §2.4.8 evenemang och andra tillfälliga händelser | | | | | | | | | |
RULE:TAXEPUNKT;Taxepunkter:150;;;Hushåll;Matavfall;;Kärl;140;;;Behållarvolym;VOLYM/BEHÅLLARE;0.75;§2.4.8 kärl 140 l matavfall §2.4.8 | §2.4.8 | kärl 140 l matavfall | | st/period | | | | | | |
RULE:TAXEPUNKT;Taxepunkter:151;;;Hushåll;;;;;;;;;0.75;§2.4.8 §2.4.8 | §2.4.8 | | | | | | | | | |
RULE:TAXEPUNKT;Taxepunkter:152;;;Hushåll;Restavfall;;Kärl;370;;;Behållarvolym;VOLYM/BEHÅLLARE;0.75;§2.4.8 kärl 370 l restavfall §2.4.8 | §2.4.8 | kärl 370 l restavfall | | st/period | | | | | | |
RULE:TAXEPUNKT;Taxepunkter:153;;;Hushåll;Restavfall;;Kärl;660;;;Behållarvolym;VOLYM/BEHÅLLARE;0.75;§2.4.8 kärl 660 l restavfall §2.4.8 | §2.4.8 | kärl 660 l restavfall | | st/period | | | | | | |
RULE:TAXEPUNKT;Taxepunkter:154;;;Hushåll;;;;;;;;;0.75;§2.4.8 §2.4.8 | §2.4.8 | | | | | | | | | |
RULE:TAXEPUNKT;Taxepunkter:155;;;Hushåll;;;;;;;;;0.75;§2.4.8 §2.4.8 | §2.4.8 | | | | | | | | | |
RULE:TAXEPUNKT;Taxepunkter:156;;;Hushåll;Restavfall;;;;;;;;0.75;§2.4.9 budning av mat-och restavfall §2.4.9 budning av mat-och restavfall | §2.4.9 budning av mat-och restavfall | | | | | | | | | |
RULE:TAXEPUNKT;Taxepunkter:157;;;Hushåll;;;;;;;Tillfälle;TILLFÄLLE;0.75;§2.4.9 sidlastande fordon §2.4.9 | §2.4.9 | sidlastande fordon | | st/tillfälle | | | | | | |
RULE:TAXEPUNKT;Taxepunkter:158;;;Hushåll;;;;;;;Tillfälle;TILLFÄLLE;0.75;§2.4.9 bottentömmande fordon §2.4.9 | §2.4.9 | bottentömmande fordon | | st/tillfälle | | | | | | |
RULE:TAXEPUNKT;Taxepunkter:159;;;Hushåll;;;;;;;;;0.75;§2.4.9 §2.4.9 | §2.4.9 | | | | | | | | | |
RULE:TAXEPUNKT;Taxepunkter:160;;;Hushåll;;;;;;;;;0.75;§2.4.9 §2.4.9 | §2.4.9 | | | | | | | | | |
RULE:TAXEPUNKT;Taxepunkter:161;;;Hushåll;;;Säck;;;;;;0.75;§2.4.10 betalsäck och akutsäck §2.4.10 betalsäck och akutsäck | §2.4.10 betalsäck och akutsäck | | | | | | | | | |
RULE:TAXEPUNKT;Taxepunkter:162;;;Hushåll;;;Säck;;;;;;0.75;§2.4.10 betalsäck §2.4.10 | §2.4.10 | betalsäck | | st/säck | | | | | | |
RULE:TAXEPUNKT;Taxepunkter:163;;;Hushåll;;;;;;;;;0.75;§2.4.10 §2.4.10 | §2.4.10 | | | | | | | | | |
RULE:TAXEPUNKT;Taxepunkter:164;;;Hushåll;;;;;;;;;0.75;§2.4.10 §2.4.10 | §2.4.10 | | | | | | | | | |
RULE:TAXEPUNKT;Taxepunkter:165;;;Hushåll;;;;;;;;;0.75;§2.4.11 tillbehör §2.4.11 tillbehör | §2.4.11 tillbehör | | | | | | | | | |
RULE:TAXEPUNKT;Taxepunkter:166;;;Hushåll;;;;;;;;;0.75;§2.4.11 §2.4.11 | §2.4.11 | | | | | | | | | |
RULE:TAXEPUNKT;Taxepunkter:167;;;Hushåll;;Abonnemang;;22;;;Behållarvolym;VOLYM/BEHÅLLARE;0.75;§2.4.11 matavfallspåsar 22 l §2.4.11 | §2.4.11 | matavfallspåsar 22 l | | bunt | | | | | | |
RULE:TAXEPUNKT;Taxepunkter:168;;;Hushåll;;;Kärl;;;;Styck;ST;0.75;§2.4.11 gravitationslås till kärl §2.4.11 | §2.4.11 | gravitationslås till kärl | | st | | | | | | |
RULE:TAXEPUNKT;Taxepunkter:169;;;Hushåll;;Extra;;;;;Styck;ST;0.75;§2.4.11 extra nyckel till gravitationslås §2.4.11 | §2.4.11 | extra nyckel till gravitationslås | | st | | | | | | |
RULE:TAXEPUNKT;Taxepunkter:170;;;Hushåll;;;;;;;;;0.75;§2.4.11 §2.4.11 | §2.4.11 | | | | | | | | | |
RULE:TAXEPUNKT;Taxepunkter:171;;;Hushåll;;Hämtning/tömning;;;;;;;0.75;§2.5.1 budning för fastighetsnära hämtning av kommunalt avfall §2.5.1 budning för fastighetsnära hämtning av kommunalt avfall | §2.5.1 budning för fastighetsnära hämtning av kommunalt avfall | | | | | | | | | |
RULE:TAXEPUNKT;Taxepunkter:172;;;Hushåll;;;;;;;Tillfälle;TILLFÄLLE;0.75;§2.5.1 kommunalt avfall §2.5.1 | §2.5.1 | kommunalt avfall | | st/tillfälle | | | | | | |
RULE:TAXEPUNKT;Taxepunkter:173;;;Hushåll;Farligt avfall;Abonnemang;;;;;Tillfälle;TILLFÄLLE;0.75;§2.5.1 farligt avfall (ej uppmärkt) §2.5.1 | §2.5.1 | farligt avfall (ej uppmärkt) | | st/tillfälle | | | | | | |
RULE:TAXEPUNKT;Taxepunkter:174;;;Hushåll;Farligt avfall;Abonnemang;;;;;Tillfälle;TILLFÄLLE;0.75;§2.5.1 farligt avfall (uppmärkt) §2.5.1 | §2.5.1 | farligt avfall (uppmärkt) | | st/tillfälle | | | | | | |
RULE:TAXEPUNKT;Taxepunkter:175;;;Hushåll;;;;;;;;;0.75;§2.5.1 §2.5.1 | §2.5.1 | | | | | | | | | |
RULE:TAXEPUNKT;Taxepunkter:176;;;Hushåll;;;;;;;;;0.75;§2.5.1 §2.5.1 | §2.5.1 | | | | | | | | | |
RULE:TAXEPUNKT;Taxepunkter:177;;;Flerbostad/verksamhet;Slam;Hämtning/tömning;;;;;;;0.75;§3.1 ordinarie tömning slam §3.1 ordinarie tömning slam | §3.1 ordinarie tömning slam | | | | | | | | | |
RULE:TAXEPUNKT;Taxepunkter:178;;;Flerbostad/verksamhet;;;;;;;;;0.75;§3.1 §3.1 | §3.1 | | | | | | | | | |
RULE:TAXEPUNKT;Taxepunkter:179;;;Flerbostad/verksamhet;;Hämtning/tömning;;3m3;;;Volym;VOLM;0.75;§3.1 mellan 3 m3 och 6 m3 §3.1 | §3.1 | mellan 3 m3 och 6 m3 | | kr/tömning | | | | | | |
RULE:TAXEPUNKT;Taxepunkter:180;;;Flerbostad/verksamhet;;Hämtning/tömning;;6m3;;;Volym;VOLM;0.75;§3.1 mellan 6 m3 och 9 m3 §3.1 | §3.1 | mellan 6 m3 och 9 m3 | | kr/tömning | | | | | | |
RULE:TAXEPUNKT;Taxepunkter:181;;;Flerbostad/verksamhet;;;;9m3;;;Volym;VOLM;0.75;§3.1 tillägg per m3 över 9 m3 §3.1 | §3.1 | tillägg per m3 över 9 m3 | | kr/m3 | | | | | | |
RULE:TAXEPUNKT;Taxepunkter:182;;;Flerbostad/verksamhet;;Hämtning/tömning;Brunn;3m3;;;Volym;VOLM;0.75;§3.1 bad-, disk-och tvättbrunn upp till 3 m3 §3.1 | §3.1 | bad-, disk-och tvättbrunn upp till 3 m3 | | kr/tömning | | | | | | |
RULE:TAXEPUNKT;Taxepunkter:183;;;Flerbostad/verksamhet;;;;;;;;;0.75;§3.1 §3.1 | §3.1 | | | | | | | | | |
RULE:TAXEPUNKT;Taxepunkter:184;;;Flerbostad/verksamhet;;;;;;;;;0.75;§3.1 §3.1 | §3.1 | | | | | | | | | |
RULE:TAXEPUNKT;Taxepunkter:185;;;Flerbostad/verksamhet;Slam;;;;;;;;0.75;§3.2 tilläggstjänster slam §3.2 tilläggstjänster slam | §3.2 tilläggstjänster slam | | | | | | | | | |
RULE:TAXEPUNKT;Taxepunkter:186;;;Flerbostad/verksamhet;;;;;;;;;0.75;§3.2 §3.2 | §3.2 | | | | | | | | | |
RULE:TAXEPUNKT;Taxepunkter:187;;;Flerbostad/verksamhet;;Extra;;;;;Tillfälle;TILLFÄLLE;0.75;§3.2 dragning av extra slang vid 25-35 m §3.2 | §3.2 | dragning av extra slang vid 25-35 m | | kr/tillfälle | | | | | | |
RULE:TAXEPUNKT;Taxepunkter:188;;;Flerbostad/verksamhet;;Extra;;;;;Tillfälle;TILLFÄLLE;0.75;§3.2 dragning av extra slang vid 36-45 m §3.2 | §3.2 | dragning av extra slang vid 36-45 m | | kr/tillfälle | | | | | | |
RULE:TAXEPUNKT;Taxepunkter:189;;;Flerbostad/verksamhet;;;;;;;;;0.75;§3.2 §3.2 | §3.2 | | | | | | | | | |
RULE:TAXEPUNKT;Taxepunkter:190;;;Flerbostad/verksamhet;;;Brunn;;;;Tillfälle;TILLFÄLLE;0.75;§3.2 hantering av brunnslock som väger 15-25 kg §3.2 | §3.2 | hantering av brunnslock som väger 15-25 kg | | kr/tillfälle | | | | | | |
RULE:TAXEPUNKT;Taxepunkter:191;;;Flerbostad/verksamhet;;Hämtning/tömning;;;;;Tillfälle;TILLFÄLLE;0.75;§3.2 krav på information om tömningstid §3.2 | §3.2 | krav på information om tömningstid | | kr/tillfälle | | | | | | |
RULE:TAXEPUNKT;Taxepunkter:192;;;Flerbostad/verksamhet;;Hämtning/tömning;;;;;Tillfälle;TILLFÄLLE;0.75;§3.2 krav på närvaro vid specificerad tömningstid §3.2 | §3.2 | krav på närvaro vid specificerad tömningstid | | kr/tillfälle | | | | | | |
RULE:TAXEPUNKT;Taxepunkter:193;;;Flerbostad/verksamhet;Slam;Hämtning/tömning;;;;;Tillfälle;TILLFÄLLE;0.75;§3.2 hantering av kod för kodlås vid slamtömning §3.2 | §3.2 | hantering av kod för kodlås vid slamtömning | | kr/tillfälle | | | | | | |
RULE:TAXEPUNKT;Taxepunkter:194;;;Flerbostad/verksamhet;;;;;;;Tillfälle;TILLFÄLLE;0.75;§3.2 hetvattentvätt med spolbil, timersättning §3.2 | §3.2 | hetvattentvätt med spolbil, timersättning | | kr/tillfälle | | | | | | |
RULE:TAXEPUNKT;Taxepunkter:195;;;Flerbostad/verksamhet;;Hämtning/tömning;;;;;Tillfälle;TILLFÄLLE;0.75;§3.2 avgift om tömning ej kan utföras pga. hinder, bristande transportväg, betonglock, lock tyngre än 25 kg eller vägran §3.2 | §3.2 | avgift om tömning ej kan utföras pga. hinder, bristande transportväg, betonglock, lock tyngre än 25 kg eller vägran | | kr/tillfälle | | | | | | |
RULE:TAXEPUNKT;Taxepunkter:196;;;Flerbostad/verksamhet;;Extra;Brunn;5m3;;;Volym;VOLM;0.75;§3.2 tömning av extra tank/brunn i samband med ordinarie/budad tömning upp till 5 m3 §3.2 | §3.2 | tömning av extra tank/brunn i samband med ordinarie/budad tömning upp till 5 m3 | | kr/tillfälle | | | | | | |
RULE:TAXEPUNKT;Taxepunkter:197;;;Flerbostad/verksamhet;;;;;;;;;0.75;§3.2 §3.2 | §3.2 | | | | | | | | | |
RULE:TAXEPUNKT;Taxepunkter:198;;;Flerbostad/verksamhet;Slam;;;;;;;;0.75;§3.3 övriga avgifter och tillägg slam §3.3 övriga avgifter och tillägg slam | §3.3 övriga avgifter och tillägg slam | | | | | | | | | |
RULE:TAXEPUNKT;Taxepunkter:199;;;Flerbostad/verksamhet;;Hämtning/tömning;;;;;Tillfälle;TILLFÄLLE;0.75;§3.3 budning inom ordinarie tömningsperiod (1 maj-31 oktober) §3.3 | §3.3 | budning inom ordinarie tömningsperiod (1 maj-31 oktober) | inom 24 timmar | kr/tillfälle | | | | | | |
RULE:TAXEPUNKT;Taxepunkter:200;;;Flerbostad/verksamhet;;Hämtning/tömning;;;;;Tillfälle;TILLFÄLLE;0.75;§3.3 budning utanför ordinarie tömningsperiod (1 nov-30 april) §3.3 | §3.3 | budning utanför ordinarie tömningsperiod (1 nov-30 april) | inom 24 timmar | kr/tillfälle | | | | | | |
RULE:TAXEPUNKT;Taxepunkter:201;;;Flerbostad/verksamhet;;;;;;;;;0.75;§3.3 §3.3 | §3.3 | | | | | | | | | |
RULE:TAXEPUNKT;Taxepunkter:202;;;Flerbostad/verksamhet;;Hämtning/tömning;;;;;Tillfälle;TILLFÄLLE;0.75;§3.3 budning utanför ordinarie tömningsperiod (1 nov-30 april) §3.3 | §3.3 | budning utanför ordinarie tömningsperiod (1 nov-30 april) | inom 7 arbetsdagar | kr/tillfälle | | | | | | |
RULE:TAXEPUNKT;Taxepunkter:203;;;Flerbostad/verksamhet;;Hämtning/tömning;;;;;Tillfälle;TILLFÄLLE;0.75;§3.3 tömning av toalettvagnar eller liknande §3.3 | §3.3 | tömning av toalettvagnar eller liknande | | kr/tillfälle | | | | | | |
RULE:TAXEPUNKT;Taxepunkter:204;;;Flerbostad/verksamhet;;Hämtning/tömning;;;;;Tillfälle;TILLFÄLLE;0.75;§3.3 framkörningsavgift då ordinarie tömning inte skett på grund av hinder, abonnenten vägrar, bristfällig väg eller annat §3.3 | §3.3 | framkörningsavgift då ordinarie tömning inte skett på grund av hinder, abonnenten vägrar, bristfällig väg eller annat | | kr/tillfälle | | | | | | |
RULE:TAXEPUNKT;Taxepunkter:205;;;Flerbostad/verksamhet;Slam;Hämtning/tömning;;;;;Tillfälle;TILLFÄLLE;0.75;§3.3 sen anmälan om förändringar av tömningsintervall. om förändring, nyanmälan eller avbokning av slamtömning meddelas efter 1 april innevarande år. §3.3 | §3.3 | sen anmälan om förändringar av tömningsintervall. om förändring, nyanmälan eller avbokning av slamtömning meddelas efter 1 april innevarande år. | | kr/tillfälle | | | | | | |
RULE:TAXEPUNKT;Taxepunkter:206;;;Flerbostad/verksamhet;;;;;;;;;0.75;§3.3 §3.3 | §3.3 | | | | | | | | | |
RULE:TAXEPUNKT;Taxepunkter:207;;;Flerbostad/verksamhet;;Abonnemang;Latrin;;;;;;0.75;§3.4 latrinbehållare §3.4 latrinbehållare | §3.4 latrinbehållare | | | | | | | | | |
RULE:TAXEPUNKT;Taxepunkter:208;;;Flerbostad/verksamhet;;Abonnemang;Latrin;37;;;Styck;ST;0.75;§3.4 latrinbehållare 37 liter inkl. mottagning och behandling §3.4 | §3.4 | latrinbehållare 37 liter inkl. mottagning och behandling | | st | | | | | | |
RULE:TAXEPUNKT;Taxepunkter:209;;;Flerbostad/verksamhet;;;;;;;;;0.75;§3.4 §3.4 | §3.4 | | | | | | | | | |
RULE:TAXEPUNKT;Taxepunkter:210;;;Tilläggstjänst;;Hämtning/tömning;;;;;;;0.75;§4.1 budad hämtning fosforfilter §4.1 budad hämtning fosforfilter | §4.1 budad hämtning fosforfilter | | | | | | | | | |
RULE:TAXEPUNKT;Taxepunkter:211;;;Tilläggstjänst;;Hämtning/tömning;;;;;Tillfälle;TILLFÄLLE;0.75;§4.1 filtermassor upp till 500 kg §4.1 | §4.1 | filtermassor upp till 500 kg | budad hämtning inom sju (7) arbetsdagar | kr/tillfälle | | | | | | |
RULE:TAXEPUNKT;Taxepunkter:212;;;Tilläggstjänst;;Hämtning/tömning;;;;;Tillfälle;TILLFÄLLE;0.75;§4.1 filtermassor 500-1000 kg §4.1 | §4.1 | filtermassor 500-1000 kg | budad hämtning inom sju (7) arbetsdagar | kr/tillfälle | | | | | | |
RULE:TAXEPUNKT;Taxepunkter:213;;;Tilläggstjänst;;;;;;;;;0.75;§4.1 §4.1 | §4.1 | | | | | | | | | |
RULE:TAXEPUNKT;Taxepunkter:214;;;Tilläggstjänst;;Mottagning/behandling;;;;;Tillfälle;TILLFÄLLE;0.75;§4.1 filtermassor 500-1000 kg §4.1 | §4.1 | filtermassor 500-1000 kg | tillägg för transport och behandlingskostnad | kr/tillfälle | | | | | | |
RULE:TAXEPUNKT;Taxepunkter:215;;;Tilläggstjänst;;;;;;;;;0.75;§4.1 §4.1 | §4.1 | | | | | | | | | |
RULE:TAXEPUNKT;Taxepunkter:216;;;Tilläggstjänst;;;;;;;;;0.75;§4.2 tilläggstjänster fosforfilter §4.2 tilläggstjänster fosforfilter | §4.2 tilläggstjänster fosforfilter | | | | | | | | | |
RULE:TAXEPUNKT;Taxepunkter:217;;;Tilläggstjänst;;Hämtning/tömning;;;;;Tillfälle;TILLFÄLLE;0.75;§4.2 krav på information om hämtningstid §4.2 | §4.2 | krav på information om hämtningstid | | kr/tillfälle | | | | | | |
RULE:TAXEPUNKT;Taxepunkter:218;;;Tilläggstjänst;;Hämtning/tömning;;;;;Tillfälle;TILLFÄLLE;0.75;§4.2 krav på närvaro vid specificerad hämtningstid §4.2 | §4.2 | krav på närvaro vid specificerad hämtningstid | | kr/tillfälle | | | | | | |
RULE:TAXEPUNKT;Taxepunkter:219;;;Tilläggstjänst;;;;;;;Tillfälle;TILLFÄLLE;0.75;§4.2 hantering av kod för kodlås §4.2 | §4.2 | hantering av kod för kodlås | | kr/tillfälle | | | | | | |
RULE:TAXEPUNKT;Taxepunkter:220;;;Tilläggstjänst;;Hämtning/tömning;;;;;Tillfälle;TILLFÄLLE;0.75;§4.2 avgift om hämtning ej kan utföras pga hinder, bristande väg eller vägran §4.2 | §4.2 | avgift om hämtning ej kan utföras pga hinder, bristande väg eller vägran | | kr/tillfälle | | | | | | |
RULE:TAXEPUNKT;Taxepunkter:221;;;Tilläggstjänst;;;;;;;;;0.75;§4.2 §4.2 | §4.2 | | | | | | | | | |
RULE:TAXEPUNKT;Taxepunkter:222;;;Slam;;Hämtning/tömning;;;;;;;0.75;§5.1 ordinarie tömning av fettavskiljare §5.1 ordinarie tömning av fettavskiljare | §5.1 ordinarie tömning av fettavskiljare | | | | | | | | | |
RULE:TAXEPUNKT;Taxepunkter:223;;;Slam;;Hämtning/tömning;;3m3;;;Volym;VOLM;0.75;§5.1 upp till 3 m3 §5.1 | §5.1 | upp till 3 m3 | tömning, transport och behandling av fettavskiljare/tank enligt anmält tömningsintervall | kr/tillfälle | | | | | | |
RULE:TAXEPUNKT;Taxepunkter:224;;;Slam;;Hämtning/tömning;;3m3;;;Volym;VOLM;0.75;§5.1 mellan 3 m3 och 6 m3 §5.1 | §5.1 | mellan 3 m3 och 6 m3 | tömning, transport och behandling av fettavskiljare/tank enligt anmält tömningsintervall | kr/tillfälle | | | | | | |
RULE:TAXEPUNKT;Taxepunkter:225;;;Slam;;Hämtning/tömning;;6m3;;;Volym;VOLM;0.75;§5.1 över 6 m3 §5.1 | §5.1 | över 6 m3 | tömning, transport och behandling av fettavskiljare/tank enligt anmält tömningsintervall | kr/tillfälle | | | | | | |
RULE:TAXEPUNKT;Taxepunkter:226;;;Slam;;;;;;;;;0.75;§5.1 §5.1 | §5.1 | | | | | | | | | |
RULE:TAXEPUNKT;Taxepunkter:227;;;Slam;;Mottagning/behandling;;3m3;;;Volym;VOLM;0.75;§5.1 mellan 3 m3 och 6 m3 §5.1 | §5.1 | mellan 3 m3 och 6 m3 | tillägg för transport och behandlingskostnad | kr/tillfälle | | | | | | |
RULE:TAXEPUNKT;Taxepunkter:228;;;Slam;;Mottagning/behandling;;6m3;;;Volym;VOLM;0.75;§5.1 över 6 m3 §5.1 | §5.1 | över 6 m3 | tillägg för transport och behandlingskostnad | kr/tillfälle | | | | | | |
RULE:TAXEPUNKT;Taxepunkter:229;;;Slam;;;;;;;;;0.75;§5.1 §5.1 | §5.1 | | | | | | | | | |
RULE:TAXEPUNKT;Taxepunkter:230;;;Slam;;Abonnemang;;;;;;;0.75;§5.2 tilläggstjänster fettavskiljare §5.2 tilläggstjänster fettavskiljare | §5.2 tilläggstjänster fettavskiljare | | | | | | | | | |
RULE:TAXEPUNKT;Taxepunkter:231;;;Slam;;Extra;;;;;Tillfälle;TILLFÄLLE;0.75;§5.2 dragning av extra slang vid 5-25 m §5.2 | §5.2 | dragning av extra slang vid 5-25 m | | kr/tillfälle | | | | | | |
RULE:TAXEPUNKT;Taxepunkter:232;;;Slam;;Extra;;;;;Tillfälle;TILLFÄLLE;0.75;§5.2 dragning av extra slang vid 25-35 m §5.2 | §5.2 | dragning av extra slang vid 25-35 m | | kr/tillfälle | | | | | | |
RULE:TAXEPUNKT;Taxepunkter:233;;;Slam;;Extra;;;;;Tillfälle;TILLFÄLLE;0.75;§5.2 dragning av extra slang vid 36-45 m §5.2 | §5.2 | dragning av extra slang vid 36-45 m | | kr/tillfälle | | | | | | |
RULE:TAXEPUNKT;Taxepunkter:234;;;Slam;;;;;;;;;0.75;§5.2 §5.2 | §5.2 | | | | | | | | | |
RULE:TAXEPUNKT;Taxepunkter:235;;;Slam;;;Brunn;;;;Tillfälle;TILLFÄLLE;0.75;§5.2 hantering av brunnslock som väger 15-25 kg §5.2 | §5.2 | hantering av brunnslock som väger 15-25 kg | | kr/tillfälle | | | | | | |
RULE:TAXEPUNKT;Taxepunkter:236;;;Slam;;Hämtning/tömning;;;;;Tillfälle;TILLFÄLLE;0.75;§5.2 krav på information om tömningstid §5.2 | §5.2 | krav på information om tömningstid | | kr/tillfälle | | | | | | |
RULE:TAXEPUNKT;Taxepunkter:237;;;Slam;;;;;;;;;0.75;§5.2 §5.2 | §5.2 | | | | | | | | | |
RULE:TAXEPUNKT;Taxepunkter:238;;;Slam;;Hämtning/tömning;;;;;Tillfälle;TILLFÄLLE;0.75;§5.2 hantering av kod för kodlås vid tömning §5.2 | §5.2 | hantering av kod för kodlås vid tömning | | kr/tillfälle | | | | | | |
RULE:TAXEPUNKT;Taxepunkter:239;;;Slam;;;;;;;Tillfälle;TILLFÄLLE;0.75;§5.2 hetvattentvätt med spolbil, timersättning §5.2 | §5.2 | hetvattentvätt med spolbil, timersättning | | kr/tillfälle | | | | | | |
RULE:TAXEPUNKT;Taxepunkter:240;;;Slam;;;;;;;Tillfälle;TILLFÄLLE;0.75;§5.2 silikontätning per lock §5.2 | §5.2 | silikontätning per lock | | kr/tillfälle | | | | | | |
RULE:TAXEPUNKT;Taxepunkter:241;;;Slam;;Hämtning/tömning;;;;;Tillfälle;TILLFÄLLE;0.75;§5.2 avgift om tömning ej kan utföras pga hinder, bristande transportväg, betonglock, lock tyngre än 25 kg eller vägran §5.2 | §5.2 | avgift om tömning ej kan utföras pga hinder, bristande transportväg, betonglock, lock tyngre än 25 kg eller vägran | | kr/tillfälle | | | | | | |
RULE:TAXEPUNKT;Taxepunkter:242;;;Slam;;Extra;;5m3;;;Volym;VOLM;0.75;§5.2 tömning av extra tank i samband med ordinarie/budad tömning upp till 5 m3 §5.2 | §5.2 | tömning av extra tank i samband med ordinarie/budad tömning upp till 5 m3 | | kr/tillfälle | | | | | | |
RULE:TAXEPUNKT;Taxepunkter:243;;;Slam;;;;;;;;;0.75;§5.2 §5.2 | §5.2 | | | | | | | | | |
RULE:TAXEPUNKT;Taxepunkter:244;;;Slam;;Abonnemang;;;;;;;0.75;§5.3 övriga avgifter och tillägg fettavskiljare §5.3 övriga avgifter och tillägg fettavskiljare | §5.3 övriga avgifter och tillägg fettavskiljare | | | | | | | | | |
RULE:TAXEPUNKT;Taxepunkter:245;;;Slam;;Hämtning/tömning;;;;;Tillfälle;TILLFÄLLE;0.75;§5.3 budning inom ordinarie tömningsperiod (1 maj-31 oktober) §5.3 | §5.3 | budning inom ordinarie tömningsperiod (1 maj-31 oktober) | inom 48 timmar | kr/tillfälle | | | | | | |
RULE:TAXEPUNKT;Taxepunkter:246;;;Slam;;Hämtning/tömning;;;;;Tillfälle;TILLFÄLLE;0.75;§5.3 budning utanför ordinarie tömningsperiod §5.3 | §5.3 | budning utanför ordinarie tömningsperiod | inom 48 timmar | kr/tillfälle | | | | | | |
RULE:TAXEPUNKT;Taxepunkter:247;;;Slam;;Hämtning/tömning;;;;;Tillfälle;TILLFÄLLE;0.75;§5.3 budning inom ordinarie tömningsperiod (1 maj-31 oktober) §5.3 | §5.3 | budning inom ordinarie tömningsperiod (1 maj-31 oktober) | inom 8 arbetsdagar | kr/tillfälle | | | | | | |
RULE:TAXEPUNKT;Taxepunkter:248;;;Slam;;Hämtning/tömning;;;;;Tillfälle;TILLFÄLLE;0.75;§5.3 budning utanför ordinarie tömningsperiod §5.3 | §5.3 | budning utanför ordinarie tömningsperiod | inom 8 arbetsdagar | kr/tillfälle | | | | | | |
RULE:TAXEPUNKT;Taxepunkter:249;;;Slam;;Hämtning/tömning;;;;;Tillfälle;TILLFÄLLE;0.75;§5.3 framkörningsavgift då ordinarie tömning inte skett på grund av hinder, abonnenten vägrar, bristfällig väg eller annat §5.3 | §5.3 | framkörningsavgift då ordinarie tömning inte skett på grund av hinder, abonnenten vägrar, bristfällig väg eller annat | | kr/tillfälle | | | | | | |
RULE:TAXEPUNKT;Taxepunkter:250;;;Slam;;Hämtning/tömning;;;;;Tillfälle;TILLFÄLLE;0.75;§5.3 sen anmälan om förändringar av tömningsintervall. om förändring, nyanmälan eller avbokning av tömning meddelas efter 1 april innevarande år. §5.3 | §5.3 | sen anmälan om förändringar av tömningsintervall. om förändring, nyanmälan eller avbokning av tömning meddelas efter 1 april innevarande år. | | kr/tillfälle | | | | | | |
RULE:TAXEPUNKT;Taxepunkter:251;;;Slam;;;;;;;;;0.75;§5.3 §5.3 | §5.3 | | | | | | | | | |
RULE:TAXEPUNKT;Taxepunkter:252;;;Verksamhetsavfall;;;;;;;;;0.75;§6.1.1 inpassering på åvc §6.1.1 inpassering på åvc | §6.1.1 inpassering på åvc | | | | | | | | | |
RULE:TAXEPUNKT;Taxepunkter:253;;;Verksamhetsavfall;;;;;;Verksamhet;;;0.75;§6.1.1 verksamheter §6.1.1 | §6.1.1 | verksamheter | | kr/besök | | | | | | |
RULE:TAXEPUNKT;Taxepunkter:254;;;Verksamhetsavfall;;Abonnemang;;;;;;;0.75;§6.1.1 övriga abonnemangstyper §6.1.1 | §6.1.1 | övriga abonnemangstyper | | kr/besök | | | | | | |
RULE:TAXEPUNKT;Taxepunkter:255;;;Verksamhetsavfall;;;;;;;;;0.75;§6.1.1 vågkort §6.1.1 | §6.1.1 | vågkort | | kr/besök | | | | | | |
RULE:TAXEPUNKT;Taxepunkter:256;;;Verksamhetsavfall;;;;;;;;;0.75;§6.1.1 borttappat vågkort §6.1.1 | §6.1.1 | borttappat vågkort | | kr/besök | | | | | | |
RULE:TAXEPUNKT;Taxepunkter:257;;;Verksamhetsavfall;;;;;;;;;0.75;§6.1.1 §6.1.1 | §6.1.1 | | | | | | | | | |
RULE:TAXEPUNKT;Taxepunkter:258;;;ÅVC/verksamhetsavfall;;;;;;;;;0.75;§6.1.2 hanteringsavgifter för avfall inlämnat på återvinningscentral §6.1.2 hanteringsavgifter för avfall inlämnat på återvinningscentral | §6.1.2 hanteringsavgifter för avfall inlämnat på återvinningscentral | | | | | | | | | |
RULE:TAXEPUNKT;Taxepunkter:259;;;ÅVC/verksamhetsavfall;;;;;;;Vikt;VIKG;0.75;§6.1.2 avfall till energiåtervinning (<20x20x80cm) §6.1.2 | §6.1.2 | avfall till energiåtervinning (<20x20x80cm) | | kr/ton | | | | | | |
RULE:TAXEPUNKT;Taxepunkter:260;;;ÅVC/verksamhetsavfall;;;;;;;Vikt;VIKG;0.75;§6.1.2 skrymmande avfall till energiåtervinning (>20x20x80cm) §6.1.2 | §6.1.2 | skrymmande avfall till energiåtervinning (>20x20x80cm) | | kr/ton | | | | | | |
RULE:TAXEPUNKT;Taxepunkter:261;;;ÅVC/verksamhetsavfall;Elavfall;Abonnemang;;;;;Vikt;VIKG;0.75;§6.1.2 material till sortering (ej innehålla farligt avfall och elavfall) §6.1.2 | §6.1.2 | material till sortering (ej innehålla farligt avfall och elavfall) | | kr/ton | | | | | | |
RULE:TAXEPUNKT;Taxepunkter:262;;;ÅVC/verksamhetsavfall;;;;;;;Vikt;VIKG;0.75;§6.1.2 träavfall-obehandlat, utan tapet, plastmatta, tjärpapp §6.1.2 | §6.1.2 | träavfall-obehandlat, utan tapet, plastmatta, tjärpapp | | kr/ton | | | | | | |
RULE:TAXEPUNKT;Taxepunkter:263;;;ÅVC/verksamhetsavfall;;;;;;;Vikt;VIKG;0.75;§6.1.2 träavfall-behandlat, utan tapet, plastmatta, tjärpapp §6.1.2 | §6.1.2 | träavfall-behandlat, utan tapet, plastmatta, tjärpapp | | kr/ton | | | | | | |
RULE:TAXEPUNKT;Taxepunkter:264;;;ÅVC/verksamhetsavfall;Tryckimpregnerat trä;;;;;;Vikt;VIKG;0.75;§6.1.2 tryckimpregnerat trä (inkl pall) §6.1.2 | §6.1.2 | tryckimpregnerat trä (inkl pall) | | kr/ton | | | | | | |
RULE:TAXEPUNKT;Taxepunkter:265;;;ÅVC/verksamhetsavfall;;;;;;;Vikt;VIKG;0.75;§6.1.2 klinker, porslin §6.1.2 | §6.1.2 | klinker, porslin | | kr/ton | | | | | | |
RULE:TAXEPUNKT;Taxepunkter:266;;;ÅVC/verksamhetsavfall;Gips;;;;;;Vikt;VIKG;0.75;§6.1.2 gips §6.1.2 | §6.1.2 | gips | | kr/ton | | | | | | |
RULE:TAXEPUNKT;Taxepunkter:267;;;ÅVC/verksamhetsavfall;Tegel;;;;;;Vikt;VIKG;0.75;§6.1.2 tegel §6.1.2 | §6.1.2 | tegel | | kr/ton | | | | | | |
RULE:TAXEPUNKT;Taxepunkter:268;;;ÅVC/verksamhetsavfall;;Abonnemang;;;;;Vikt;VIKG;0.75;§6.1.2 planglas (fönster utan karm) §6.1.2 | §6.1.2 | planglas (fönster utan karm) | | kr/ton | | | | | | |
RULE:TAXEPUNKT;Taxepunkter:269;;;ÅVC/verksamhetsavfall;;Abonnemang;;;;;Vikt;VIKG;0.75;§6.1.2 fönster med karm §6.1.2 | §6.1.2 | fönster med karm | | kr/ton | | | | | | |
RULE:TAXEPUNKT;Taxepunkter:270;;;ÅVC/verksamhetsavfall;Asbest;;;;;;Vikt;VIKG;0.75;§6.1.2 isolering utan innehåll av asbest §6.1.2 | §6.1.2 | isolering utan innehåll av asbest | | kr/ton | | | | | | |
RULE:TAXEPUNKT;Taxepunkter:271;;;ÅVC/verksamhetsavfall;;;;;;;Vikt;VIKG;0.75;§6.1.2 metallskrot rent §6.1.2 | §6.1.2 | metallskrot rent | | kr/ton | | | | | | |
RULE:TAXEPUNKT;Taxepunkter:272;;;ÅVC/verksamhetsavfall;;Abonnemang;;;;;Vikt;VIKG;0.75;§6.1.2 trädgårdsavfall §6.1.2 | §6.1.2 | trädgårdsavfall | | kr/ton | | | | | | |
RULE:TAXEPUNKT;Taxepunkter:273;;;ÅVC/verksamhetsavfall;;Abonnemang;;;;;Vikt;VIKG;0.75;§6.1.2 kvistar och grenar §6.1.2 | §6.1.2 | kvistar och grenar | | kr/ton | | | | | | |
RULE:TAXEPUNKT;Taxepunkter:274;;;ÅVC/verksamhetsavfall;;;;;;;Vikt;VIKG;0.75;§6.1.2 jord och sten §6.1.2 | §6.1.2 | jord och sten | | kr/ton | | | | | | |
RULE:TAXEPUNKT;Taxepunkter:275;;;ÅVC/verksamhetsavfall;Betong;;;;;;Vikt;VIKG;0.75;§6.1.2 betong §6.1.2 | §6.1.2 | betong | | kr/ton | | | | | | |
RULE:TAXEPUNKT;Taxepunkter:276;;;ÅVC/verksamhetsavfall;Asbest;;;;;;Vikt;VIKG;0.75;§6.1.2 asbest §6.1.2 | §6.1.2 | asbest | | kr/ton | | | | | | |
RULE:TAXEPUNKT;Taxepunkter:277;;;ÅVC/verksamhetsavfall;Elavfall;Abonnemang;;;;;Vikt;VIKG;0.75;§6.1.2 elavfall producentansvar (texlysrör, glödlampor, §6.1.2 | §6.1.2 | elavfall producentansvar (texlysrör, glödlampor, | | kr/ton | | | | | | |
RULE:TAXEPUNKT;Taxepunkter:278;;;ÅVC/verksamhetsavfall;Kyl/frys;;;;;;Vikt;VIKG;0.75;§6.1.2 kylsklåp/frys av hushållsmodell) §6.1.2 | §6.1.2 | kylsklåp/frys av hushållsmodell) | | kr/ton | | | | | | |
RULE:TAXEPUNKT;Taxepunkter:279;;;ÅVC/verksamhetsavfall;Elavfall;Abonnemang;;;;;Vikt;VIKG;0.75;§6.1.2 elavfall ej producentansvar (texventillationsfläkt, kyldisk) §6.1.2 | §6.1.2 | elavfall ej producentansvar (texventillationsfläkt, kyldisk) | | kr/ton | | | | | | |
RULE:TAXEPUNKT;Taxepunkter:280;;;ÅVC/verksamhetsavfall;;;;;;;Volym;VOLM;0.75;§6.1.2 blandat avfall för sortering på ramp (max2 m3) §6.1.2 | §6.1.2 | blandat avfall för sortering på ramp (max2 m3) | | kr/fordon | | | | | | |
RULE:TAXEPUNKT;Taxepunkter:281;;;ÅVC/verksamhetsavfall;Oljeavfall;Abonnemang;;10;;;Behållarvolym;VOLYM/BEHÅLLARE;0.75;§6.1.2 oljehaltigt avfall (spillolja) i dunkar mindre än 10 liter avfallskod 20 01 26x§6.1.2 | §6.1.2 | oljehaltigt avfall (spillolja) i dunkar mindre än 10 liter avfallskod 20 01 26x| 3295 | kr/l | | | | | | |
RULE:TAXEPUNKT;Taxepunkter:282;;;ÅVC/verksamhetsavfall;Oljeavfall;Abonnemang;;10;;;Behållarvolym;VOLYM/BEHÅLLARE;0.75;§6.1.2 oljehaltigt avfall (spillolja) i fat och dunkar större än 10 liter avfallskod 20 01 26x§6.1.2 | §6.1.2 | oljehaltigt avfall (spillolja) i fat och dunkar större än 10 liter avfallskod 20 01 26x| 3295 | kr/l | | | | | | |
RULE:TAXEPUNKT;Taxepunkter:283;;;ÅVC/verksamhetsavfall;Oljeavfall;;;;;;;;0.75;§6.1.2 förorenad olja (ej pcb) avfallskod 20 01 26x§6.1.2 | §6.1.2 | förorenad olja (ej pcb) avfallskod 20 01 26x| 3295 | kr/kg | | | | | | |
RULE:TAXEPUNKT;Taxepunkter:284;;;ÅVC/verksamhetsavfall;Oljeavfall;;;;;;;;0.75;§6.1.2 förorenad olja innehållande pcb avfallskod 13 03 01x§6.1.2 | §6.1.2 | förorenad olja innehållande pcb avfallskod 13 03 01x| 3295 | kr/kg | | | | | | |
RULE:TAXEPUNKT;Taxepunkter:285;;;ÅVC/verksamhetsavfall;;;;;;;;;0.75;§6.1.2 bensinrester avfallskod 13 07 02x§6.1.2 | §6.1.2 | bensinrester avfallskod 13 07 02x| 1203 | kr/kg | | | | | | |
RULE:TAXEPUNKT;Taxepunkter:286;;;ÅVC/verksamhetsavfall;;;;;;;;;0.75;§6.1.2 diesel avfallskod 13 07 01x§6.1.2 | §6.1.2 | diesel avfallskod 13 07 01x| 1202 | kr/kg | | | | | | |
RULE:TAXEPUNKT;Taxepunkter:287;;;ÅVC/verksamhetsavfall;Oljeavfall;;;;;;;;0.75;§6.1.2 oljefilter avfallskod 16 01 07x§6.1.2 | §6.1.2 | oljefilter avfallskod 16 01 07x| 3295 | kr/kg | | | | | | |
RULE:TAXEPUNKT;Taxepunkter:288;;;ÅVC/verksamhetsavfall;;;;;;;;;0.75;§6.1.2 färg, lack och lim lösningsbaserat avfallskod 20 01 27x§6.1.2 | §6.1.2 | färg, lack och lim lösningsbaserat avfallskod 20 01 27x| 1263 | kr/kg | | | | | | |
RULE:TAXEPUNKT;Taxepunkter:289;;;ÅVC/verksamhetsavfall;;;;;;;;;0.75;§6.1.2 aerosoler, färg, lack och lim avfallskod 20 01 27x§6.1.2 | §6.1.2 | aerosoler, färg, lack och lim avfallskod 20 01 27x| 1950 | kr/kg | | | | | | |
RULE:TAXEPUNKT;Taxepunkter:290;;;ÅVC/verksamhetsavfall;;;;;;;;;0.75;§6.1.2 färg, lack och lim vattenbaserad avfallskod 20 01 28 §6.1.2 | §6.1.2 | färg, lack och lim vattenbaserad avfallskod 20 01 28 | | kr/kg | | | | | | |
RULE:TAXEPUNKT;Taxepunkter:291;;;ÅVC/verksamhetsavfall;;;;;;;;;0.75;§6.1.2 alkaliskt flytande avfall avfallskod 20 01 29x§6.1.2 | §6.1.2 | alkaliskt flytande avfall avfallskod 20 01 29x| 3266 | kr/kg | | | | | | |
RULE:TAXEPUNKT;Taxepunkter:292;;;ÅVC/verksamhetsavfall;;;;;;;;;0.75;§6.1.2 alkaliskt avfall fast avfallskod 20 01 15x§6.1.2 | §6.1.2 | alkaliskt avfall fast avfallskod 20 01 15x| 3262 | kr/kg | | | | | | |
RULE:TAXEPUNKT;Taxepunkter:293;;;ÅVC/verksamhetsavfall;;;;;;;;;0.75;§6.1.2 lösningsmedel avfallskod 20 01 13x§6.1.2 | §6.1.2 | lösningsmedel avfallskod 20 01 13x| 1993 | kr/kg | | | | | | |
RULE:TAXEPUNKT;Taxepunkter:294;;;ÅVC/verksamhetsavfall;;;;;;;;;0.75;§6.1.2 smittförande avfall avfallskod 18 01 03x§6.1.2 | §6.1.2 | smittförande avfall avfallskod 18 01 03x| 3291 | kr/kg | | | | | | |
RULE:TAXEPUNKT;Taxepunkter:295;;;ÅVC/verksamhetsavfall;;;;;;;;;0.75;§6.1.2 bekämpningsmedel flytande avfallskod 20 01 19x§6.1.2 | §6.1.2 | bekämpningsmedel flytande avfallskod 20 01 19x| 2903 | kr/kg | | | | | | |
RULE:TAXEPUNKT;Taxepunkter:296;;;ÅVC/verksamhetsavfall;;;;;;;;;0.75;§6.1.2 bekämpningsmedel fast avfallskod 20 01 19x§6.1.2 | §6.1.2 | bekämpningsmedel fast avfallskod 20 01 19x| 2588 | kr/kg | | | | | | |
RULE:TAXEPUNKT;Taxepunkter:297;;;ÅVC/verksamhetsavfall;;;;;;;;;0.75;§6.1.2 bekämpningsmedel aerosoler avfallskod 20 01 19x§6.1.2 | §6.1.2 | bekämpningsmedel aerosoler avfallskod 20 01 19x| 1950 | kr/kg | | | | | | |
RULE:TAXEPUNKT;Taxepunkter:298;;;ÅVC/verksamhetsavfall;;;;;;;;;0.75;§6.1.2 giftig oorganisk vätska avfallskod 16 05 06x§6.1.2 | §6.1.2 | giftig oorganisk vätska avfallskod 16 05 06x| 3287 | kr/kg | | | | | | |
RULE:TAXEPUNKT;Taxepunkter:299;;;ÅVC/verksamhetsavfall;;;;;;;;;0.75;§6.1.2 giftig organisk vätska avfallskod 16 05 06x§6.1.2 | §6.1.2 | giftig organisk vätska avfallskod 16 05 06x| 2810 | kr/kg | | | | | | |
RULE:TAXEPUNKT;Taxepunkter:300;;;ÅVC/verksamhetsavfall;;;;;;;;;0.75;§6.1.2 surt organisk vätska ämne avfallskod 20 01 14x§6.1.2 | §6.1.2 | surt organisk vätska ämne avfallskod 20 01 14x| 3265 | kr/kg | | | | | | |
RULE:TAXEPUNKT;Taxepunkter:301;;;ÅVC/verksamhetsavfall;;;;;;;;;0.75;§6.1.2 surt organisk fast ämne avfallskod 20 01 14x§6.1.2 | §6.1.2 | surt organisk fast ämne avfallskod 20 01 14x| 3261 | kr/kg | | | | | | |
RULE:TAXEPUNKT;Taxepunkter:302;;;ÅVC/verksamhetsavfall;;;;;;;;;0.75;§6.1.2 surt oorganiskt fast ämne avfallskod 20 01 14x§6.1.2 | §6.1.2 | surt oorganiskt fast ämne avfallskod 20 01 14x| 3260 | kr/kg | | | | | | |
RULE:TAXEPUNKT;Taxepunkter:303;;;ÅVC/verksamhetsavfall;;;;;;;;;0.75;§6.1.2 surt oorganisk vätska avfallskod 20 01 14x§6.1.2 | §6.1.2 | surt oorganisk vätska avfallskod 20 01 14x| 3264 | kr/kg | | | | | | |
RULE:TAXEPUNKT;Taxepunkter:304;;;ÅVC/verksamhetsavfall;;;;;;;;;0.75;§6.1.2 svavelsyra avfallskod 20 01 14x§6.1.2 | §6.1.2 | svavelsyra avfallskod 20 01 14x| 1832 | kr/kg | | | | | | |
RULE:TAXEPUNKT;Taxepunkter:305;;;ÅVC/verksamhetsavfall;;;;;;;;;0.75;§6.1.2 salpetersyra avfallskod 20 01 14x§6.1.2 | §6.1.2 | salpetersyra avfallskod 20 01 14x| 2031 | kr/kg | | | | | | |
RULE:TAXEPUNKT;Taxepunkter:306;;;ÅVC/verksamhetsavfall;;;;;;;;;0.75;§6.1.2 fluorvätesyra avfallskod 20 01 14x§6.1.2 | §6.1.2 | fluorvätesyra avfallskod 20 01 14x| 1790 | kr/kg | | | | | | |
RULE:TAXEPUNKT;Taxepunkter:307;;;ÅVC/verksamhetsavfall;;;;;;;;;0.75;§6.1.2 basiskt organiskt fast ämne/flytande avfallskod 20 01 15x§6.1.2 | §6.1.2 | basiskt organiskt fast ämne/flytande avfallskod 20 01 15x| 3263 | kr/kg | | | | | | |
RULE:TAXEPUNKT;Taxepunkter:308;;;ÅVC/verksamhetsavfall;;;;;;;;;0.75;§6.1.2 ammoniaklösning avfallskod 20 01 15x§6.1.2 | §6.1.2 | ammoniaklösning avfallskod 20 01 15x| 2672 | kr/kg | | | | | | |
RULE:TAXEPUNKT;Taxepunkter:309;;;ÅVC/verksamhetsavfall;;;;;;;;;0.75;§6.1.2 rengöringsmedel avfallskod 20 01 29x§6.1.2 | §6.1.2 | rengöringsmedel avfallskod 20 01 29x| 2903 | kr/kg | | | | | | |
RULE:TAXEPUNKT;Taxepunkter:310;;;ÅVC/verksamhetsavfall;;;;;;;;;0.75;§6.1.2 väteperoxid avfallskod 20 01 13x§6.1.2 | §6.1.2 | väteperoxid avfallskod 20 01 13x| 2014 | kr/kg | | | | | | |
RULE:TAXEPUNKT;Taxepunkter:311;;;ÅVC/verksamhetsavfall;;;;;;;;;0.75;§6.1.2 glykolspill avfallskod 16 01 14x§6.1.2 | §6.1.2 | glykolspill avfallskod 16 01 14x| | kr/kg | | | | | | |
RULE:TAXEPUNKT;Taxepunkter:312;;;ÅVC/verksamhetsavfall;;Abonnemang;;;;;;;0.75;§6.1.2 härdare dibenzoylperoxid avfallskod 20 01 27x§6.1.2 | §6.1.2 | härdare dibenzoylperoxid avfallskod 20 01 27x| 3106 | kr/kg | | | | | | |
RULE:TAXEPUNKT;Taxepunkter:313;;;ÅVC/verksamhetsavfall;;Abonnemang;;;;;;;0.75;§6.1.2 härdare metyletylketonperoxid avfallskod 20 01 27x§6.1.2 | §6.1.2 | härdare metyletylketonperoxid avfallskod 20 01 27x| 3105 | kr/kg | | | | | | |
RULE:TAXEPUNKT;Taxepunkter:314;;;ÅVC/verksamhetsavfall;;;;;;;;;0.75;§6.1.2 fotokemikalier avfallskod 20 01 17x§6.1.2 | §6.1.2 | fotokemikalier avfallskod 20 01 17x| | kr/kg | | | | | | |
RULE:TAXEPUNKT;Taxepunkter:315;;;ÅVC/verksamhetsavfall;;;;;;;;;0.75;§6.1.2 avfall med kvicksilverinnehåll avfallskod 20 01 21x§6.1.2 | §6.1.2 | avfall med kvicksilverinnehåll avfallskod 20 01 21x| 2809 | kr/kg | | | | | | |
RULE:TAXEPUNKT;Taxepunkter:316;;;ÅVC/verksamhetsavfall;;;;;;;;;0.75;§6.1.2 kvicksilver i föremål avfallskod 20 01 21x§6.1.2 | §6.1.2 | kvicksilver i föremål avfallskod 20 01 21x| 3506 | kr/kg | | | | | | |
RULE:TAXEPUNKT;Taxepunkter:317;;;ÅVC/verksamhetsavfall;;;;;;;;;0.75;§6.1.2 småkemikalier, ej hg-haltiga avfallskod 16 05 06x§6.1.2 | §6.1.2 | småkemikalier, ej hg-haltiga avfallskod 16 05 06x| 3286 | kr/kg | | | | | | |
RULE:TAXEPUNKT;Taxepunkter:318;;;ÅVC/verksamhetsavfall;Förpackningar;Abonnemang;;;;;;;0.75;§6.1.2 förpackningar, tömda ej rengjorda avfallskod 15 01 10x§6.1.2 | §6.1.2 | förpackningar, tömda ej rengjorda avfallskod 15 01 10x| | kr/kg | | | | | | |
RULE:TAXEPUNKT;Taxepunkter:319;;;ÅVC/verksamhetsavfall;;;;;;;;;0.75;§6.1.2 toner/färgpatroner avfallskod 08 03 07 §6.1.2 | §6.1.2 | toner/färgpatroner avfallskod 08 03 07 | | kr/kg | | | | | | |
RULE:TAXEPUNKT;Taxepunkter:320;;;ÅVC/verksamhetsavfall;;;;;;;;;0.75;§6.1.2 oxiderande fast ämnen/vätska avfallskod 16 05 04x§6.1.2 | §6.1.2 | oxiderande fast ämnen/vätska avfallskod 16 05 04x| 1479 | kr/kg | | | | | | |
RULE:TAXEPUNKT;Taxepunkter:321;;;ÅVC/verksamhetsavfall;;;;;;;;;0.75;§6.1.2 klorexavfallskod 16 05 04x§6.1.2 | §6.1.2 | klorexavfallskod 16 05 04x| 1495 | kr/kg | | | | | | |
RULE:TAXEPUNKT;Taxepunkter:322;;;ÅVC/verksamhetsavfall;;;;;;;;;0.75;§6.1.2 aerosoler isocyanat/bekämpningsmedel/ugnsrengöring avfallskod 16 05 04x§6.1.2 | §6.1.2 | aerosoler isocyanat/bekämpningsmedel/ugnsrengöring avfallskod 16 05 04x| 1950 | kr/kg | | | | | | |
RULE:TAXEPUNKT;Taxepunkter:323;;;ÅVC/verksamhetsavfall;;Abonnemang;;;;;;;0.75;§6.1.2 tändare avfallskod 16 05 04x§6.1.2 | §6.1.2 | tändare avfallskod 16 05 04x| 1057 | kr/kg | | | | | | |
RULE:TAXEPUNKT;Taxepunkter:324;;;ÅVC/verksamhetsavfall;;;;;;;;;0.75;§6.1.2 engångsgasol avfallskod 16 05 04x§6.1.2 | §6.1.2 | engångsgasol avfallskod 16 05 04x| 2037 | kr/kg | | | | | | |
RULE:TAXEPUNKT;Taxepunkter:325;;;ÅVC/verksamhetsavfall;;Abonnemang;;;;;;;0.75;§6.1.2 brandsläckare avfallskod 16 05 04x§6.1.2 | §6.1.2 | brandsläckare avfallskod 16 05 04x| 1044 | kr/kg | | | | | | |
RULE:TAXEPUNKT;Taxepunkter:326;;;ÅVC/verksamhetsavfall;;;;;;;;;0.75;§6.1.2 koldioxid avfallskod 16 05 04x§6.1.2 | §6.1.2 | koldioxid avfallskod 16 05 04x| 1013 | kr/kg | | | | | | |
RULE:TAXEPUNKT;Taxepunkter:327;;;ÅVC/verksamhetsavfall;;;;;;;;;0.75;§6.1.2 gasol avfallskod 16 05 04x§6.1.2 | §6.1.2 | gasol avfallskod 16 05 04x| 1965 | kr/kg | | | | | | |
RULE:TAXEPUNKT;Taxepunkter:328;;;ÅVC/verksamhetsavfall;;;;;;;;;0.75;§6.1.2 helium avfallskod 16 05 04x§6.1.2 | §6.1.2 | helium avfallskod 16 05 04x| 1046 | kr/kg | | | | | | |
RULE:TAXEPUNKT;Taxepunkter:329;;;ÅVC/verksamhetsavfall;;;;;;;;;0.75;§6.1.2 syrgas avfallskod 16 05 04x§6.1.2 | §6.1.2 | syrgas avfallskod 16 05 04x| 1072 | kr/kg | | | | | | |
RULE:TAXEPUNKT;Taxepunkter:330;;;ÅVC/verksamhetsavfall;;;;;;;;;0.75;§6.1.2 halon avfallskod 16 05 04x§6.1.2 | §6.1.2 | halon avfallskod 16 05 04x| 1009 | kr/kg | | | | | | |
RULE:TAXEPUNKT;Taxepunkter:331;;;ÅVC/verksamhetsavfall;;;;;;;;;0.75;§6.1.2 absorbermedel, filtermaterial avfallskod 15 02 02x§6.1.2 | §6.1.2 | absorbermedel, filtermaterial avfallskod 15 02 02x| 1993 | kr/kg | | | | | | |
RULE:TAXEPUNKT;Taxepunkter:332;;;ÅVC/verksamhetsavfall;;;;;;;;;0.75;§6.1.2 cytotoxiska/cytostatika avfallskod 20 01 31x§6.1.2 | §6.1.2 | cytotoxiska/cytostatika avfallskod 20 01 31x| 3249 | kr/kg | | | | | | |
RULE:TAXEPUNKT;Taxepunkter:333;;;ÅVC/verksamhetsavfall;;;;;;;;;0.75;§6.1.2 isocyanater avfallskod 20 01 27x§6.1.2 | §6.1.2 | isocyanater avfallskod 20 01 27x| 3080 | kr/kg | | | | | | |
RULE:TAXEPUNKT;Taxepunkter:334;;;ÅVC/verksamhetsavfall;;;;;;;;;0.75;§6.1.2 tensider, flytande, alkaliskt fa avfallskod 20 01 29x§6.1.2 | §6.1.2 | tensider, flytande, alkaliskt fa avfallskod 20 01 29x| 1304 | kr/kg | | | | | | |
RULE:TAXEPUNKT;Taxepunkter:335;;;ÅVC/verksamhetsavfall;;;;;;;;;0.75;§6.1.2 oxidationsmedel, flytande avfallskod 16 09 04x§6.1.2 | §6.1.2 | oxidationsmedel, flytande avfallskod 16 09 04x| 1497 | kr/kg | | | | | | |
RULE:TAXEPUNKT;Taxepunkter:336;;;ÅVC/verksamhetsavfall;;;;;;;;;0.75;§6.1.2 explosiva komponenter avfallskod 16 01 01x§6.1.2 | §6.1.2 | explosiva komponenter avfallskod 16 01 01x| 12 | kr/kg | | | | | | |
RULE:TAXEPUNKT;Taxepunkter:337;;;ÅVC/verksamhetsavfall;;;;;;;;;0.75;§6.1.2 kasserad ammunition och fyverkerier avfallskod 16 04 02x§6.1.2 | §6.1.2 | kasserad ammunition och fyverkerier avfallskod 16 04 02x| 333 | kr/kg | | | | | | |
RULE:TAXEPUNKT;Taxepunkter:338;;;ÅVC/verksamhetsavfall;;;;;;;;;0.75;§6.1.2 kasserad ammunition och fyverkerier avfallskod 16 04 01x§6.1.2 | §6.1.2 | kasserad ammunition och fyverkerier avfallskod 16 04 01x| 12 | kr/kg | | | | | | |
RULE:TAXEPUNKT;Taxepunkter:339;;;ÅVC/verksamhetsavfall;;;;;;;;;0.75;§6.1.2 gödsel avfallskod 02 01 06 §6.1.2 | §6.1.2 | gödsel avfallskod 02 01 06 | 1043 | kr/kg | | | | | | |
RULE:TAXEPUNKT;Taxepunkter:340;;;ÅVC/verksamhetsavfall;Oljeavfall;;;;;;;;0.75;§6.1.2 oljeemulsion, emballerat avfallskod 12 01 09x§6.1.2 | §6.1.2 | oljeemulsion, emballerat avfallskod 12 01 09x| 1202 | kr/kg | | | | | | |
RULE:TAXEPUNKT;Taxepunkter:341;;;ÅVC/verksamhetsavfall;Oljeavfall;;;;;;;;0.75;§6.1.2 oljeavfall, fast osortrat emballage avfallskod 15 02 02x§6.1.2 | §6.1.2 | oljeavfall, fast osortrat emballage avfallskod 15 02 02x| 1202 | kr/kg | | | | | | |
RULE:TAXEPUNKT;Taxepunkter:342;;;ÅVC/verksamhetsavfall;Oljeavfall;Abonnemang;;;;;;;0.75;§6.1.2 oljevskiljarslam avfallskod 13 05 08x§6.1.2 | §6.1.2 | oljevskiljarslam avfallskod 13 05 08x| 3295 | kr/kg | | | | | | |
RULE:TAXEPUNKT;Taxepunkter:343;;;ÅVC/verksamhetsavfall;Asbest;;;;;;;;0.75;§6.1.2 asbest, emballerad avfallskod 17 06 01x§6.1.2 | §6.1.2 | asbest, emballerad avfallskod 17 06 01x| 2212 | kr/kg | | | | | | |
RULE:TAXEPUNKT;Taxepunkter:344;;;ÅVC/verksamhetsavfall;;;;;;;;;0.75;§6.1.2 hydraulslang, med och utan koppling avfallskod 13 08 99x§6.1.2 | §6.1.2 | hydraulslang, med och utan koppling avfallskod 13 08 99x| 3106 | kr/kg | | | | | | |
RULE:TAXEPUNKT;Taxepunkter:345;;;ÅVC/verksamhetsavfall;;;;;;;;;0.75;§6.1.2 bromsvätska avfallskod 16 01 13x§6.1.2 | §6.1.2 | bromsvätska avfallskod 16 01 13x| | kr/kg | | | | | | |
RULE:TAXEPUNKT;Taxepunkter:346;;;ÅVC/verksamhetsavfall;;;;;;;;;0.75;§6.1.2 transformatorer och kondensatorer som innehåller pcb avfallskod 16 02 09x§6.1.2 | §6.1.2 | transformatorer och kondensatorer som innehåller pcb avfallskod 16 02 09x| 3295 | kr/kg | | | | | | |
RULE:TAXEPUNKT;Taxepunkter:347;;;ÅVC/verksamhetsavfall;;;;;;;;;0.75;§6.1.2 rökdetektorer, innehållande am 241 avfallskod 20 01 35x§6.1.2 | §6.1.2 | rökdetektorer, innehållande am 241 avfallskod 20 01 35x| 2911 | kr/kg | | | | | | |
RULE:TAXEPUNKT;Taxepunkter:348;;;ÅVC/verksamhetsavfall;;;;;;;;;0.75;§6.1.2 rökdetektorer, innehållande andra isotoper än am 241 avfallskod 20 01 35x§6.1.2 | §6.1.2 | rökdetektorer, innehållande andra isotoper än am 241 avfallskod 20 01 35x| 2911 | kr/kg | | | | | | |
RULE:TAXEPUNKT;Taxepunkter:349;;;ÅVC/verksamhetsavfall;;;;;;;;;0.75;§6.1.2 gasol, blå programmet avfallskod 16 05 04x§6.1.2 | §6.1.2 | gasol, blå programmet avfallskod 16 05 04x| | kr/kg | | | | | | |
RULE:TAXEPUNKT;Taxepunkter:350;;;ÅVC/verksamhetsavfall;;;;;;;;;0.75;§6.1.2 halongaser avfallskod 16 05 04x§6.1.2 | §6.1.2 | halongaser avfallskod 16 05 04x| | kr/kg | | | | | | |
RULE:TAXEPUNKT;Taxepunkter:351;;;ÅVC/verksamhetsavfall;Träavfall;;;;;;;;0.75;§6.1.2 tryckinpregnerat virke avfallskod 17 02 04x§6.1.2 | §6.1.2 | tryckinpregnerat virke avfallskod 17 02 04x| | kr/kg | | | | | | |
RULE:TAXEPUNKT;Taxepunkter:352;;;ÅVC/verksamhetsavfall;;Abonnemang;;;;;Styck;ST;0.75;§6.1.2 saknade uppgifter om avfallsslag, startavgift första fraktionen (kemist) §6.1.2 | §6.1.2 | saknade uppgifter om avfallsslag, startavgift första fraktionen (kemist) | | st | | | | | | |
RULE:TAXEPUNKT;Taxepunkter:353;;;ÅVC/verksamhetsavfall;;;;;;;Styck;ST;0.75;§6.1.2 efterföljande fraktioner §6.1.2 | §6.1.2 | efterföljande fraktioner | | st | | | | | | |
RULE:TAXEPUNKT;Taxepunkter:354;;;ÅVC/verksamhetsavfall;;;;;;;Styck;ST;0.75;§6.1.2 administrativ rapporteringsavgift §6.1.2 | §6.1.2 | administrativ rapporteringsavgift | | st | | | | | | |
RULE:TAXEPUNKT;Taxepunkter:355;;;ÅVC/verksamhetsavfall;;;;;;;;;0.75;§6.1.2 metallskrot rent §6.1.2 | §6.1.2 | metallskrot rent | | kr | | | | | | |
RULE:TAXEPUNKT;Taxepunkter:356;;;ÅVC/verksamhetsavfall;;Abonnemang;;;;;;;0.75;§6.1.2 trädgårdsavfall §6.1.2 | §6.1.2 | trädgårdsavfall | | kr | | | | | | |
RULE:TAXEPUNKT;Taxepunkter:357;;;ÅVC/verksamhetsavfall;;Abonnemang;;;;;;;0.75;§6.1.2 kvistar och grenar §6.1.2 | §6.1.2 | kvistar och grenar | | kr | | | | | | |
RULE:TAXEPUNKT;Taxepunkter:358;;;ÅVC/verksamhetsavfall;;;;;;;;;0.75;§6.1.2 jord och sten §6.1.2 | §6.1.2 | jord och sten | | kr | | | | | | |
RULE:TAXEPUNKT;Taxepunkter:359;;;ÅVC/verksamhetsavfall;Betong;;;;;;;;0.75;§6.1.2 betong §6.1.2 | §6.1.2 | betong | | kr | | | | | | |
RULE:TAXEPUNKT;Taxepunkter:360;;;ÅVC/verksamhetsavfall;Asbest;;;;;;;;0.75;§6.1.2 asbest §6.1.2 | §6.1.2 | asbest | | kr | | | | | | |
RULE:TAXEPUNKT;Taxepunkter:361;;;ÅVC/verksamhetsavfall;;;;;;;Volym;VOLM;0.75;§6.1.2 blandat avfall för sortering på ramp (max2 m3) §6.1.2 | §6.1.2 | blandat avfall för sortering på ramp (max2 m3) | | kr | | | | | | |
RULE:TAXEPUNKT;Taxepunkter:362;;;ÅVC/verksamhetsavfall;;;;;;;;;0.75;§6.1.2 §6.1.2 | §6.1.2 | | | | | | | | | |
RULE:TAXEPUNKT;Taxepunkter:363;;;Verksamhetsavfall;;;Container;;;;;;0.75;§6.1.3 hyra av container §6.1.3 hyra av container | §6.1.3 hyra av container | | | | | | | | | |
RULE:TAXEPUNKT;Taxepunkter:364;;;Verksamhetsavfall;;;Container;3m3;;;Volym;VOLM;0.75;§6.1.3 container 3 m3 §6.1.3 | §6.1.3 | container 3 m3 | | st/dygn | | | | | | |
RULE:TAXEPUNKT;Taxepunkter:365;;;Verksamhetsavfall;;;Container;5m3;;;Volym;VOLM;0.75;§6.1.3 container 5 m3 §6.1.3 | §6.1.3 | container 5 m3 | | st/dygn | | | | | | |
RULE:TAXEPUNKT;Taxepunkter:366;;;Verksamhetsavfall;;;Container;8m3;;;Volym;VOLM;0.75;§6.1.3 container 8 m3 §6.1.3 | §6.1.3 | container 8 m3 | | st/dygn | | | | | | |
RULE:TAXEPUNKT;Taxepunkter:367;;;Verksamhetsavfall;;;;;;;;;0.75;§6.1.3 §6.1.3 | §6.1.3 | | | | | | | | | |
RULE:TAXEPUNKT;Taxepunkter:368;;;Verksamhetsavfall;;;;;;;;;0.75;§6.1.4 tillägg och avgifter §6.1.4 tillägg och avgifter | §6.1.4 tillägg och avgifter | | | | | | | | | |
RULE:TAXEPUNKT;Taxepunkter:369;;;Verksamhetsavfall;;;;;;;Tillfälle;TILLFÄLLE;0.75;§6.1.4 administrativ rapporteringsavgift §6.1.4 | §6.1.4 | administrativ rapporteringsavgift | | st/tillfälle | | | | | | |
RULE:TAXEPUNKT;Taxepunkter:370;;;Verksamhetsavfall;;;;;;;;;0.75;§6.1.4 §6.1.4 | §6.1.4 | | | | | | | | | |
RULE:TAXEPUNKT;Taxepunkter:371;KÄ190XRM12FRI;;Hushåll;Restavfall;Extra;Kärl;190;;;Behållarvolym;VOLYM/BEHÅLLARE;1.00;§2.2.2 extrakärl 190 l (restavfall) §2.2.2 | §2.2.2 | extrakärl 190 l (restavfall) | hämtning månadsvis | st/år | kä190xrm12fri | kä190xrm12fri | | | | | kä190xrm12fri
RULE:TAXEPUNKT;Taxepunkter:372;GEMUPPMR;;Hushåll;Restavfall;Abonnemang;;;;;;;1.00;§2.2.3 gemensam uppsamlingsplats för mat-/restavfall §2.2.3 | §2.2.3 | gemensam uppsamlingsplats för mat-/restavfall | | st/år | gemuppmr | gemuppmr | | | | | gemuppmr
RULE:TAXEPUNKT;Taxepunkter:373;GEMUPPEXTRA;;Hushåll;;Extra;;;;;;;1.00;§2.2.3 extra digital licens (årskostnad) §2.2.3 | §2.2.3 | extra digital licens (årskostnad) | | st/år | gemuppextra | gemuppextra | | | | | gemuppextra
RULE:TAXEPUNKT;Taxepunkter:374;GEMUPPFOB;;Hushåll;;Abonnemang;;;;;;;1.00;§2.2.3 fysisk nyckel, kallad fob (engångskostnad) §2.2.3 | §2.2.3 | fysisk nyckel, kallad fob (engångskostnad) | | st/år | gemuppfob | gemuppfob | | | | | gemuppfob
RULE:TAXEPUNKT;Taxepunkter:375;MBRMFV;;Hushåll;Restavfall;Hämtning/tömning;;;;;;;1.00;§2.2.5 bottentömmande behållare (mat-/restavfall) §2.2.5 | §2.2.5 | bottentömmande behållare (mat-/restavfall) | avgift per tömning | st/år | mbrmfv | mbrmfv | | | | | mbrmfv
RULE:TAXEPUNKT;Taxepunkter:376;MBRMDH;;Hushåll;Restavfall;Hämtning/tömning;;;;;;;1.00;§2.2.6 bottentömmande behållare (mat-/restavfall) §2.2.6 | §2.2.6 | bottentömmande behållare (mat-/restavfall) | avgift per tömning | st/år | mbrmdh | mbrmdh | | | | | mbrmdh
RULE:TAXEPUNKT;Taxepunkter:377;KÄ370FPFRI;;Hushåll;;Abonnemang;Kärl;370;;;Behållarvolym;VOLYM/BEHÅLLARE;1.00;§2.2.2 kärl 370 l (papper-/plastförpackningar) §2.2.2 | §2.2.2 | kärl 370 l (papper-/plastförpackningar) | kostnadsfritt | st/år | kä370fpfri | kä370fpfri | | | | | kä370fpfri
RULE:TAXEPUNKT;Taxepunkter:378;GEMUPPFPFRI;;Hushåll;Förpackningar;Abonnemang;;;;;;;1.00;§2.2.3 gemensam uppsamlingsplats för förpackningar §2.2.3 | §2.2.3 | gemensam uppsamlingsplats för förpackningar | kostnadsfritt | st/år | gemuppfpfri | gemuppfpfri | | | | | gemuppfpfri
RULE:TAXEPUNKT;Taxepunkter:379;EGENKONTRET;;Hushåll;;Abonnemang;;;;;;;1.00;§2.2.7 egen överlämning av förbrukat kontors-/returpapper enligt anvisning §2.2.7 | §2.2.7 | egen överlämning av förbrukat kontors-/returpapper enligt anvisning | | st/år | egenkontret | egenkontret | | | | | egenkontret
RULE:EDP;Taxa_från_edp:2;140MAT;;Okänd;Matavfall;;Kärl;140;;;Behållarvolym;KVAN;1.00;140l kärl, viktavgift matavfall 140mat | 140l kärl, viktavgift matavfall | kvan | 140l kärl-viktavgift matavfall | vikg, max60 140mat vikg, max60 140l kärl-viktavgift matavfall
RULE:EDP;Taxa_från_edp:3;140MAT;;Okänd;Matavfall;;Kärl;140;;;Behållarvolym;KVAN;1.00;140l kärl, viktavgift matavfall 140mat | 140l kärl, viktavgift matavfall | kvan | överviktsavgift för vikt över 60 kg, matavfall | vikg-60, min0 140mat vikg-60, min0 överviktsavgift för vikt över 60 kg, matavfall
RULE:EDP;Taxa_från_edp:4;370REST;;Okänd;Restavfall;;Kärl;370;;;Behållarvolym;KVAN;1.00;140-370l kärl, viktavgift restavfall 370rest | 140-370l kärl, viktavgift restavfall | kvan | 140-370l kärl-viktavgift restavfall | vikg, max60 370rest vikg, max60 140-370l kärl-viktavgift restavfall
RULE:EDP;Taxa_från_edp:5;370REST;;Okänd;Restavfall;;Kärl;370;;;Behållarvolym;KVAN;1.00;140-370l kärl, viktavgift restavfall 370rest | 140-370l kärl, viktavgift restavfall | kvan | överviktsavgift för vikt över 60 kg, restavfall | vikg-60, min0 370rest vikg-60, min0 överviktsavgift för vikt över 60 kg, restavfall
RULE:EDP;Taxa_från_edp:6;660REST;;Okänd;Restavfall;;Kärl;660;;;Behållarvolym;KVAN;1.00;660l kärl, viktavgift restavfall 660rest | 660l kärl, viktavgift restavfall | kvan | 660l kärl-viktavgift restavfall | vikg, max100 660rest vikg, max100 660l kärl-viktavgift restavfall
RULE:EDP;Taxa_från_edp:7;660REST;;Okänd;Restavfall;;Kärl;660;;;Behållarvolym;KVAN;1.00;660l kärl, viktavgift restavfall 660rest | 660l kärl, viktavgift restavfall | kvan | överviktsavgift för vikt över 100 kg, restavfall | vikg-100, min0 660rest vikg-100, min0 överviktsavgift för vikt över 100 kg, restavfall
RULE:EDP;Taxa_från_edp:8;BDT03SLBUD;;Slam;Slam;Abonnemang;;;;;;ÅRKV;1.00;bdt 0-3 m³, slam. budning bdt03slbud | bdt 0-3 m³, slam. budning | årkv | bdt 0-3 m³, slam. budning | 0 bdt03slbud 0 bdt 0-3 m³, slam. budning
RULE:EDP;Taxa_från_edp:9;BDT03SLORD;;Slam;Slam;Abonnemang;;;;;;ÅRKV;1.00;bdt 0-3 m³, slam. ordinarie tur bdt03slord | bdt 0-3 m³, slam. ordinarie tur | årkv | bdt 0-3 m³, slam. ordinarie tur | 0 bdt03slord 0 bdt 0-3 m³, slam. ordinarie tur
RULE:EDP;Taxa_från_edp:10;BDTÖ3SLBUD;;Slam;Slam;Abonnemang;;;;;;ÅRKV;1.00;bdt över 3 m³, slam. budning bdtö3slbud | bdt över 3 m³, slam. budning | årkv | bdt över 3 m³, slam. budning | 0 bdtö3slbud 0 bdt över 3 m³, slam. budning
RULE:EDP;Taxa_från_edp:11;BDTÖ3SLORD;;Slam;Slam;Abonnemang;;;;;;ÅRKV;1.00;bdt över 3 m³, slam. ordinarie tur bdtö3slord | bdt över 3 m³, slam. ordinarie tur | årkv | bdt över 3 m³, slam. ordinarie tur | 0 bdtö3slord 0 bdt över 3 m³, slam. ordinarie tur
RULE:EDP;Taxa_från_edp:12;BRN03SLBUD;;Slam;Slam;Abonnemang;Brunn;;;;;ÅRKV;1.00;brunn 0-3 m³, slam. budning brn03slbud | brunn 0-3 m³, slam. budning | årkv | brunn 0-3 m³, slam. budning | 0 brn03slbud 0 brunn 0-3 m³, slam. budning
RULE:EDP;Taxa_från_edp:13;BRN03SLORD;;Slam;Slam;Abonnemang;Brunn;;;;;ÅRKV;1.00;brunn 0-3 m³, slam. ordinarie tur brn03slord | brunn 0-3 m³, slam. ordinarie tur | årkv | brunn 0-3 m³, slam. ordinarie tur | 0 brn03slord 0 brunn 0-3 m³, slam. ordinarie tur
RULE:EDP;Taxa_från_edp:14;BRN03SLORDDEL;;Slam;Slam;Abonnemang;Brunn;;;;;ÅRKV;1.00;brunn 0-3 m³, slam. ordinarie tur brn03slorddel | brunn 0-3 m³, slam. ordinarie tur | årkv | brunn 0-3 m³, slam. ordinarie tur | 0 brn03slorddel 0 brunn 0-3 m³, slam. ordinarie tur
RULE:EDP;Taxa_från_edp:15;BRN36SLBUD;;Slam;Slam;Abonnemang;Brunn;;;;;ÅRKV;1.00;brunn 3, 1-6 m³, slam. budning brn36slbud | brunn 3, 1-6 m³, slam. budning | årkv | brunn 3, 1-6 m³, slam. budning | 0 brn36slbud 0 brunn 3, 1-6 m³, slam. budning
RULE:EDP;Taxa_från_edp:16;BRN36SLORD;;Slam;Slam;Abonnemang;Brunn;;;;;ÅRKV;1.00;brunn 3, 1-6 m³, slam. ordinarie tur brn36slord | brunn 3, 1-6 m³, slam. ordinarie tur | årkv | brunn 3, 1-6 m³, slam. ordinarie tur | 0 brn36slord 0 brunn 3, 1-6 m³, slam. ordinarie tur
RULE:EDP;Taxa_från_edp:17;BRN36SLORDDEL;;Slam;Slam;Abonnemang;Brunn;;;;;ÅRKV;1.00;brunn 3-6 m³, slam. ordinarie tur brn36slorddel | brunn 3-6 m³, slam. ordinarie tur | årkv | brunn 0-3 m³, slam. ordinarie tur | 0 brn36slorddel 0 brunn 0-3 m³, slam. ordinarie tur
RULE:EDP;Taxa_från_edp:18;BRN69SLBUD;;Slam;Slam;Abonnemang;Brunn;;;;;ÅRKV;1.00;brunn 6, 1-9 m³, slam. budning brn69slbud | brunn 6, 1-9 m³, slam. budning | årkv | brunn 6, 1-9 m³, slam. budning | 0 brn69slbud 0 brunn 6, 1-9 m³, slam. budning
RULE:EDP;Taxa_från_edp:19;BRN69SLORD;;Slam;Slam;Abonnemang;Brunn;;;;;ÅRKV;1.00;brunn 6, 1-9 m³, slam. ordinarie tur brn69slord | brunn 6, 1-9 m³, slam. ordinarie tur | årkv | brunn 6, 1-9 m³, slam. ordinarie tur | 0 brn69slord 0 brunn 6, 1-9 m³, slam. ordinarie tur
RULE:EDP;Taxa_från_edp:20;BRNÖ9SLBUD;;Slam;Slam;Abonnemang;Brunn;;;;;ÅRKV;1.00;brunn över 9 m³, slam. budning brnö9slbud | brunn över 9 m³, slam. budning | årkv | brunn över 9 m³, slam. budning | 0 brnö9slbud 0 brunn över 9 m³, slam. budning
RULE:EDP;Taxa_från_edp:21;BRNÖ9SLORD;;Slam;Slam;Abonnemang;Brunn;;;;;ÅRKV;1.00;brunn över 9 m³, slam. ordinarie tur brnö9slord | brunn över 9 m³, slam. ordinarie tur | årkv | brunn över 9 m³, slam. ordinarie tur | 0 brnö9slord 0 brunn över 9 m³, slam. ordinarie tur
RULE:EDP;Taxa_från_edp:22;CONTAINERMA;;Okänd;Matavfall;Abonnemang;Container;;;;;ÅRKV;1.00;tjänsttaxa container för matavfall containerma | tjänsttaxa container för matavfall | årkv | tjänsttaxa container för matavfall | 0 containerma 0 tjänsttaxa container för matavfall
RULE:EDP;Taxa_från_edp:23;CONTAINERRE;;Okänd;Restavfall;Abonnemang;Container;;;;;ÅRKV;1.00;tjänsttaxa container för restavfall containerre | tjänsttaxa container för restavfall | årkv | tjänsttaxa container för restavfall | 0 containerre 0 tjänsttaxa container för restavfall
RULE:EDP;Taxa_från_edp:24;Dummy SMS;;Okänd;;Abonnemang;Brunn;;;;;ÅRKV;1.00;dummy sms dummy sms | dummy sms | årkv | brunn 0-3 m³, slam. ordinarie tur | 0 dummy sms 0 brunn 0-3 m³, slam. ordinarie tur
RULE:EDP;Taxa_från_edp:25;EVENEMANG;;Okänd;;Abonnemang;Kärl;;;;;ÅRKV;1.00;tjänsttaxa för tillfälliga evenemangskärl evenemang | tjänsttaxa för tillfälliga evenemangskärl | årkv | tjänsttaxa för tillfälliga evenemangskärl | 0 evenemang 0 tjänsttaxa för tillfälliga evenemangskärl
RULE:EDP;Taxa_från_edp:26;FARLIGTAVFALL;;Okänd;Farligt avfall;Abonnemang;;;;;;ÅRKV;1.00;tjänsttaxa för farligt avfall farligtavfall | tjänsttaxa för farligt avfall | årkv | tjänsttaxa för farligt avfall | 0 farligtavfall 0 tjänsttaxa för farligt avfall
RULE:EDP;Taxa_från_edp:27;FOSFORBUD;;Okänd;;Abonnemang;;;;;;ÅRKV;1.00;fosforfälla. budning fosforbud | fosforfälla. budning | årkv | fosforfälla. budning | 0 fosforbud 0 fosforfälla. budning
RULE:EDP;Taxa_från_edp:28;FOSFORORD;;Okänd;;Abonnemang;;;;;;ÅRKV;1.00;fosforfälla. ordinarie tur fosforord | fosforfälla. ordinarie tur | årkv | fosforfälla. ordinarie tur | 0 fosforord 0 fosforfälla. ordinarie tur
RULE:EDP;Taxa_från_edp:29;GROVAVFALL;;Okänd;;Abonnemang;;;;;;ÅRKV;1.00;tjänsttaxa för grovavfall grovavfall | tjänsttaxa för grovavfall | årkv | tjänsttaxa för grovavfall | 0 grovavfall 0 tjänsttaxa för grovavfall
RULE:EDP;Taxa_från_edp:30;KOMMUNALT;;Okänd;;Abonnemang;;;;;;ÅRKV;1.00;tjänsttaxa kommunalt avfall kommunalt | tjänsttaxa kommunalt avfall | årkv | tjänsttaxa kommunalt avfall | 0 kommunalt 0 tjänsttaxa kommunalt avfall
RULE:EDP;Taxa_från_edp:31;KÄ240RM52FV;;Okänd;Matavfall;Abonnemang;Kärl;240;;;Behållarvolym;ÅRKV;1.00;tvåfackskärl 240l, rest/matavfall. varje vecka. flb/vht kä240rm52fv | tvåfackskärl 240l, rest/matavfall. varje vecka. flb/vht | årkv | tvåfackskärl 240l, rest/matavfall. varje vecka | antb kä240rm52fv antb tvåfackskärl 240l, rest/matavfall. varje vecka
RULE:EDP;Taxa_från_edp:32;KÄ240RM52FV;;Okänd;Matavfall;Abonnemang;Kärl;240;;;Behållarvolym;KVAN;1.00;tvåfackskärl 240l, rest/matavfall. varje vecka. flb/vht kä240rm52fv | tvåfackskärl 240l, rest/matavfall. varje vecka. flb/vht | kvan | viktavgift rest-matavfall kr/kg | vikg kä240rm52fv vikg viktavgift rest-matavfall kr/kg
RULE:EDP;Taxa_från_edp:33;KÄ240RM52FV;;Okänd;Matavfall;Abonnemang;Kärl;240;;;Behållarvolym;ÅRKV;1.00;tvåfackskärl 240l, rest/matavfall. varje vecka. flb/vht kä240rm52fv | tvåfackskärl 240l, rest/matavfall. varje vecka. flb/vht | årkv | dragväg 1, 5-10 meter | dr10 kä240rm52fv dr10 dragväg 1, 5-10 meter
RULE:EDP;Taxa_från_edp:34;KÄ240RM52FV;;Okänd;Matavfall;Abonnemang;Kärl;240;;;Behållarvolym;ÅRKV;1.00;tvåfackskärl 240l, rest/matavfall. varje vecka. flb/vht kä240rm52fv | tvåfackskärl 240l, rest/matavfall. varje vecka. flb/vht | årkv | dragväg 10, 1-20 meter | dr20 kä240rm52fv dr20 dragväg 10, 1-20 meter
RULE:EDP;Taxa_från_edp:35;MB3600RE26;;Okänd;Restavfall;Abonnemang;;;;;;ÅRKV;1.00;tjänsttaxa underjordsbehållare för restavfall mb3600re26 | tjänsttaxa underjordsbehållare för restavfall | årkv | tjänsttaxa underjordsbehållare för matavfall | 0 mb3600re26 0 tjänsttaxa underjordsbehållare för matavfall
RULE:EDP;Taxa_från_edp:36;NY MAT/REST;;Okänd;;Abonnemang;Kärl;;;;;ÅRKV;1.00;tjänsttaxa för ny tjänst 2 fackkärl mat/rest ny mat/rest | tjänsttaxa för ny tjänst 2 fackkärl mat/rest | årkv | tjänsttaxa för ny tjänst mat/rest | 0 ny mat/rest 0 tjänsttaxa för ny tjänst mat/rest
RULE:EDP;Taxa_från_edp:37;NYMAT;;Okänd;Matavfall;Abonnemang;;;;;;ÅRKV;1.00;tjänsttaxa för ny tjänst matavfall nymat | tjänsttaxa för ny tjänst matavfall | årkv | tjänsttaxa för ny tjänst matavfall | 0 nymat 0 tjänsttaxa för ny tjänst matavfall
RULE:EDP;Taxa_från_edp:38;NYMATx;;Okänd;Matavfall;;;;;;;KVAN;1.00;tjänsttaxa för ny tjänst matavfall nymatx| tjänsttaxa för ny tjänst matavfall | kvan | tjänsttaxa för ny tjänst matavfall | 0 nymatx0 tjänsttaxa för ny tjänst matavfall
RULE:EDP;Taxa_från_edp:39;NYOSORT;;Okänd;;Abonnemang;;;;;;ÅRKV;1.00;tjänsttaxa för ny tjänst osorterat avfall nyosort | tjänsttaxa för ny tjänst osorterat avfall | årkv | tjänsttaxa för ny tjänst osorterat avfall | 0 nyosort 0 tjänsttaxa för ny tjänst osorterat avfall
RULE:EDP;Taxa_från_edp:40;NYOSORTx;;Okänd;;;;;;;;KVAN;1.00;tjänsttaxa för ny tjänst osorterat avfall nyosortx| tjänsttaxa för ny tjänst osorterat avfall | kvan | tjänsttaxa för ny tjänst osorterat avfall | 0 nyosortx0 tjänsttaxa för ny tjänst osorterat avfall
RULE:EDP;Taxa_från_edp:41;NYREST;;Okänd;Restavfall;Abonnemang;;;;;;ÅRKV;1.00;tjänsttaxa för ny tjänst restavfall nyrest | tjänsttaxa för ny tjänst restavfall | årkv | tjänsttaxa för ny tjänst restavfall | 0 nyrest 0 tjänsttaxa för ny tjänst restavfall
RULE:EDP;Taxa_från_edp:42;NYRESTx;;Okänd;Restavfall;;;;;;;KVAN;1.00;tjänsttaxa för ny tjänst restavfall nyrestx| tjänsttaxa för ny tjänst restavfall | kvan | tjänsttaxa för ny tjänst restavfall | 0 nyrestx0 tjänsttaxa för ny tjänst restavfall
RULE:EDP;Taxa_från_edp:43;NYRFID;;Okänd;;Abonnemang;;;;;;ÅRKV;1.00;mottagarantjänstför okänt rfid nyrfid | mottagarantjänstför okänt rfid | årkv | tjänsttaxa för ny tjänst matavfall | 0 nyrfid 0 tjänsttaxa för ny tjänst matavfall
RULE:EDP;Taxa_från_edp:44;ORANTALHEM;;Okänd;;;;;;;;KVAN;1.00;orderrad för ändrat antal. hemtagning orantalhem | orderrad för ändrat antal. hemtagning | kvan | orderrad för ändrat antal. hemtagning | 0 orantalhem 0 orderrad för ändrat antal. hemtagning
RULE:EDP;Taxa_från_edp:45;ORANTALUTS;;Okänd;;;Kärl;;;;;KVAN;1.00;orderrad för ändrat antal kärl, utsättning orantaluts | orderrad för ändrat antal kärl, utsättning | kvan | orderrad för ändrat antal kärl, utsättning | 0 orantaluts 0 orderrad för ändrat antal kärl, utsättning
RULE:EDP;Taxa_från_edp:46;ORFREKVENSBYTE;;Okänd;;Hämtning/tömning;;;;;;KVAN;1.00;orderrad för tömningsfrekvensbyte orfrekvensbyte | orderrad för tömningsfrekvensbyte | kvan | orderrad för tömningsfrekvensbyte | 0 orfrekvensbyte 0 orderrad för tömningsfrekvensbyte
RULE:EDP;Taxa_från_edp:47;ORKÄRLBYTE;;Okänd;;Byte;Kärl;;;;;KVAN;1.00;orderrad för kärlbyte storlek, utsättning samt hemtagning orkärlbyte | orderrad för kärlbyte storlek, utsättning samt hemtagning | kvan | orderrad för kärlbyte storlek, utsättning samt hemtagning | 0 orkärlbyte 0 orderrad för kärlbyte storlek, utsättning samt hemtagning
RULE:EDP;Taxa_från_edp:48;ORNYTJÄNST;;Okänd;;;;;;;;KVAN;1.00;orderrad för ny tjänst, utsättning ornytjänst | orderrad för ny tjänst, utsättning | kvan | orderrad för ny tjänst, utsättning | 0 ornytjänst 0 orderrad för ny tjänst, utsättning
RULE:EDP;Taxa_från_edp:49;ORTRASIGTKÄ;;Okänd;;;Kärl;;;;;KVAN;1.00;orderrad för trasigt kärl. laga/byta ortrasigtkä | orderrad för trasigt kärl. laga/byta | kvan | orderrad för trasigt kärl. laga/byta | 0 ortrasigtkä 0 orderrad för trasigt kärl. laga/byta
RULE:EDP;Taxa_från_edp:50;SLT03SLBUD;;Slam;Slam;Abonnemang;;;;;;ÅRKV;1.00;sluten tank 0-3 m³, slam. budning slt03slbud | sluten tank 0-3 m³, slam. budning | årkv | sluten tank 0-3 m³, slam. budning | 0 slt03slbud 0 sluten tank 0-3 m³, slam. budning
RULE:EDP;Taxa_från_edp:51;SLT03SLORD;;Slam;Slam;Abonnemang;;;;;;ÅRKV;1.00;sluten tank 0-3 m³, slam. ordinarie tur slt03slord | sluten tank 0-3 m³, slam. ordinarie tur | årkv | sluten tank 0-3 m³, slam. ordinarie tur | 0 slt03slord 0 sluten tank 0-3 m³, slam. ordinarie tur
RULE:EDP;Taxa_från_edp:52;SLT36SLBUD;;Slam;Slam;Abonnemang;;;;;;ÅRKV;1.00;sluten tank 3, 1-6 m³, slam. budning slt36slbud | sluten tank 3, 1-6 m³, slam. budning | årkv | sluten tank 3, 1-6 m³, slam. budning | 0 slt36slbud 0 sluten tank 3, 1-6 m³, slam. budning
RULE:EDP;Taxa_från_edp:53;SLT36SLORD;;Slam;Slam;Abonnemang;;;;;;ÅRKV;1.00;sluten tank 3, 1-6 m³, slam. ordinarie tur slt36slord | sluten tank 3, 1-6 m³, slam. ordinarie tur | årkv | sluten tank 3, 1-6 m³, slam. ordinarie tur | 0 slt36slord 0 sluten tank 3, 1-6 m³, slam. ordinarie tur
RULE:EDP;Taxa_från_edp:54;SLT69SLBUD;;Slam;Slam;Abonnemang;;;;;;ÅRKV;1.00;sluten tank 6, 1-9 m³, slam. budning slt69slbud | sluten tank 6, 1-9 m³, slam. budning | årkv | sluten tank 6, 1-9 m³, slam. budning | 0 slt69slbud 0 sluten tank 6, 1-9 m³, slam. budning
RULE:EDP;Taxa_från_edp:55;SLT69SLORD;;Slam;Slam;Abonnemang;;;;;;ÅRKV;1.00;sluten tank 6, 1-9 m³, slam. ordinarie tur slt69slord | sluten tank 6, 1-9 m³, slam. ordinarie tur | årkv | sluten tank 6, 1-9 m³, slam. ordinarie tur | 0 slt69slord 0 sluten tank 6, 1-9 m³, slam. ordinarie tur
RULE:EDP;Taxa_från_edp:56;SLTÖ9SLBUD;;Slam;Slam;Abonnemang;;;;;;ÅRKV;1.00;sluten tank över 9 m³, slam. budning sltö9slbud | sluten tank över 9 m³, slam. budning | årkv | sluten tank över 9 m³, slam. budning | 0 sltö9slbud 0 sluten tank över 9 m³, slam. budning
RULE:EDP;Taxa_från_edp:57;SLTÖ9SLORD;;Slam;Slam;Abonnemang;;;;;;ÅRKV;1.00;sluten tank över 9 m³, slam. ordinarie tur sltö9slord | sluten tank över 9 m³, slam. ordinarie tur | årkv | sluten tank över 9 m³, slam. ordinarie tur | 0 sltö9slord 0 sluten tank över 9 m³, slam. ordinarie tur
RULE:EDP;Taxa_från_edp:58;UNDERJORDMA;;Okänd;Matavfall;Abonnemang;;;;;;ÅRKV;1.00;tjänsttaxa underjordsbehållare för matavfall underjordma | tjänsttaxa underjordsbehållare för matavfall | årkv | tjänsttaxa underjordsbehållare för matavfall | 0 underjordma 0 tjänsttaxa underjordsbehållare för matavfall
RULE:EDP;Taxa_från_edp:59;UNDERJORDRE;;Okänd;Restavfall;Abonnemang;;;;;;ÅRKV;1.00;tjänsttaxa underjordsbehållare för restavfall underjordre | tjänsttaxa underjordsbehållare för restavfall | årkv | tjänsttaxa underjordsbehållare för restavfall | 0 underjordre 0 tjänsttaxa underjordsbehållare för restavfall
RULE:EDP;Taxa_från_edp:60;ABSORBERING;;Okänd;;;;;;;;KVAN;1.00;absorberingsmedel, filtermaterial absorbering | absorberingsmedel, filtermaterial | kvan | absorberingsmedel, filtermaterial | vikg absorbering vikg absorberingsmedel, filtermaterial
RULE:EDP;Taxa_från_edp:61;AEROSOLER;;Okänd;;;;;;;;KVAN;1.00;aerosoler, ej bekämpningsmedel aerosoler | aerosoler, ej bekämpningsmedel | kvan | aerosoler, ej bekämpningsmedel | vikg aerosoler vikg aerosoler, ej bekämpningsmedel
RULE:EDP;Taxa_från_edp:62;AEROSOLERFÄRG;;Okänd;;;;;;;;KVAN;1.00;aerosoler, färg aerosolerfärg | aerosoler, färg | kvan | aerosoler, färg | vikg aerosolerfärg vikg aerosoler, färg
RULE:EDP;Taxa_från_edp:63;AEROSOLERHÄRD;;Okänd;;Abonnemang;;;;;;KVAN;1.00;aerosoler, härdare med isocyanater, bekämpningsmedel aerosolerhärd | aerosoler, härdare med isocyanater, bekämpningsmedel | kvan | aerosoler, härdare med isocyanater, bekämpningsmedel | vikg aerosolerhärd vikg aerosoler, härdare med isocyanater, bekämpningsmedel
RULE:EDP;Taxa_från_edp:64;AMMONIAK;;Okänd;;;;;;;;KVAN;1.00;ammoniak ammoniak | ammoniak | kvan | ammoniak | vikg ammoniak vikg ammoniak
RULE:EDP;Taxa_från_edp:65;ASBEST;;Okänd;Asbest;;;;;;;KVAN;1.00;asbest max15kg asbest | asbest max15kg | kvan | asbest max15kg | kbmö asbest kbmö asbest max15kg
RULE:EDP;Taxa_från_edp:66;ASBESTEMB;;Okänd;Asbest;;;;;;;KVAN;1.00;asbest, emballeringskostnad vid dåligt emballage asbestemb | asbest, emballeringskostnad vid dåligt emballage | kvan | asbest, emballeringskostnad vid dåligt emballage | kbmö asbestemb kbmö asbest, emballeringskostnad vid dåligt emballage
RULE:EDP;Taxa_från_edp:67;BDT03SL;;Slam;Slam;Hämtning/tömning;;;;;;KVAN;1.00;tömning bdt-vatten 0-3 m³, slam bdt03sl | tömning bdt-vatten 0-3 m³, slam | kvan | tömning bdt-vatten, 0-3 m³ | antl bdt03sl antl tömning bdt-vatten, 0-3 m³
RULE:EDP;Taxa_från_edp:68;BEKÄMPNING;;Okänd;;;;;;;;KVAN;1.00;bekämpningsmedel, ej kvicksilverhaltiga bekämpning | bekämpningsmedel, ej kvicksilverhaltiga | kvan | bekämpningsmedel, ej kvicksilverhaltiga | vikg bekämpning vikg bekämpningsmedel, ej kvicksilverhaltiga
RULE:EDP;Taxa_från_edp:69;BENSINRESTER;;Okänd;;;;;;;;KVAN;1.00;bensinrester bensinrester | bensinrester | kvan | bensinrester | lite bensinrester lite bensinrester
RULE:EDP;Taxa_från_edp:70;BRANDSLÄCKARE;;Okänd;;Abonnemang;;;;;;KVAN;1.00;brandsläckare brandsläckare | brandsläckare | kvan | brandsläckare | vikg brandsläckare vikg brandsläckare
RULE:EDP;Taxa_från_edp:71;BRBUD;;Okänd;;Hämtning/tömning;;;;;;KVAN;1.00;budad hämtning, bygg-rivningsavfall. pris per m³ brbud | budad hämtning, bygg-rivningsavfall. pris per m³ | kvan | budad hämtning, bygg-rivningsavfall. pris per m³ | kbmö brbud kbmö budad hämtning, bygg-rivningsavfall. pris per m³
RULE:EDP;Taxa_från_edp:72;BROMSVÄTSKA;;Okänd;;;;;;;;KVAN;1.00;bromsvätska bromsvätska | bromsvätska | kvan | bromsvätska | vikg bromsvätska vikg bromsvätska
RULE:EDP;Taxa_från_edp:73;BRÄNNBARTSORT;;Okänd;;Abonnemang;;;;;;KVAN;1.00;brännbart, sorterat <20x20x80 cm brännbartsort | brännbart, sorterat <20x20x80 cm | kvan | brännbart, sorterat <20x20x80 cm | kbmö brännbartsort kbmö brännbart, sorterat <20x20x80 cm
RULE:EDP;Taxa_från_edp:74;BRÄNNBARTÖVER;;Okänd;;Abonnemang;;;;;;KVAN;1.00;brännbart, överstort t.ex. möbler brännbartöver | brännbart, överstort t.ex. möbler | kvan | brännbart, överstort | kbmö brännbartöver kbmö brännbart, överstort
RULE:EDP;Taxa_från_edp:75;BYGGRIVPLAST;;Okänd;Plast;;;;;;;KVAN;1.00;bygg-och rivningsavfall, plast byggrivplast | bygg-och rivningsavfall, plast | kvan | bygg-och rivningsavfall, plast | kbmö byggrivplast kbmö bygg-och rivningsavfall, plast
RULE:EDP;Taxa_från_edp:76;BYGGRIVTRÄ;;Okänd;Träavfall;;;;;;;KVAN;1.00;bygg-och rivningsavfall, trä byggrivträ | bygg-och rivningsavfall, trä | kvan | bygg-och rivningsavfall, trä | kbmö byggrivträ kbmö bygg-och rivningsavfall, trä
RULE:EDP;Taxa_från_edp:77;CYTOTOXISKA;;Okänd;;;;;;;;KVAN;1.00;cytotoxiska/cytostatika cytotoxiska | cytotoxiska/cytostatika | kvan | cytotoxiska/cytostatika | vikg cytotoxiska vikg cytotoxiska/cytostatika
RULE:EDP;Taxa_från_edp:78;DEPONIREST;;Okänd;;Abonnemang;;;;;;KVAN;1.00;deponirest utsorterad/ej brännbart deponirest | deponirest utsorterad/ej brännbart | kvan | deponirest utsorterad/ej brännbart | kbmö deponirest kbmö deponirest utsorterad/ej brännbart
RULE:EDP;Taxa_från_edp:79;EJKLASSFA;;Okänd;Farligt avfall;Abonnemang;;;;;Tillfälle;KVAN;1.00;felaktigt eller farligt avfall som inte är klassat, pris per tillfälle ejklassfa | felaktigt eller farligt avfall som inte är klassat, pris per tillfälle | kvan | felaktigt/farligt avfall ej klassat, pris per tillfälle | antl ejklassfa antl felaktigt/farligt avfall ej klassat, pris per tillfälle
RULE:EDP;Taxa_från_edp:80;EJSPECFA;;Okänd;Farligt avfall;Abonnemang;;;;;;KVAN;1.00;ej specificerat farligt avfall ejspecfa | ej specificerat farligt avfall | kvan | ej specificerat farligt avfall | vikg ejspecfa vikg ej specificerat farligt avfall
RULE:EDP;Taxa_från_edp:81;ELEKTRONIK;;Okänd;;Abonnemang;;;;;;KVAN;1.00;elektronikavfall, ej producentansvar elektronik | elektronikavfall, ej producentansvar | kvan | elektronikavfall, ej producentansvar | antl elektronik antl elektronikavfall, ej producentansvar
RULE:EDP;Taxa_från_edp:82;EVEFRAMKÖR;;Okänd;;;;;;;;KVAN;1.00;evenemang framkörningsavgift eveframkör | evenemang framkörningsavgift | kvan | evenemang framkörningsavgift | antl eveframkör antl evenemang framkörningsavgift
RULE:EDP;Taxa_från_edp:83;EVEKÄ140MA;;Okänd;Matavfall;;Kärl;140;;;Behållarvolym;KVAN;1.00;evenemangskärl 140 l, matavfall evekä140ma | evenemangskärl 140 l, matavfall | kvan | evenemangskärl 140 l, matavfall | antl evekä140ma antl evenemangskärl 140 l, matavfall
RULE:EDP;Taxa_från_edp:84;EVEKÄ190RE;;Okänd;Restavfall;;Kärl;190;;;Behållarvolym;KVAN;1.00;evenemangskärl 190 l, restavfall evekä190re | evenemangskärl 190 l, restavfall | kvan | evenemangskärl 190 l, restavfall | antl evekä190re antl evenemangskärl 190 l, restavfall
RULE:EDP;Taxa_från_edp:85;EVEKÄ370RE;;Okänd;Restavfall;;Kärl;370;;;Behållarvolym;KVAN;1.00;evenemangskärl 370 l, restavfall evekä370re | evenemangskärl 370 l, restavfall | kvan | evenemangskärl 370 l, restavfall | antb evekä370re antb evenemangskärl 370 l, restavfall
RULE:EDP;Taxa_från_edp:86;EVEKÄ660RE;;Okänd;Restavfall;;Kärl;660;;;Behållarvolym;KVAN;1.00;evenemangskärl 660 l, restavfall evekä660re | evenemangskärl 660 l, restavfall | kvan | evenemangskärl 660 l, restavfall | antb evekä660re antb evenemangskärl 660 l, restavfall
RULE:EDP;Taxa_från_edp:87;EXTMÄTVS;;Okänd;;Extra;;;;;;ÅRPR;1.00;extra mätställe, vatten/spillvatten extmätvs | extra mätställe, vatten/spillvatten | årpr | fast avgift, vatten/spillvatten | extmätvs fast avgift, vatten/spillvatten
RULE:EDP;Taxa_från_edp:88;FARLIGTBUD;;Okänd;Farligt avfall;Abonnemang;;;;;;KVAN;1.00;budning av farligt avfall per m³ farligtbud | budning av farligt avfall per m³ | kvan | budning av farligt avfall per m³ | antl farligtbud antl budning av farligt avfall per m³
RULE:EDP;Taxa_från_edp:89;FASTOLJEAVFALL;;Okänd;Oljeavfall;;;;;;;KVAN;1.00;fast oljeavfall fastoljeavfall | fast oljeavfall | kvan | fast oljeavfall | vikg fastoljeavfall vikg fast oljeavfall
RULE:EDP;Taxa_från_edp:90;FASTSODA;;Okänd;;;;;;;;KVAN;1.00;fast soda i små emballage fastsoda | fast soda i små emballage | kvan | fast soda i små emballage | vikg fastsoda vikg fast soda i små emballage
RULE:EDP;Taxa_från_edp:91;FOBFRI;;Okänd;Restavfall;;;;;Fritidshus;;KVAN;1.00;nyckelfob mat-och restavfall fritidshus (engångs) fobfri | nyckelfob mat-och restavfall fritidshus (engångs) | kvan | avser fysisk nyckel för mat-och restavfall-engångskostnad | antl fobfri antl avser fysisk nyckel för mat-och restavfall-engångskostnad
RULE:EDP;Taxa_från_edp:92;FOSTÖM1000;;Okänd;;Hämtning/tömning;;;;;;KVAN;1.00;tömning och behandling fosforfilter 500-1000 kg fostöm1000 | tömning och behandling fosforfilter 500-1000 kg | kvan | tömning och behandling fosforfilter 500-1000 kg | antl fostöm1000 antl tömning och behandling fosforfilter 500-1000 kg
RULE:EDP;Taxa_från_edp:93;FOSTÖM500;;Okänd;;Hämtning/tömning;;;;;;KVAN;1.00;tömning och behandling fosforfilter under 500 kg fostöm500 | tömning och behandling fosforfilter under 500 kg | kvan | tömning och behandling fosforfilter under 500 kg | antl fostöm500 antl tömning och behandling fosforfilter under 500 kg
RULE:EDP;Taxa_från_edp:94;FOTOKEM;;Okänd;;;;;;;;KVAN;1.00;fotokemikalier fotokem | fotokemikalier | kvan | fotokemikalier | vikg fotokem vikg fotokemikalier
RULE:EDP;Taxa_från_edp:95;FRAMKÖRKOM;;Okänd;;Hämtning/tömning;;;;;;KVAN;1.00;framkörningsavgift, hämtning av kommunalt avfall framkörkom | framkörningsavgift, hämtning av kommunalt avfall | kvan | framkörningsavgift, hämtning av kommunalt avfall | antl framkörkom antl framkörningsavgift, hämtning av kommunalt avfall
RULE:EDP;Taxa_från_edp:96;FÄRGEJKONS;;Okänd;;;;;;;;KVAN;1.00;färg ej konsumentförpackat färgejkons | färg ej konsumentförpackat | kvan | färg ej konsumentförpackat | vikg färgejkons vikg färg ej konsumentförpackat
RULE:EDP;Taxa_från_edp:97;FÄRGLÖSNING;;Okänd;;;;;;;;KVAN;1.00;färg/lackavfall/lim lösningsbaserat färglösning | färg/lackavfall/lim lösningsbaserat | kvan | färg/lackavfall/lim lösningsbaserat | vikg färglösning vikg färg/lackavfall/lim lösningsbaserat
RULE:EDP;Taxa_från_edp:98;FÄRGVATTEN;;Okänd;;;;;;;;KVAN;1.00;färg/lackavfall/lim vattenbaserat färgvatten | färg/lackavfall/lim vattenbaserat | kvan | färg/lackavfall/lim vattenbaserat | vikg färgvatten vikg färg/lackavfall/lim vattenbaserat
RULE:EDP;Taxa_från_edp:99;GASOL;;Okänd;;;;;;;;KVAN;1.00;gasol, blå programmet (kräver speciell transport) gasol | gasol, blå programmet (kräver speciell transport) | kvan | gasol, blå programmet | vikg gasol vikg gasol, blå programmet
RULE:EDP;Taxa_från_edp:100;GEMKÄFRI;;Okänd;;Hämtning/tömning;Kärl;;;Fritidshus;;ÅRKV;1.00;gemensam uppsamlingsplats med eget kärl, fritidshus gemkäfri | gemensam uppsamlingsplats med eget kärl, fritidshus | årkv | hämtningavgift gemensam uppsamlingsplats, eget kärl | antb gemkäfri antb hämtningavgift gemensam uppsamlingsplats, eget kärl
RULE:EDP;Taxa_från_edp:101;GEMKÄFRI;;Okänd;;;Kärl;;;Fritidshus;;KVAN;1.00;gemensam uppsamlingsplats med eget kärl, fritidshus gemkäfri | gemensam uppsamlingsplats med eget kärl, fritidshus | kvan | viktavgift rest-matavfall kr/kg | vikg gemkäfri vikg viktavgift rest-matavfall kr/kg
RULE:EDP;Taxa_från_edp:102;GEMUPPEXTRAFRI;;Okänd;;Extra;;;;Fritidshus;;ÅRPR;1.00;extra mobilnyckel till gemensam uppsamlingsplats, fritidshus gemuppextrafri | extra mobilnyckel till gemensam uppsamlingsplats, fritidshus | årpr | extra mobilnyckel till åvs | gemuppextrafri extra mobilnyckel till åvs
RULE:EDP;Taxa_från_edp:103;GEMUPPFRINYCKEL;;Okänd;;;;;;Fritidshus;;TEXT;1.00;nyckelfob till gemensam uppsamlingsplats, fritidshus gemuppfrinyckel | nyckelfob till gemensam uppsamlingsplats, fritidshus | text | nyckelfob, engångskostnad | gemuppfrinyckel nyckelfob, engångskostnad
RULE:EDP;Taxa_från_edp:104;GEMUPPFÖRPFLB;;Okänd;Förpackningar;Abonnemang;;;;Flerbostadshus;;ÅRKV;1.00;gemensam uppsamlingsplats förpackning, flerbostadshus gemuppförpflb | gemensam uppsamlingsplats förpackning, flerbostadshus | årkv | gemensam uppsamlingsplats förpackning, flerbostadshus | fast gemuppförpflb fast gemensam uppsamlingsplats förpackning, flerbostadshus
RULE:EDP;Taxa_från_edp:105;GEMUPPORDFRI;;Okänd;;Abonnemang;;;;Fritidshus;;ÅRKV;1.00;mobilnyckel gemensam uppsamlingsplats, fritidshus gemuppordfri | mobilnyckel gemensam uppsamlingsplats, fritidshus | årkv | mobilnyckel gemensam uppsamlingsplats, mat-och restavfall | fast gemuppordfri fast mobilnyckel gemensam uppsamlingsplats, mat-och restavfall
RULE:EDP;Taxa_från_edp:106;GRBUD;;Okänd;;Hämtning/tömning;;;;;;KVAN;1.00;budad hämtning, grovavfall. pris per m³ grbud | budad hämtning, grovavfall. pris per m³ | kvan | budad hämtning, grovavfall. pris per m³ | kbmö grbud kbmö budad hämtning, grovavfall. pris per m³
RULE:EDP;Taxa_från_edp:107;GROVBUD;;Okänd;;;;;;;;KVAN;1.00;budning av grovavfall per m³ grovbud | budning av grovavfall per m³ | kvan | budning av grovavfall per m³ | kbmö grovbud kbmö budning av grovavfall per m³
RULE:EDP;Taxa_från_edp:108;GRUNDFLB;;Okänd;;Abonnemang;;;;Flerbostadshus;;ÅRKV;1.00;grundavgift, del i flerbostadshus grundflb | grundavgift, del i flerbostadshus | årkv | grundavgift, del i flerbostadshus | grun grundflb grun grundavgift, del i flerbostadshus
RULE:EDP;Taxa_från_edp:109;GRUNDFRI;;Okänd;;Abonnemang;;;;Fritidshus;;ÅRKV;1.00;grundavgift, fritidshus grundfri | grundavgift, fritidshus | årkv | grundavgift, fritidshus | grun grundfri grun grundavgift, fritidshus
RULE:EDP;Taxa_från_edp:110;GRUNDVHT;;Okänd;;Abonnemang;;;;Verksamhet;;ÅRKV;1.00;grundavgift, verksamheter grundvht | grundavgift, verksamheter | årkv | grundavgift, verksamheter | grun grundvht grun grundavgift, verksamheter
RULE:EDP;Taxa_från_edp:111;HALONGAS;;Okänd;;;;;;;;KVAN;1.00;halon gaser (kräver speciell transport) halongas | halon gaser (kräver speciell transport) | kvan | halon gaser | vikg halongas vikg halon gaser
RULE:EDP;Taxa_från_edp:112;HYDRAULSLANG;;Okänd;;;;;;;;KVAN;1.00;hydraulslang hydraulslang | hydraulslang | kvan | hydraulslang | vikg hydraulslang vikg hydraulslang
RULE:EDP;Taxa_från_edp:113;HÄRDARE;;Okänd;;Abonnemang;;;;;;KVAN;1.00;härdare härdare | härdare | kvan | härdare | vikg härdare vikg härdare
RULE:EDP;Taxa_från_edp:114;IMPREGTRÄ;;Okänd;Träavfall;;;;;;;KVAN;1.00;impregnerat trä, bygg-o rivningsavfall impregträ | impregnerat trä, bygg-o rivningsavfall | kvan | impregnerat trä, bygg-o rivningsavfall | kbmö impregträ kbmö impregnerat trä, bygg-o rivningsavfall
RULE:EDP;Taxa_från_edp:115;INVÄXTVERKS;;Okänd;;;;;;Verksamhet;;KVAN;1.00;invasiva växter från verksamheter inväxtverks | invasiva växter från verksamheter | kvan | invasiva växter från verksamheter | antl inväxtverks antl invasiva växter från verksamheter
RULE:EDP;Taxa_från_edp:116;KOLSYREPATRON;;Okänd;;;;;;;;KVAN;1.00;kolsyrepatroner kolsyrepatron | kolsyrepatroner | kvan | kolsyrepatroner | vikg kolsyrepatron vikg kolsyrepatroner
RULE:EDP;Taxa_från_edp:117;KVICKSILVER;;Okänd;;;;;;;;KVAN;1.00;kvicksilverinstrument/komponenter kvicksilver | kvicksilverinstrument/komponenter | kvan | kvicksilverinstrument/komponenter | vikg kvicksilver vikg kvicksilverinstrument/komponenter
RULE:EDP;Taxa_från_edp:118;KYLDISKAR;;Okänd;;Abonnemang;;;;;;KVAN;1.00;kyldiskar och större kylmöbler kyldiskar | kyldiskar och större kylmöbler | kvan | kyldiskar och större kylmöbler | antl kyldiskar antl kyldiskar och större kylmöbler
RULE:EDP;Taxa_från_edp:119;KYLMÖBLER;;Okänd;;;;;;;;KVAN;1.00;kylmöbler, mindre (60 cmx60 cm) kylmöbler | kylmöbler, mindre (60 cmx60 cm) | kvan | kylmöbler, mindre (60 cmx60 cm) | antl kylmöbler antl kylmöbler, mindre (60 cmx60 cm)
RULE:EDP;Taxa_från_edp:120;KÄRLBYTE660;;Okänd;;Extra;Kärl;660;;;Behållarvolym;KVAN;1.00;byte/återtag av behållare en extra gång 370-660 liter kärlbyte660 | byte/återtag av behållare en extra gång 370-660 liter | kvan | byte/återtag av behållare en extra gång 370-660 liter | antl kärlbyte660 antl byte/återtag av behållare en extra gång 370-660 liter
RULE:EDP;Taxa_från_edp:121;KÄRLBYTEFLER;;Okänd;;Byte;Kärl;;;;;KVAN;1.00;ytterligare byte av kärl under kalenderåret kärlbytefler | ytterligare byte av kärl under kalenderåret | kvan | ytterligare byte av kärl under kalenderåret | antl kärlbytefler antl ytterligare byte av kärl under kalenderåret
RULE:EDP;Taxa_från_edp:122;LATRINBEHÅLL;;ÅVC/verksamhetsavfall;;Mottagning/behandling;Latrin;;;;;KVAN;1.00;mottagningsavgift latrin till åvc latrinbehåll | mottagningsavgift latrin till åvc | kvan | mottagningsavgift latrin till åvc | antl latrinbehåll antl mottagningsavgift latrin till åvc
RULE:EDP;Taxa_från_edp:123;LATRINBUD;;Okänd;;Hämtning/tömning;Latrin;;;;;KVAN;1.00;budad hämtning, latrin i godkänd latrinbehållare latrinbud | budad hämtning, latrin i godkänd latrinbehållare | kvan | budad hämtning, latrin i godkänd latrinbehållare | antl latrinbud antl budad hämtning, latrin i godkänd latrinbehållare
RULE:EDP;Taxa_från_edp:124;LATRINKÖP;;Okänd;;Abonnemang;Latrin;;;;;KVAN;1.00;köp av godkänd latrinbehållare latrinköp | köp av godkänd latrinbehållare | kvan | köp av godkänd latrinbehållare | antl latrinköp antl köp av godkänd latrinbehållare
RULE:EDP;Taxa_från_edp:125;LÖSNINGSMEDEL;;Okänd;;;;;;;;KVAN;1.00;lösningsmedel och träolja lösningsmedel | lösningsmedel och träolja | kvan | lösningsmedel och träolja | vikg lösningsmedel vikg lösningsmedel och träolja
RULE:EDP;Taxa_från_edp:126;MANUELLSORT;;Okänd;;;;;;;;KVAN;1.00;manuell sortering och hantering per person manuellsort | manuell sortering och hantering per person | kvan | manuell sortering och hantering per person | timt manuellsort timt manuell sortering och hantering per person
RULE:EDP;Taxa_från_edp:127;METALLFÖRPFA;;Okänd;;Abonnemang;;;;;;KVAN;1.00;metallförpackningar med farlig fast/porös fyllning, tomma tryckbehållare metallförpfa | metallförpackningar med farlig fast/porös fyllning, tomma tryckbehållare | kvan | metallförpackningar, farlig fast/porös fyllning, tryckbehåll | vikg metallförpfa vikg metallförpackningar, farlig fast/porös fyllning, tryckbehåll
RULE:EDP;Taxa_från_edp:128;METALLSKROTREN;;Okänd;;;;;;;;KVAN;1.00;metallskrot, rent (vätskefritt, utan el) metallskrotren | metallskrot, rent (vätskefritt, utan el) | kvan | metallskrot, rent | kbmö metallskrotren kbmö metallskrot, rent
RULE:EDP;Taxa_från_edp:129;MOBGEMFRI;;Okänd;;Abonnemang;;;;Fritidshus;;ÅRKV;1.00;mobilnyckel gemensam uppsamlingsplats, fritidshus mobgemfri | mobilnyckel gemensam uppsamlingsplats, fritidshus | årkv | mobilnyckel gemensam uppsamlingsplats, mat-och restavfall | antl, max1 mobgemfri antl, max1 mobilnyckel gemensam uppsamlingsplats, mat-och restavfall
RULE:EDP;Taxa_från_edp:130;MOBGEMFRI;;Okänd;;Extra;;;;Fritidshus;;ÅRKV;1.00;mobilnyckel gemensam uppsamlingsplats, fritidshus mobgemfri | mobilnyckel gemensam uppsamlingsplats, fritidshus | årkv | extra mobilnyckel | antl-1, min0 mobgemfri antl-1, min0 extra mobilnyckel
RULE:EDP;Taxa_från_edp:131;OLJEFILTER;;Okänd;Oljeavfall;;;;;;;KVAN;1.00;oljefilter oljefilter | oljefilter | kvan | oljefilter | vikg oljefilter vikg oljefilter
RULE:EDP;Taxa_från_edp:132;RENGÖRINGBIL;;Okänd;;Abonnemang;;;;;;KVAN;1.00;rengöringsmedel samt bilvårdsprodukter rengöringbil | rengöringsmedel samt bilvårdsprodukter | kvan | rengöringsmedel samt bilvårdsprodukter | vikg rengöringbil vikg rengöringsmedel samt bilvårdsprodukter
RULE:EDP;Taxa_från_edp:133;SLBUDFOS;;Okänd;;Hämtning/tömning;;;;;;KVAN;1.00;tillägg budad tömning inom 7 dagar, fosforfilter slbudfos | tillägg budad tömning inom 7 dagar, fosforfilter | kvan | tillägg budad tömning | antl slbudfos antl tillägg budad tömning
RULE:EDP;Taxa_från_edp:134;SLKBM3;;Okänd;;Hämtning/tömning;;;;;;KVAN;1.00;tömning bdt-vatten tillägg över 3 m³ slkbm3 | tömning bdt-vatten tillägg över 3 m³ | kvan | tillägg över 3 m³ | kbms slkbm3 kbms tillägg över 3 m³
RULE:EDP;Taxa_från_edp:135;SLSTATISTIK;;Slam;Slam;;;;;;;KVAN;1.00;statistik vikt slam slstatistik | statistik vikt slam | kvan | statistik vikt slam | vikg slstatistik vikg statistik vikt slam
RULE:EDP;Taxa_från_edp:136;SMÅKEM;;Okänd;;;;;;;;KVAN;1.00;småkemikalier småkem | småkemikalier | kvan | småkemikalier | vikg småkem vikg småkemikalier
RULE:EDP;Taxa_från_edp:137;SMÖRJFETT;;Okänd;;;;;;;;KVAN;1.00;smörjfett/oljor smörjfett | smörjfett/oljor | kvan | smörjfett/oljor | vikg smörjfett vikg smörjfett/oljor
RULE:EDP;Taxa_från_edp:138;SORTERING;;Okänd;;;;;;;;KVAN;1.00;sortering, sanering mm. timtid sortering | sortering, sanering mm. timtid | kvan | metallskrot, rent. timtid | timt sortering timt metallskrot, rent. timtid
RULE:EDP;Taxa_från_edp:139;SPACKEL;;Okänd;;;;;;;;KVAN;1.00;spackel och fönsterkitt spackel | spackel och fönsterkitt | kvan | spackel och fönsterkitt | vikg spackel vikg spackel och fönsterkitt
RULE:EDP;Taxa_från_edp:140;SPILLOLJA;;Okänd;;;;;;;;KVAN;1.00;spillolja spillolja | spillolja | kvan | spillolja | lite spillolja lite spillolja
RULE:EDP;Taxa_från_edp:141;SYROR;;Okänd;;;;;;;;KVAN;1.00;syror eller basiskt avfall syror | syror eller basiskt avfall | kvan | syror eller basiskt avfall | vikg syror vikg syror eller basiskt avfall
RULE:EDP;Taxa_från_edp:142;SÄ140MABUD;;Okänd;Matavfall;Hämtning/tömning;Säck;140;;;Behållarvolym;KVAN;1.00;budad hämtning, 140 l pappersäck matavfall sä140mabud | budad hämtning, 140 l pappersäck matavfall | kvan | budad hämtning, 140 l pappersäck matavfall | antl sä140mabud antl budad hämtning, 140 l pappersäck matavfall
RULE:EDP;Taxa_från_edp:143;SÄ160REBUD;;Okänd;Restavfall;Hämtning/tömning;Säck;160;;;Behållarvolym;KVAN;1.00;budad hämtning, 160 l säck restavfall sä160rebud | budad hämtning, 160 l säck restavfall | kvan | budad hämtning, 160 l säck restavfall | antl sä160rebud antl budad hämtning, 160 l säck restavfall
RULE:EDP;Taxa_från_edp:144;SÄTRBUD;;Okänd;;Hämtning/tömning;Säck;;;;;KVAN;1.00;budad hämtning, trädgårdsavfall. pris per säck sätrbud | budad hämtning, trädgårdsavfall. pris per säck | kvan | budad hämtning, trädgårdsavfall. pris per säck | antl sätrbud antl budad hämtning, trädgårdsavfall. pris per säck
RULE:EDP;Taxa_från_edp:145;TRBUD;;Okänd;;Hämtning/tömning;;;;;;KVAN;1.00;budad hämtning, trädgårdsavfall. pris per m³ trbud | budad hämtning, trädgårdsavfall. pris per m³ | kvan | budad hämtning, trädgårdsavfall. pris per m³ | kbmö trbud kbmö budad hämtning, trädgårdsavfall. pris per m³
RULE:EDP;Taxa_från_edp:146;TRÄDGÅRDKOMP;;Okänd;;Abonnemang;;;;;;KVAN;1.00;trädgårdsavfall komposterbart trädgårdkomp | trädgårdsavfall komposterbart | kvan | trädgårdsavfall komposterbart | kbmö trädgårdkomp kbmö trädgårdsavfall komposterbart
RULE:EDP;Taxa_från_edp:147;TÄNDARE;;Okänd;;Abonnemang;;;;;;KVAN;1.00;tändare tändare | tändare | kvan | tändare | vikg tändare vikg tändare
RULE:EDP;Taxa_från_edp:148;Töm Missat kärl;;Okänd;;;Kärl;140;;;;KVAN;1.00;töm missat kärl töm missat kärl | töm missat kärl | kvan | evenemangskärl 140 l, matavfall | antl töm missat kärl antl evenemangskärl 140 l, matavfall
RULE:EDP;Taxa_från_edp:149;TÖMCOMA;;Okänd;Matavfall;Hämtning/tömning;Container;;;;;KVAN;1.00;tömningar container, matavfall tömcoma | tömningar container, matavfall | kvan | tömningar container, matavfall | antl tömcoma antl tömningar container, matavfall
RULE:EDP;Taxa_från_edp:150;TÖMCORE;;Okänd;Restavfall;Hämtning/tömning;Container;;;;;KVAN;1.00;tömningar container, restavfall tömcore | tömningar container, restavfall | kvan | tömningar container, restavfall | antl tömcore antl tömningar container, restavfall
RULE:EDP;Taxa_från_edp:151;TÖMUJMA;;Okänd;Matavfall;Hämtning/tömning;;;;;;KVAN;1.00;tömningar underjordsbehållare, matavfall tömujma | tömningar underjordsbehållare, matavfall | kvan | tömningar underjordsbehållare, matavfall | antl tömujma antl tömningar underjordsbehållare, matavfall
RULE:EDP;Taxa_från_edp:152;TÖMUJRE;;Okänd;Restavfall;Hämtning/tömning;;;;;;KVAN;1.00;tömningar underjordsbehållare, restavfall tömujre | tömningar underjordsbehållare, restavfall | kvan | tömningar underjordsbehållare, restavfall | antl tömujre antl tömningar underjordsbehållare, restavfall
RULE:EDP;Taxa_från_edp:153;VATTENBLAND;;Okänd;Oljeavfall;Abonnemang;;;;;;KVAN;1.00;vattenhaltiga blandningar av glykol, olja m.m vattenbland | vattenhaltiga blandningar av glykol, olja m.m | kvan | vattenhaltiga blandningar av glykol, olja m.m | vikg vattenbland vikg vattenhaltiga blandningar av glykol, olja m.m
RULE:EDP;Taxa_från_edp:154;REGLTILLGODO;;Okänd;;Abonnemang;;;;;;KVAN;1.00;reglering tillgodo tidigare faktura regltillgodo | reglering tillgodo tidigare faktura | kvan | reglering tillgodo tidigare faktura | antl regltillgodo antl reglering tillgodo tidigare faktura
RULE:EDP;Taxa_från_edp:155;BRN03SL;;Slam;Slam;Hämtning/tömning;Brunn;;;;;KVAN;1.00;tömning brunn 0-3 m³, slam brn03sl | tömning brunn 0-3 m³, slam | kvan | tömning slam, brunn 0-3 m³ | antl brn03sl antl tömning slam, brunn 0-3 m³
RULE:EDP;Taxa_från_edp:156;BRN36SL;;Slam;Slam;Hämtning/tömning;Brunn;;;;;KVAN;1.00;brunn 3, 1-6 m³, slam brn36sl | brunn 3, 1-6 m³, slam | kvan | tömning slam, brunn 3, 1-6 m³ | antl brn36sl antl tömning slam, brunn 3, 1-6 m³
RULE:EDP;Taxa_från_edp:157;BRN69SL;;Slam;Slam;Hämtning/tömning;Brunn;;;;;KVAN;1.00;brunn över 6, 1 m³, slam brn69sl | brunn över 6, 1 m³, slam | kvan | tömning slam, brunn över 6, 1 m³ | antl brn69sl antl tömning slam, brunn över 6, 1 m³
RULE:EDP;Taxa_från_edp:158;BV;;Okänd;;Abonnemang;;;;;;FÖRB;1.00;byggvatten, med mätare bv | byggvatten, med mätare | förb | byggvatten, rörlig avgift, förbrukning per m³ | bv byggvatten, rörlig avgift, förbrukning per m³
RULE:EDP;Taxa_från_edp:159;BVU;;Okänd;;Abonnemang;;;;;;UPFÖ;1.00;byggvatten, utan mätare bvu | byggvatten, utan mätare | upfö | byggvatten, rörlig avgift, uppsk. förbrukning per m³ | bvu byggvatten, rörlig avgift, uppsk. förbrukning per m³
RULE:EDP;Taxa_från_edp:160;MRV03SLBUD;;Slam;Slam;Abonnemang;;;;;;ÅRKV;1.00;minireningsverk 0-3 m³, slam. budning mrv03slbud | minireningsverk 0-3 m³, slam. budning | årkv | minireningsverk 0-3 m³, slam. budning | 0 mrv03slbud 0 minireningsverk 0-3 m³, slam. budning
RULE:EDP;Taxa_från_edp:161;MRV03SLORD;;Slam;Slam;Abonnemang;;;;;;ÅRKV;1.00;minireningsverk 0-3 m³, slam. ordinarie tur mrv03slord | minireningsverk 0-3 m³, slam. ordinarie tur | årkv | minireningsverk 0-3 m³, slam. ordinarie tur | 0 mrv03slord 0 minireningsverk 0-3 m³, slam. ordinarie tur
RULE:EDP;Taxa_från_edp:162;MRV36SLBUD;;Slam;Slam;Abonnemang;;;;;;ÅRKV;1.00;minireningsverk 3, 1-6 m³, slam. budning mrv36slbud | minireningsverk 3, 1-6 m³, slam. budning | årkv | minireningsverk 3, 1-6 m³, slam. budning | 0 mrv36slbud 0 minireningsverk 3, 1-6 m³, slam. budning
RULE:EDP;Taxa_från_edp:163;MRV36SLORD;;Slam;Slam;Abonnemang;;;;;;ÅRKV;1.00;minireningsverk 3, 1-6 m³, slam. ordinarie tur mrv36slord | minireningsverk 3, 1-6 m³, slam. ordinarie tur | årkv | minireningsverk 3, 1-6 m³, slam. ordinarie tur | 0 mrv36slord 0 minireningsverk 3, 1-6 m³, slam. ordinarie tur
RULE:EDP;Taxa_från_edp:164;MRV69SLBUD;;Slam;Slam;Abonnemang;;;;;;ÅRKV;1.00;minireningsverk 6, 1-9 m³, slam. budning mrv69slbud | minireningsverk 6, 1-9 m³, slam. budning | årkv | minireningsverk 6, 1-9 m³, slam. budning | 0 mrv69slbud 0 minireningsverk 6, 1-9 m³, slam. budning
RULE:EDP;Taxa_från_edp:165;MRV69SLORD;;Slam;Slam;Abonnemang;;;;;;ÅRKV;1.00;minireningsverk 6, 1-9 m³, slam. ordinarie tur mrv69slord | minireningsverk 6, 1-9 m³, slam. ordinarie tur | årkv | minireningsverk 6, 1-9 m³, slam. ordinarie tur | 0 mrv69slord 0 minireningsverk 6, 1-9 m³, slam. ordinarie tur
RULE:EDP;Taxa_från_edp:166;MRVÖ9SLBUD;;Slam;Slam;Abonnemang;;;;;;ÅRKV;1.00;minireningsverk över 9 m³, slam. budning mrvö9slbud | minireningsverk över 9 m³, slam. budning | årkv | minireningsverk över 9 m³, slam. budning | 0 mrvö9slbud 0 minireningsverk över 9 m³, slam. budning
RULE:EDP;Taxa_från_edp:167;MRVÖ9SLORD;;Slam;Slam;Abonnemang;;;;;;ÅRKV;1.00;minireningsverk över 9 m³, slam. ordinarie tur mrvö9slord | minireningsverk över 9 m³, slam. ordinarie tur | årkv | minireningsverk över 9 m³, slam. ordinarie tur | 0 mrvö9slord 0 minireningsverk över 9 m³, slam. ordinarie tur
RULE:EDP;Taxa_från_edp:168;SLAKUT48TIM;;Okänd;;Abonnemang;;;;;;KVAN;1.00;tillägg för budning inom 48 timmar slakut48tim | tillägg för budning inom 48 timmar | kvan | tillägg för budning inom 48 timmar | antl slakut48tim antl tillägg för budning inom 48 timmar
RULE:EDP;Taxa_från_edp:169;SLT03SL;;Slam;Slam;Hämtning/tömning;;;;;;KVAN;1.00;sluten tank 0-3 m³, slam slt03sl | sluten tank 0-3 m³, slam | kvan | tömning slam, sluten tank 0-3 m³ | antl slt03sl antl tömning slam, sluten tank 0-3 m³
RULE:EDP;Taxa_från_edp:170;SLT36SL;;Slam;Slam;Hämtning/tömning;;;;;;KVAN;1.00;sluten tank 3, 1-6 m³, slam slt36sl | sluten tank 3, 1-6 m³, slam | kvan | tömning slam, sluten tank 3, 1-6 m³ | antl slt36sl antl tömning slam, sluten tank 3, 1-6 m³
RULE:EDP;Taxa_från_edp:171;SLT69SL;;Slam;Slam;Hämtning/tömning;;;;;;KVAN;1.00;sluten tank över 6, 1 m³, slam slt69sl | sluten tank över 6, 1 m³, slam | kvan | tömning slam, sluten tank över 6, 1 m³ | antl slt69sl antl tömning slam, sluten tank över 6, 1 m³
RULE:EDP;Taxa_från_edp:172;SLTUNGTLOCK;;Okänd;;;Brunn;;;;;KVAN;1.00;tillägg lyft av tungt brunnslock över 15 kg sltungtlock | tillägg lyft av tungt brunnslock över 15 kg | kvan | tillägg lyft av tungt brunnslock över 15 kg | antl sltungtlock antl tillägg lyft av tungt brunnslock över 15 kg
RULE:EDP;Taxa_från_edp:173;SLFRAMKÖR;;Okänd;;Hämtning/tömning;;;;;;KVAN;1.00;framkörningsavgift/bom vid ej genomförd tömning slframkör | framkörningsavgift/bom vid ej genomförd tömning | kvan | framkörningsavgift vid ej genomförd tömning | antl slframkör antl framkörningsavgift vid ej genomförd tömning
RULE:EDP;Taxa_från_edp:174;SLKBM9;;Okänd;;;;;;;Volym;KVAN;1.00;tillägg för kubikmeter överstigande 9, 1 m³ slkbm9 | tillägg för kubikmeter överstigande 9, 1 m³ | kvan | tillägg för kubikmeter överstigande 9, 1 m³ | kbms slkbm9 kbms tillägg för kubikmeter överstigande 9, 1 m³
RULE:EDP;Taxa_från_edp:175;SLMEDDELANDE;;Slam;Slam;Hämtning/tömning;;;;;;KVAN;1.00;tillägg om förändring av slamtömning inte meddelats slmeddelande | tillägg om förändring av slamtömning inte meddelats | kvan | tillägg om förändring av slamtömning inte meddelats | antl slmeddelande antl tillägg om förändring av slamtömning inte meddelats
RULE:EDP;Taxa_från_edp:176;SLSAMTIDA;;Slam;Slam;Hämtning/tömning;Brunn;;;;;KVAN;1.00;tömning slam samtida brunn/tank mindre än 5 m³ slsamtida | tömning slam samtida brunn/tank mindre än 5 m³ | kvan | tömning slam samtida brunn/tank mindre än 5 m³ | antl slsamtida antl tömning slam samtida brunn/tank mindre än 5 m³
RULE:EDP;Taxa_från_edp:177;SLSLANG;;Okänd;;;;;;;;KVAN;1.00;total slanglängd (meter) slslang | total slanglängd (meter) | kvan | total slanglängd, 10-30 m | slng[10-30], max1 slslang slng[10-30], max1 total slanglängd, 10-30 m
RULE:EDP;Taxa_från_edp:178;SLSLANG;;Okänd;;;;;;;;KVAN;1.00;total slanglängd (meter) slslang | total slanglängd (meter) | kvan | total slanglängd, 30-40 m | slng[31-40], max1 slslang slng[31-40], max1 total slanglängd, 30-40 m
RULE:EDP;Taxa_från_edp:179;SLSLANG;;Okänd;;;;;;;;KVAN;1.00;total slanglängd (meter) slslang | total slanglängd (meter) | kvan | total slanglängd, över 40 m | slng[41-], max1 slslang slng[41-], max1 total slanglängd, över 40 m
RULE:EDP;Taxa_från_edp:180;SLSLANG;;Okänd;;;;;;;;KVAN;1.00;total slanglängd (meter) slslang | total slanglängd (meter) | kvan | ent total slanglängd, 1-10 m | slng[1-10], max1 slslang slng[1-10], max1 ent total slanglängd, 1-10 m
RULE:EDP;Taxa_från_edp:181;SLSLANG;;Okänd;;;;;;;;KVAN;1.00;total slanglängd (meter) slslang | total slanglängd (meter) | kvan | ent total slanglängd, 11-20 m | slng[11-20], max1 slslang slng[11-20], max1 ent total slanglängd, 11-20 m
RULE:EDP;Taxa_från_edp:182;SLSLANG;;Okänd;;;;;;;;KVAN;1.00;total slanglängd (meter) slslang | total slanglängd (meter) | kvan | ent total slanglängd, 21-30 m | slng[21-30], max1 slslang slng[21-30], max1 ent total slanglängd, 21-30 m
RULE:EDP;Taxa_från_edp:183;SLSLANG;;Okänd;;;;;;;;KVAN;1.00;total slanglängd (meter) slslang | total slanglängd (meter) | kvan | ent total slanglängd, 31-40 m | slng[31-40], max1 slslang slng[31-40], max1 ent total slanglängd, 31-40 m
RULE:EDP;Taxa_från_edp:184;SLSLANG;;Okänd;;;;;;;;KVAN;1.00;total slanglängd (meter) slslang | total slanglängd (meter) | kvan | ent total slanglängd, 41-50 m | slng[41-50], max1 slslang slng[41-50], max1 ent total slanglängd, 41-50 m
RULE:EDP;Taxa_från_edp:185;SLSLANG;;Okänd;;;;;;;;KVAN;1.00;total slanglängd (meter) slslang | total slanglängd (meter) | kvan | total slanglängd 0-10 meter | slng[0-10], max1 slslang slng[0-10], max1 total slanglängd 0-10 meter
RULE:EDP;Taxa_från_edp:186;SLSLANG;;Okänd;;;;;;;;KVAN;1.00;total slanglängd (meter) slslang | total slanglängd (meter) | kvan | total slanglängd 21-30 meter | slng[21-30], max1 slslang slng[21-30], max1 total slanglängd 21-30 meter
RULE:EDP;Taxa_från_edp:187;SLSLANG;;Okänd;;;;;;;;KVAN;1.00;total slanglängd (meter) slslang | total slanglängd (meter) | kvan | total slanglängd 11-20 meter | slng[11-20], max1 slslang slng[11-20], max1 total slanglängd 11-20 meter
RULE:EDP;Taxa_från_edp:188;SLSLANG;;Okänd;;;;;;;;KVAN;1.00;total slanglängd (meter) slslang | total slanglängd (meter) | kvan | total slanglängd 31-40 meter | slng[31-40], max1 slslang slng[31-40], max1 total slanglängd 31-40 meter
RULE:EDP;Taxa_från_edp:189;SLSLANG;;Okänd;;;;;;;;KVAN;1.00;total slanglängd (meter) slslang | total slanglängd (meter) | kvan | total slanglängd 41-50 meter | slng[41-50], max1 slslang slng[41-50], max1 total slanglängd 41-50 meter
RULE:EDP;Taxa_från_edp:190;SLSPECTID;;Okänd;;Hämtning/tömning;;;;;;KVAN;1.00;tillägg för specificerad inställelsetid för tömning slspectid | tillägg för specificerad inställelsetid för tömning | kvan | tillägg för specificerad inställelsetid för tömning | antl slspectid antl tillägg för specificerad inställelsetid för tömning
RULE:EDP;Taxa_från_edp:191;SLTOAVAGN;;Okänd;;Hämtning/tömning;;;;;;KVAN;1.00;tömning av toalettvagnar/tc, spolbil sltoavagn | tömning av toalettvagnar/tc, spolbil | kvan | tömning av toalettvagnar/tc, spolbil | antl sltoavagn antl tömning av toalettvagnar/tc, spolbil
RULE:EDP;Taxa_från_edp:192;SLBUD7DGR;;Okänd;;Abonnemang;;;;;;KVAN;1.00;tillägg för budning inom 7 dagar slbud7dgr | tillägg för budning inom 7 dagar | kvan | tillägg för budning inom 7 dagar | antl slbud7dgr antl tillägg för budning inom 7 dagar
RULE:EDP;Taxa_från_edp:193;AVGNIVÅ1V;;Okänd;;Abonnemang;;;;Verksamhet;;ÅRPR;1.00;åvc-abonnemang nivå 1-ej miljöfarligt avfall. verksamhet avgnivå1v | åvc-abonnemang nivå 1-ej miljöfarligt avfall. verksamhet | årpr | åvc-abonnemang nivå 1-ej miljöfarligt avfall | avgnivå1v åvc-abonnemang nivå 1-ej miljöfarligt avfall
RULE:EDP;Taxa_från_edp:194;AVGNIVÅ2V;;Okänd;;Abonnemang;;;;Verksamhet;;ÅRPR;1.00;åvc-abonnemang nivå 2-med miljöfarligt avfall. verksamhet avgnivå2v | åvc-abonnemang nivå 2-med miljöfarligt avfall. verksamhet | årpr | åvc-abonnemang nivå 2-med miljöfarligt avfall | avgnivå2v åvc-abonnemang nivå 2-med miljöfarligt avfall
RULE:EDP;Taxa_från_edp:195;AVSTÄNG;;Okänd;;;;;;;;KVAN;1.00;avstängning/strypning av vattentillförsel avstäng | avstängning/strypning av vattentillförsel | kvan | avstängning/strypning av vattentillförsel | antl avstäng antl avstängning/strypning av vattentillförsel
RULE:EDP;Taxa_från_edp:196;BETALSÄCK;;ÅVC/verksamhetsavfall;;Extra;Säck;;;;;KVAN;1.00;mottagningsavgift extrasäck till åvc betalsäck | mottagningsavgift extrasäck till åvc | kvan | mottagningsavgift extrasäck till åvc | antl betalsäck antl mottagningsavgift extrasäck till åvc
RULE:EDP;Taxa_från_edp:197;Fob;;Okänd;;Abonnemang;;;;;;ÅRKV;1.00;nyckelfob mat-och rest frihus fob | nyckelfob mat-och rest frihus | årkv | nyckelfob, engångskostnad | antl fob antl nyckelfob, engångskostnad
RULE:EDP;Taxa_från_edp:198;FÖRGÄV;;Okänd;;;;;;;;KVAN;1.00;förgävesbesök vid avtalad tid eller avisering förgäv | förgävesbesök vid avtalad tid eller avisering | kvan | förgävesbesök vid avtalad tid eller avisering | antl förgäv antl förgävesbesök vid avtalad tid eller avisering
RULE:EDP;Taxa_från_edp:199;GRUNDSMÅ;;Okänd;;Abonnemang;;;;Villa/småhus;;ÅRKV;1.00;grundavgift, småhus 1-och 2 familjshus grundsmå | grundavgift, småhus 1-och 2 familjshus | årkv | grundavgift, småhus 1-och 2 familjshus | grun grundsmå grun grundavgift, småhus 1-och 2 familjshus
RULE:EDP;Taxa_från_edp:200;INVÄXTHUSH;;Okänd;;;;;;;;KVAN;1.00;invasiva växter från hushåll inväxthush | invasiva växter från hushåll | kvan | invasiva växter från hushåll | antl inväxthush antl invasiva växter från hushåll
RULE:EDP;Taxa_från_edp:201;NEDTAG;;Okänd;;Abonnemang;;;;;;KVAN;1.00;nedtagning va-mätare nedtag | nedtagning va-mätare | kvan | nedtagning va-mätare | antl nedtag antl nedtagning va-mätare
RULE:EDP;Taxa_från_edp:202;PÅSLÄPP;;Okänd;;;;;;;;KVAN;1.00;påsläpp av vattentillförsel påsläpp | påsläpp av vattentillförsel | kvan | påsläpp av vattentillförsel | antl påsläpp antl påsläpp av vattentillförsel
RULE:EDP;Taxa_från_edp:203;UNDERSÖK;;Okänd;;Abonnemang;;;;;;KVAN;1.00;undersökning av vattenmätare undersök | undersökning av vattenmätare | kvan | undersökning av vattenmätare | antl undersök antl undersökning av vattenmätare
RULE:EDP;Taxa_från_edp:204;UPPSÄTT;;Okänd;;Abonnemang;;;;;;KVAN;1.00;uppsättning va-mätare uppsätt | uppsättning va-mätare | kvan | uppsättning va-mätare | antl uppsätt antl uppsättning va-mätare
RULE:EDP;Taxa_från_edp:205;VSOMMAR;;Okänd;;Abonnemang;;;;Fritidshus;;ÅRKV;1.00;sommarvatten vsommar | sommarvatten | årkv | total årskostnad för sommarvatten per fritidshus maj-sept | boen vsommar boen total årskostnad för sommarvatten per fritidshus maj-sept
RULE:EDP;Taxa_från_edp:206;ÅVCVERKSAM;;ÅVC/verksamhetsavfall;;Abonnemang;;;;;;ÅRKV;1.00;åvc abonnemang 1-ej miljöfarligt avfall åvcverksam | åvc abonnemang 1-ej miljöfarligt avfall | årkv | åvc-abonnemang nivå 1-ej miljöfarligt avfall | fast åvcverksam fast åvc-abonnemang nivå 1-ej miljöfarligt avfall
RULE:EDP;Taxa_från_edp:207;ÅVCVERKSAMFA;;ÅVC/verksamhetsavfall;;Abonnemang;;;;;;ÅRKV;1.00;åvc abonnemang 2-farligt avfall åvcverksamfa | åvc abonnemang 2-farligt avfall | årkv | åvc-abonnemang nivå 2-med miljöfarligt avfall | fast åvcverksamfa fast åvc-abonnemang nivå 2-med miljöfarligt avfall
RULE:EDP;Taxa_från_edp:208;ÅVC660I;;Okänd;;Abonnemang;Kärl;660;;;Behållarvolym;ÅRKV;1.00;kärl 660l, invasiva arter åvc660i | kärl 660l, invasiva arter | årkv | kärl 660 invasiva arter | antb åvc660i antb kärl 660 invasiva arter
RULE:EDP;Taxa_från_edp:209;ÅVC660T;;Okänd;;Abonnemang;Kärl;660;;;Behållarvolym;ÅRKV;1.00;kärl 660l, textil åvc660t | kärl 660l, textil | årkv | kärl 660 textil | antb åvc660t antb kärl 660 textil
RULE:EDP;Taxa_från_edp:210;MB1600TÖM;;Okänd;;Hämtning/tömning;;;;;;KVAN;1.00;tömning markbehållare 1, 6 m³, osorterat avfall mb1600töm | tömning markbehållare 1, 6 m³, osorterat avfall | kvan | tömning markbehållare 1, 6 m³, osorterat avfall | antb mb1600töm antb tömning markbehållare 1, 6 m³, osorterat avfall
RULE:EDP;Taxa_från_edp:211;MB3200TÖM;;Okänd;;Hämtning/tömning;;;;;;KVAN;1.00;tömning markbehållare 3, 2 m³, osorterat avfall mb3200töm | tömning markbehållare 3, 2 m³, osorterat avfall | kvan | tömning markbehållare 3, 2 m³, osorterat avfall | antb mb3200töm antb tömning markbehållare 3, 2 m³, osorterat avfall
RULE:EDP;Taxa_från_edp:212;MB3600TÖM;;Okänd;;Hämtning/tömning;;;;;;KVAN;1.00;tömning markbehållare 3, 6 m³, osorterat avfall mb3600töm | tömning markbehållare 3, 6 m³, osorterat avfall | kvan | tömning markbehållare 3, 6 m³, osorterat avfall | antb mb3600töm antb tömning markbehållare 3, 6 m³, osorterat avfall
RULE:EDP;Taxa_från_edp:213;MB5000TÖM;;Okänd;;Hämtning/tömning;;;;;;KVAN;1.00;tömning markbehållare 5 m³, osorterat avfall mb5000töm | tömning markbehållare 5 m³, osorterat avfall | kvan | tömning markbehållare 5 m³, osorterat avfall | antb mb5000töm antb tömning markbehållare 5 m³, osorterat avfall
RULE:EDP;Taxa_från_edp:214;FELSORT;;Okänd;;;;;;;;KVAN;1.00;felsorteringsavgift felsort | felsorteringsavgift | kvan | felsorteringsavgift | antl felsort antl felsorteringsavgift
RULE:EDP;Taxa_från_edp:215;GEMUPPFRI;;Okänd;;Abonnemang;;;;Fritidshus;;ÅRKV;1.00;gemensam uppsamlingsplats, fritidshus gemuppfri | gemensam uppsamlingsplats, fritidshus | årkv | gemensam uppsamlingsplats, mat-och restavfall | fast gemuppfri fast gemensam uppsamlingsplats, mat-och restavfall
RULE:EDP;Taxa_från_edp:216;KÄ140MA26FV;;Okänd;Matavfall;Abonnemang;Kärl;140;;;Behållarvolym;ÅRKV;1.00;kärl 140l, matavfall. var 14:e dag. flb/vht kä140ma26fv | kärl 140l, matavfall. var 14:e dag. flb/vht | årkv | kärl 140l, matavfall. var 14:e dag | antb kä140ma26fv antb kärl 140l, matavfall. var 14:e dag
RULE:EDP;Taxa_från_edp:217;KÄ140MA26FV;;Okänd;Matavfall;Abonnemang;Kärl;140;;;Behållarvolym;KVAN;1.00;kärl 140l, matavfall. var 14:e dag. flb/vht kä140ma26fv | kärl 140l, matavfall. var 14:e dag. flb/vht | kvan | kärl 140l viktavgift matavfall kr/kg | vikg, max60 kä140ma26fv vikg, max60 kärl 140l viktavgift matavfall kr/kg
RULE:EDP;Taxa_från_edp:218;KÄ140MA26FV;;Okänd;Matavfall;Abonnemang;Kärl;140;;;Behållarvolym;ÅRKV;1.00;kärl 140l, matavfall. var 14:e dag. flb/vht kä140ma26fv | kärl 140l, matavfall. var 14:e dag. flb/vht | årkv | dragväg 1, 5-10 meter | dr10 kä140ma26fv dr10 dragväg 1, 5-10 meter
RULE:EDP;Taxa_från_edp:219;KÄ140MA26FV;;Okänd;Matavfall;Abonnemang;Kärl;140;;;Behållarvolym;ÅRKV;1.00;kärl 140l, matavfall. var 14:e dag. flb/vht kä140ma26fv | kärl 140l, matavfall. var 14:e dag. flb/vht | årkv | dragväg 10, 1-20 meter | dr20 kä140ma26fv dr20 dragväg 10, 1-20 meter
RULE:EDP;Taxa_från_edp:220;KÄ140MA26FV;;Okänd;Matavfall;Abonnemang;Kärl;140;;;Behållarvolym;KVAN;1.00;kärl 140l, matavfall. var 14:e dag. flb/vht kä140ma26fv | kärl 140l, matavfall. var 14:e dag. flb/vht | kvan | kärl 140l överviktsavgift för vikt över 60 kg, matavfall | vikg-60, min0 kä140ma26fv vikg-60, min0 kärl 140l överviktsavgift för vikt över 60 kg, matavfall
RULE:EDP;Taxa_från_edp:221;KÄ140MA52FV;;Okänd;Matavfall;Abonnemang;Kärl;140;;;Behållarvolym;ÅRKV;1.00;kärl 140l, matavfall. varje vecka. flb/vht kä140ma52fv | kärl 140l, matavfall. varje vecka. flb/vht | årkv | kärl 140l, matavfall. varje vecka | antb kä140ma52fv antb kärl 140l, matavfall. varje vecka
RULE:EDP;Taxa_från_edp:222;KÄ140MA52FV;;Okänd;Matavfall;Abonnemang;Kärl;140;;;Behållarvolym;KVAN;1.00;kärl 140l, matavfall. varje vecka. flb/vht kä140ma52fv | kärl 140l, matavfall. varje vecka. flb/vht | kvan | kärl 140l viktavgift matavfall kr/kg | vikg, max60 kä140ma52fv vikg, max60 kärl 140l viktavgift matavfall kr/kg
RULE:EDP;Taxa_från_edp:223;KÄ140MA52FV;;Okänd;Matavfall;Abonnemang;Kärl;140;;;Behållarvolym;ÅRKV;1.00;kärl 140l, matavfall. varje vecka. flb/vht kä140ma52fv | kärl 140l, matavfall. varje vecka. flb/vht | årkv | dragväg 1, 5-10 meter | dr10 kä140ma52fv dr10 dragväg 1, 5-10 meter
RULE:EDP;Taxa_från_edp:224;KÄ140MA52FV;;Okänd;Matavfall;Abonnemang;Kärl;140;;;Behållarvolym;ÅRKV;1.00;kärl 140l, matavfall. varje vecka. flb/vht kä140ma52fv | kärl 140l, matavfall. varje vecka. flb/vht | årkv | dragväg 10, 1-20 meter | dr20 kä140ma52fv dr20 dragväg 10, 1-20 meter
RULE:EDP;Taxa_från_edp:225;KÄ140MA52FV;;Okänd;Matavfall;Abonnemang;Kärl;140;;;Behållarvolym;KVAN;1.00;kärl 140l, matavfall. varje vecka. flb/vht kä140ma52fv | kärl 140l, matavfall. varje vecka. flb/vht | kvan | kärl 140l överviktsavgift för vikt över 60 kg, matavfall | vikg-60, min0 kä140ma52fv vikg-60, min0 kärl 140l överviktsavgift för vikt över 60 kg, matavfall
RULE:EDP;Taxa_från_edp:226;KÄ190XRM26;;Okänd;Matavfall;Extra;Kärl;190;;;Behållarvolym;ÅRKV;1.00;kärl 120-190l extrakärl, rest/matavfall. var 14:e dag kä190xrm26 | kärl 120-190l extrakärl, rest/matavfall. var 14:e dag | årkv | kärl 120-190l extrakärl, rest/matavfall. var 14:e dag | antb kä190xrm26 antb kärl 120-190l extrakärl, rest/matavfall. var 14:e dag
RULE:EDP;Taxa_från_edp:227;KÄ190XRM26;;Okänd;Matavfall;Extra;Kärl;190;;;Behållarvolym;KVAN;1.00;kärl 120-190l extrakärl, rest/matavfall. var 14:e dag kä190xrm26 | kärl 120-190l extrakärl, rest/matavfall. var 14:e dag | kvan | viktavgift rest-matavfall kr/kg | vikg kä190xrm26 vikg viktavgift rest-matavfall kr/kg
RULE:EDP;Taxa_från_edp:228;KÄ190XRM26FV;;Okänd;Matavfall;Extra;Kärl;190;;;Behållarvolym;ÅRKV;1.00;kärl 120-190l extrakärl, rest/matavfall. var 14:e dag. flb/vht kä190xrm26fv | kärl 120-190l extrakärl, rest/matavfall. var 14:e dag. flb/vht | årkv | kärl 120-190l extrakärl, rest/matavfall. var 14:e dag | antb kä190xrm26fv antb kärl 120-190l extrakärl, rest/matavfall. var 14:e dag
RULE:EDP;Taxa_från_edp:229;KÄ190XRM26FV;;Okänd;Matavfall;Extra;Kärl;190;;;Behållarvolym;KVAN;1.00;kärl 120-190l extrakärl, rest/matavfall. var 14:e dag. flb/vht kä190xrm26fv | kärl 120-190l extrakärl, rest/matavfall. var 14:e dag. flb/vht | kvan | viktavgift rest-matavfall kr/kg | vikg kä190xrm26fv vikg viktavgift rest-matavfall kr/kg
RULE:EDP;Taxa_från_edp:230;KÄ240RK26;;Okänd;Restavfall;Abonnemang;Kärl;240;;;Behållarvolym;ÅRKV;1.00;tvåfackskärl 240l, restavfall/kompost. var 14:e dag kä240rk26 | tvåfackskärl 240l, restavfall/kompost. var 14:e dag | årkv | tvåfackskärl 240l, restavfall/kompost. var 14:e dag | antb kä240rk26 antb tvåfackskärl 240l, restavfall/kompost. var 14:e dag
RULE:EDP;Taxa_från_edp:231;KÄ240RK26;;Okänd;Restavfall;Abonnemang;Kärl;240;;;Behållarvolym;KVAN;1.00;tvåfackskärl 240l, restavfall/kompost. var 14:e dag kä240rk26 | tvåfackskärl 240l, restavfall/kompost. var 14:e dag | kvan | viktavgift restavfall kr/kg | vikg kä240rk26 vikg viktavgift restavfall kr/kg
RULE:EDP;Taxa_från_edp:232;KÄ240RK26FRI;;Okänd;Restavfall;Abonnemang;Kärl;240;;Fritidshus;Behållarvolym;ÅRKV;1.00;tvåfackskärl 240l, restavfall/kompost. var 14:e dag fritidshus kä240rk26fri | tvåfackskärl 240l, restavfall/kompost. var 14:e dag fritidshus | årkv | tvåfackskärl 240l, restavfall/kompost. var 14:e dag | antb kä240rk26fri antb tvåfackskärl 240l, restavfall/kompost. var 14:e dag
RULE:EDP;Taxa_från_edp:233;KÄ240RK26FRI;;Okänd;Restavfall;Abonnemang;Kärl;240;;Fritidshus;Behållarvolym;KVAN;1.00;tvåfackskärl 240l, restavfall/kompost. var 14:e dag fritidshus kä240rk26fri | tvåfackskärl 240l, restavfall/kompost. var 14:e dag fritidshus | kvan | viktavgift restavfall kr/kg | vikg kä240rk26fri vikg viktavgift restavfall kr/kg
RULE:EDP;Taxa_från_edp:234;KÄ240RM26;;Okänd;Matavfall;Abonnemang;Kärl;240;;;Behållarvolym;ÅRKV;1.00;tvåfackskärl 240l, rest/matavfall. var 14:e dag kä240rm26 | tvåfackskärl 240l, rest/matavfall. var 14:e dag | årkv | tvåfackskärl 240l, rest/matavfall. var 14:e dag | antb kä240rm26 antb tvåfackskärl 240l, rest/matavfall. var 14:e dag
RULE:EDP;Taxa_från_edp:235;KÄ240RM26;;Okänd;Matavfall;Abonnemang;Kärl;240;;;Behållarvolym;KVAN;1.00;tvåfackskärl 240l, rest/matavfall. var 14:e dag kä240rm26 | tvåfackskärl 240l, rest/matavfall. var 14:e dag | kvan | viktavgift rest-matavfall kr/kg | vikg kä240rm26 vikg viktavgift rest-matavfall kr/kg
RULE:EDP;Taxa_från_edp:236;KÄ240RM26FRI;;Okänd;Matavfall;Abonnemang;Kärl;240;;Fritidshus;Behållarvolym;ÅRKV;1.00;tvåfackskärl 240l, rest/matavfall. var 14:e dag fritidshus kä240rm26fri | tvåfackskärl 240l, rest/matavfall. var 14:e dag fritidshus | årkv | tvåfackskärl 240l, rest/matavfall. var 14:e dag | antb kä240rm26fri antb tvåfackskärl 240l, rest/matavfall. var 14:e dag
RULE:EDP;Taxa_från_edp:237;KÄ240RM26FRI;;Okänd;Matavfall;Abonnemang;Kärl;240;;Fritidshus;Behållarvolym;KVAN;1.00;tvåfackskärl 240l, rest/matavfall. var 14:e dag fritidshus kä240rm26fri | tvåfackskärl 240l, rest/matavfall. var 14:e dag fritidshus | kvan | viktavgift rest-matavfall kr/kg | vikg kä240rm26fri vikg viktavgift rest-matavfall kr/kg
RULE:EDP;Taxa_från_edp:238;KÄ240RM26FV;;Okänd;Matavfall;Abonnemang;Kärl;240;;;Behållarvolym;ÅRKV;1.00;tvåfackskärl 240l, rest/matavfall. var 14:e dag. flb/vht kä240rm26fv | tvåfackskärl 240l, rest/matavfall. var 14:e dag. flb/vht | årkv | tvåfackskärl 240l, rest/matavfall. var 14:e dag | antb kä240rm26fv antb tvåfackskärl 240l, rest/matavfall. var 14:e dag
RULE:EDP;Taxa_från_edp:239;KÄ240RM26FV;;Okänd;Matavfall;Abonnemang;Kärl;240;;;Behållarvolym;KVAN;1.00;tvåfackskärl 240l, rest/matavfall. var 14:e dag. flb/vht kä240rm26fv | tvåfackskärl 240l, rest/matavfall. var 14:e dag. flb/vht | kvan | viktavgift rest-matavfall kr/kg | vikg kä240rm26fv vikg viktavgift rest-matavfall kr/kg
RULE:EDP;Taxa_från_edp:240;KÄ240RM26FV;;Okänd;Matavfall;Abonnemang;Kärl;240;;;Behållarvolym;ÅRKV;1.00;tvåfackskärl 240l, rest/matavfall. var 14:e dag. flb/vht kä240rm26fv | tvåfackskärl 240l, rest/matavfall. var 14:e dag. flb/vht | årkv | dragväg 1, 5-10 meter | dr10 kä240rm26fv dr10 dragväg 1, 5-10 meter
RULE:EDP;Taxa_från_edp:241;KÄ240RM26FV;;Okänd;Matavfall;Abonnemang;Kärl;240;;;Behållarvolym;ÅRKV;1.00;tvåfackskärl 240l, rest/matavfall. var 14:e dag. flb/vht kä240rm26fv | tvåfackskärl 240l, rest/matavfall. var 14:e dag. flb/vht | årkv | dragväg 10, 1-20 meter | dr20 kä240rm26fv dr20 dragväg 10, 1-20 meter
RULE:EDP;Taxa_från_edp:242;KÄ370RE26FV;;Okänd;Restavfall;Abonnemang;Kärl;370;;;Behållarvolym;ÅRKV;1.00;kärl 370l, restavfall. var 14:e dag. flb/vht kä370re26fv | kärl 370l, restavfall. var 14:e dag. flb/vht | årkv | kärl 370l, restavfall. var 14:e dag | antb kä370re26fv antb kärl 370l, restavfall. var 14:e dag
RULE:EDP;Taxa_från_edp:243;KÄ370RE26FV;;Okänd;Restavfall;Abonnemang;Kärl;370;;;Behållarvolym;KVAN;1.00;kärl 370l, restavfall. var 14:e dag. flb/vht kä370re26fv | kärl 370l, restavfall. var 14:e dag. flb/vht | kvan | kärl 370l 26v viktavgift restavfall kr/kg | vikg, max60 kä370re26fv vikg, max60 kärl 370l 26v viktavgift restavfall kr/kg
RULE:EDP;Taxa_från_edp:244;KÄ370RE26FV;;Okänd;Restavfall;Abonnemang;Kärl;370;;;Behållarvolym;ÅRKV;1.00;kärl 370l, restavfall. var 14:e dag. flb/vht kä370re26fv | kärl 370l, restavfall. var 14:e dag. flb/vht | årkv | dragväg 1, 5-10 meter | dr10 kä370re26fv dr10 dragväg 1, 5-10 meter
RULE:EDP;Taxa_från_edp:245;KÄ370RE26FV;;Okänd;Restavfall;Abonnemang;Kärl;370;;;Behållarvolym;ÅRKV;1.00;kärl 370l, restavfall. var 14:e dag. flb/vht kä370re26fv | kärl 370l, restavfall. var 14:e dag. flb/vht | årkv | dragväg 10, 1-20 meter | dr20 kä370re26fv dr20 dragväg 10, 1-20 meter
RULE:EDP;Taxa_från_edp:246;KÄ370RE26FV;;Okänd;Restavfall;Abonnemang;Kärl;370;;;Behållarvolym;KVAN;1.00;kärl 370l, restavfall. var 14:e dag. flb/vht kä370re26fv | kärl 370l, restavfall. var 14:e dag. flb/vht | kvan | kärl 370l 26v överviktsavgift vikt över 60 kg, restavfall | vikg-60, min0 kä370re26fv vikg-60, min0 kärl 370l 26v överviktsavgift vikt över 60 kg, restavfall
RULE:EDP;Taxa_från_edp:247;KÄ370RE52FV;;Okänd;Restavfall;Abonnemang;Kärl;370;;;Behållarvolym;ÅRKV;1.00;kärl 370l, restavfall. varje vecka. flb/vht kä370re52fv | kärl 370l, restavfall. varje vecka. flb/vht | årkv | kärl 370l, restavfall. varje vecka | antb kä370re52fv antb kärl 370l, restavfall. varje vecka
RULE:EDP;Taxa_från_edp:248;KÄ370RE52FV;;Okänd;Restavfall;Abonnemang;Kärl;370;;;Behållarvolym;KVAN;1.00;kärl 370l, restavfall. varje vecka. flb/vht kä370re52fv | kärl 370l, restavfall. varje vecka. flb/vht | kvan | kärl 370l 52v viktavgift restavfall kr/kg | vikg, max60 kä370re52fv vikg, max60 kärl 370l 52v viktavgift restavfall kr/kg
RULE:EDP;Taxa_från_edp:249;KÄ370RE52FV;;Okänd;Restavfall;Abonnemang;Kärl;370;;;Behållarvolym;ÅRKV;1.00;kärl 370l, restavfall. varje vecka. flb/vht kä370re52fv | kärl 370l, restavfall. varje vecka. flb/vht | årkv | dragväg 1, 5-10 meter | dr10 kä370re52fv dr10 dragväg 1, 5-10 meter
RULE:EDP;Taxa_från_edp:250;KÄ370RE52FV;;Okänd;Restavfall;Abonnemang;Kärl;370;;;Behållarvolym;ÅRKV;1.00;kärl 370l, restavfall. varje vecka. flb/vht kä370re52fv | kärl 370l, restavfall. varje vecka. flb/vht | årkv | dragväg 10, 1-20 meter | dr20 kä370re52fv dr20 dragväg 10, 1-20 meter
RULE:EDP;Taxa_från_edp:251;KÄ370RE52FV;;Okänd;Restavfall;Abonnemang;Kärl;370;;;Behållarvolym;KVAN;1.00;kärl 370l, restavfall. varje vecka. flb/vht kä370re52fv | kärl 370l, restavfall. varje vecka. flb/vht | kvan | kärl 370l 52v överviktsavgift vikt över 60 kg, restavfall | vikg-60, min0 kä370re52fv vikg-60, min0 kärl 370l 52v överviktsavgift vikt över 60 kg, restavfall
RULE:EDP;Taxa_från_edp:252;KÄ50HL;;Okänd;;Abonnemang;Kärl;50;;;Behållarvolym;ÅRKV;1.00;kärl 50l hundlatrin kä50hl | kärl 50l hundlatrin | årkv | kärl 50l | antb kä50hl antb kärl 50l
RULE:EDP;Taxa_från_edp:253;KÄ50HL;;Okänd;;;Kärl;50;;;Behållarvolym;KVAN;1.00;kärl 50l hundlatrin kä50hl | kärl 50l hundlatrin | kvan | viktavgift rest-matavfall kr/kg | vikg kä50hl vikg viktavgift rest-matavfall kr/kg
RULE:EDP;Taxa_från_edp:254;KÄ660RE26FV;;Okänd;Restavfall;Abonnemang;Kärl;660;;;Behållarvolym;ÅRKV;1.00;kärl 660l, restavfall. var 14:e dag flb/vht kä660re26fv | kärl 660l, restavfall. var 14:e dag flb/vht | årkv | kärl 660l, restavfall. var 14:e dag | antb kä660re26fv antb kärl 660l, restavfall. var 14:e dag
RULE:EDP;Taxa_från_edp:255;KÄ660RE26FV;;Okänd;Restavfall;Abonnemang;Kärl;660;;;Behållarvolym;KVAN;1.00;kärl 660l, restavfall. var 14:e dag flb/vht kä660re26fv | kärl 660l, restavfall. var 14:e dag flb/vht | kvan | kärl 660l 26v viktavgift restavfall kr/kg | vikg, max100 kä660re26fv vikg, max100 kärl 660l 26v viktavgift restavfall kr/kg
RULE:EDP;Taxa_från_edp:256;KÄ660RE26FV;;Okänd;Restavfall;Abonnemang;Kärl;660;;;Behållarvolym;ÅRKV;1.00;kärl 660l, restavfall. var 14:e dag flb/vht kä660re26fv | kärl 660l, restavfall. var 14:e dag flb/vht | årkv | dragväg 1, 5-10 meter | dr10 kä660re26fv dr10 dragväg 1, 5-10 meter
RULE:EDP;Taxa_från_edp:257;KÄ660RE26FV;;Okänd;Restavfall;Abonnemang;Kärl;660;;;Behållarvolym;ÅRKV;1.00;kärl 660l, restavfall. var 14:e dag flb/vht kä660re26fv | kärl 660l, restavfall. var 14:e dag flb/vht | årkv | dragväg 10, 1-20 meter | dr20 kä660re26fv dr20 dragväg 10, 1-20 meter
RULE:EDP;Taxa_från_edp:258;KÄ660RE26FV;;Okänd;Restavfall;Abonnemang;Kärl;660;;;Behållarvolym;KVAN;1.00;kärl 660l, restavfall. var 14:e dag flb/vht kä660re26fv | kärl 660l, restavfall. var 14:e dag flb/vht | kvan | kärl 660l 26v överviktsavgift vikt över 100 kg, restavfall | vikg-100, min0 kä660re26fv vikg-100, min0 kärl 660l 26v överviktsavgift vikt över 100 kg, restavfall
RULE:EDP;Taxa_från_edp:259;KÄ660RE52FV;;Okänd;Restavfall;Abonnemang;Kärl;660;;;Behållarvolym;ÅRKV;1.00;kärl 660l, restavfall. varje vecka. flb/vht kä660re52fv | kärl 660l, restavfall. varje vecka. flb/vht | årkv | kärl 660l, restavfall. varje vecka | antb kä660re52fv antb kärl 660l, restavfall. varje vecka
RULE:EDP;Taxa_från_edp:260;KÄ660RE52FV;;Okänd;Restavfall;Abonnemang;Kärl;660;;;Behållarvolym;KVAN;1.00;kärl 660l, restavfall. varje vecka. flb/vht kä660re52fv | kärl 660l, restavfall. varje vecka. flb/vht | kvan | kärl 660l 52v viktavgift restavfall kr/kg | vikg, max100 kä660re52fv vikg, max100 kärl 660l 52v viktavgift restavfall kr/kg
RULE:EDP;Taxa_från_edp:261;KÄ660RE52FV;;Okänd;Restavfall;Abonnemang;Kärl;660;;;Behållarvolym;ÅRKV;1.00;kärl 660l, restavfall. varje vecka. flb/vht kä660re52fv | kärl 660l, restavfall. varje vecka. flb/vht | årkv | dragväg 1, 5-10 meter | dr10 kä660re52fv dr10 dragväg 1, 5-10 meter
RULE:EDP;Taxa_från_edp:262;KÄ660RE52FV;;Okänd;Restavfall;Abonnemang;Kärl;660;;;Behållarvolym;ÅRKV;1.00;kärl 660l, restavfall. varje vecka. flb/vht kä660re52fv | kärl 660l, restavfall. varje vecka. flb/vht | årkv | dragväg 10, 1-20 meter | dr20 kä660re52fv dr20 dragväg 10, 1-20 meter
RULE:EDP;Taxa_från_edp:263;KÄ660RE52FV;;Okänd;Restavfall;Abonnemang;Kärl;660;;;Behållarvolym;KVAN;1.00;kärl 660l, restavfall. varje vecka. flb/vht kä660re52fv | kärl 660l, restavfall. varje vecka. flb/vht | kvan | kärl 660l 52v överviktsavgift vikt över 100 kg, restavfall | vikg-100, min0 kä660re52fv vikg-100, min0 kärl 660l 52v överviktsavgift vikt över 100 kg, restavfall
RULE:EDP;Taxa_från_edp:264;KÄRLBYTE240;;Okänd;;Extra;Kärl;240;;;Behållarvolym;KVAN;1.00;byte/återtag av behållare en extra gång 140-240 liter kärlbyte240 | byte/återtag av behållare en extra gång 140-240 liter | kvan | byte/återtag av behållare en extra gång 140-240 liter | antl kärlbyte240 antl byte/återtag av behållare en extra gång 140-240 liter
RULE:EDP;Taxa_från_edp:265;MAT;;Okänd;Matavfall;;;;;;;KVAN;1.00;viktavgift matavfall mat | viktavgift matavfall | kvan | viktavgift matavfall | vikg mat vikg viktavgift matavfall
RULE:EDP;Taxa_från_edp:266;MB1600MA26;;Okänd;Matavfall;Abonnemang;;;;;;ÅRKV;1.00;tjänsttaxa markbehållare för matavfall mb1600ma26 | tjänsttaxa markbehållare för matavfall | årkv | tjänsttaxa markbehållare för matavfall | 0 mb1600ma26 0 tjänsttaxa markbehållare för matavfall
RULE:EDP;Taxa_från_edp:267;MB1600MA26;;Okänd;Matavfall;Abonnemang;;;;;;KVAN;1.00;tjänsttaxa markbehållare för matavfall mb1600ma26 | tjänsttaxa markbehållare för matavfall | kvan | viktavgift matavfall | vikg mb1600ma26 vikg viktavgift matavfall
RULE:EDP;Taxa_från_edp:268;MB1600MA26;;Okänd;Matavfall;Hämtning/tömning;;;;;;KVAN;1.00;tjänsttaxa markbehållare för matavfall mb1600ma26 | tjänsttaxa markbehållare för matavfall | kvan | tömning markbehållare 1, 6 m³, matavfall | antb mb1600ma26 antb tömning markbehållare 1, 6 m³, matavfall
RULE:EDP;Taxa_från_edp:269;MB3200RE26;;Okänd;Restavfall;Abonnemang;;;;;;ÅRKV;1.00;tjänsttaxa underjordsbehållare för restavfall mb3200re26 | tjänsttaxa underjordsbehållare för restavfall | årkv | tjänsttaxa underjordsbehållare för restavfall | 0 mb3200re26 0 tjänsttaxa underjordsbehållare för restavfall
RULE:EDP;Taxa_från_edp:270;MB3200RE26;;Okänd;Restavfall;Abonnemang;;;;;;KVAN;1.00;tjänsttaxa underjordsbehållare för restavfall mb3200re26 | tjänsttaxa underjordsbehållare för restavfall | kvan | viktavgift restavfall kr/kg | vikg mb3200re26 vikg viktavgift restavfall kr/kg
RULE:EDP;Taxa_från_edp:271;MB3200RE26;;Okänd;Restavfall;Hämtning/tömning;;;;;;KVAN;1.00;tjänsttaxa underjordsbehållare för restavfall mb3200re26 | tjänsttaxa underjordsbehållare för restavfall | kvan | tömning markbehållare 3, 2 m³, restavfall | antb mb3200re26 antb tömning markbehållare 3, 2 m³, restavfall
RULE:EDP;Taxa_från_edp:272;ReAvfallSum;;Okänd;Restavfall;Hämtning/tömning;Kärl;660;;;;KVAN;1.00;viktavgift restavfall sumerad kä660 1 veckastömning reavfallsum | viktavgift restavfall sumerad kä660 1 veckastömning | kvan | kärl 660l viktavgift restavfall kr/kg (period) | vikg reavfallsum vikg kärl 660l viktavgift restavfall kr/kg (period)
RULE:EDP;Taxa_från_edp:273;REST;;Okänd;Restavfall;;;;;;;KVAN;1.00;viktavgift restavfall rest | viktavgift restavfall | kvan | viktavgift restavfall | vikg rest vikg viktavgift restavfall
RULE:EDP;Taxa_från_edp:274;SANNAN;;Okänd;;Abonnemang;;;;;;ÅRPR;1.00;spillvatten annan fastighet sannan | spillvatten annan fastighet | årpr | fast avgift spillvatten | sannan fast avgift spillvatten
RULE:EDP;Taxa_från_edp:275;SANNAN;;Okänd;;;;;;;;FÖRB;1.00;spillvatten annan fastighet sannan | spillvatten annan fastighet | förb | förbrukningsavgift, spillvatten | sannan förbrukningsavgift, spillvatten
RULE:EDP;Taxa_från_edp:276;SBOSTAD;;Okänd;;Abonnemang;;;;;;ÅRPR;1.00;spillvatten bostad sbostad | spillvatten bostad | årpr | fast avgift spillvatten | sbostad fast avgift spillvatten
RULE:EDP;Taxa_från_edp:277;SBOSTAD;;Okänd;;;;;;;;FÖRB;1.00;spillvatten bostad sbostad | spillvatten bostad | förb | förbrukningsavgift, avlopp | sbostad förbrukningsavgift, avlopp
RULE:EDP;Taxa_från_edp:278;SBOSTAD;;Okänd;;Abonnemang;;;;Flerbostadshus;;ÅRKV;1.00;spillvatten bostad sbostad | spillvatten bostad | årkv | avgift, per lägenhet | lägh sbostad lägh avgift, per lägenhet
RULE:EDP;Taxa_från_edp:279;SBOSTAD;;Okänd;;Abonnemang;;;;;;ÅRKV;1.00;spillvatten bostad sbostad | spillvatten bostad | årkv | avgift per påbörjad 150-tal m² bruttoarea | heltalsdel((btay+149)/150) sbostad heltalsdel((btay+149)/150) avgift per påbörjad 150-tal m² bruttoarea
RULE:EDP;Taxa_från_edp:280;SUANNAN;;Okänd;;Abonnemang;;;;;;ÅRPR;1.00;spillvatten uppsk. förbrukning annan fastighet suannan | spillvatten uppsk. förbrukning annan fastighet | årpr | fast avgift spillvatten | suannan fast avgift spillvatten
RULE:EDP;Taxa_från_edp:281;SUANNAN;;Okänd;;;;;;;;UPFÖ;1.00;spillvatten uppsk. förbrukning annan fastighet suannan | spillvatten uppsk. förbrukning annan fastighet | upfö | rörlig avgift, uppsk. förbrukning spillvatten | suannan rörlig avgift, uppsk. förbrukning spillvatten
RULE:EDP;Taxa_från_edp:282;SUBOSTAD;;Okänd;;Abonnemang;;;;;;ÅRPR;1.00;spillvatten uppsk. förbrukning bostad subostad | spillvatten uppsk. förbrukning bostad | årpr | fast avgift spillvatten | subostad fast avgift spillvatten
RULE:EDP;Taxa_från_edp:283;SUBOSTAD;;Okänd;;;;;;;;UPFÖ;1.00;spillvatten uppsk. förbrukning bostad subostad | spillvatten uppsk. förbrukning bostad | upfö | rörlig avgift, uppsk. förbrukning spillvatten | subostad rörlig avgift, uppsk. förbrukning spillvatten
RULE:EDP;Taxa_från_edp:284;SUBOSTAD;;Okänd;;Abonnemang;;;;Flerbostadshus;;ÅRKV;1.00;spillvatten uppsk. förbrukning bostad subostad | spillvatten uppsk. förbrukning bostad | årkv | avgift, per lägenhet | lägh subostad lägh avgift, per lägenhet
RULE:EDP;Taxa_från_edp:285;SUBOSTAD;;Okänd;;Abonnemang;;;;;;ÅRKV;1.00;spillvatten uppsk. förbrukning bostad subostad | spillvatten uppsk. förbrukning bostad | årkv | avgift per påbörjad 150-tal m² bruttoarea | btay subostad btay avgift per påbörjad 150-tal m² bruttoarea
RULE:EDP;Taxa_från_edp:286;TRÄDGÅRD;;Okänd;;Abonnemang;;;;;;KVAN;1.00;trädgårdsavfall, ris och stubbar till krossning trädgård | trädgårdsavfall, ris och stubbar till krossning | kvan | trädgårdsavfall, ris och stubbar till krossning | kbmö trädgård kbmö trädgårdsavfall, ris och stubbar till krossning
RULE:EDP;Taxa_från_edp:287;VANNAN;;Okänd;;Abonnemang;;;;;;ÅRPR;1.00;vatten annan fastighet vannan | vatten annan fastighet | årpr | grundavgift va | vannan grundavgift va
RULE:EDP;Taxa_från_edp:288;VANNAN;;Okänd;;;;;;;;FÖRB;1.00;vatten annan fastighet vannan | vatten annan fastighet | förb | avgift per m³ levererat vatten | vannan avgift per m³ levererat vatten
RULE:EDP;Taxa_från_edp:289;VANNAN;;Okänd;;Abonnemang;;;;;;ÅRKV;1.00;vatten annan fastighet vannan | vatten annan fastighet | årkv | bostadsenhetsavgift | lägh vannan lägh bostadsenhetsavgift
RULE:EDP;Taxa_från_edp:290;VANNAN;;Okänd;;Abonnemang;;;;;;ÅRKV;1.00;vatten annan fastighet vannan | vatten annan fastighet | årkv | avgift per påbörjad 150-tal m² bruttoarea | heltalsdel((btay+149)/150) vannan heltalsdel((btay+149)/150) avgift per påbörjad 150-tal m² bruttoarea
RULE:EDP;Taxa_från_edp:291;VBOSTAD;;Okänd;;Abonnemang;;;;;;ÅRPR;1.00;vatten bostad vbostad | vatten bostad | årpr | grundavgift va | vbostad grundavgift va
RULE:EDP;Taxa_från_edp:292;VBOSTAD;;Okänd;;;;;;;;FÖRB;1.00;vatten bostad vbostad | vatten bostad | förb | avgift per m³ levererat vatten | vbostad avgift per m³ levererat vatten
RULE:EDP;Taxa_från_edp:293;VBOSTAD;;Okänd;;Abonnemang;;;;;;ÅRKV;1.00;vatten bostad vbostad | vatten bostad | årkv | bostadsenhetsavgift | lägh vbostad lägh bostadsenhetsavgift
RULE:EDP;Taxa_från_edp:294;VBOSTAD;;Okänd;;Abonnemang;;;;;;ÅRKV;1.00;vatten bostad vbostad | vatten bostad | årkv | bostadsenhetsavgift per påbörjad 150-tal m² bruttoarea | heltalsdel((btay+149)/150) vbostad heltalsdel((btay+149)/150) bostadsenhetsavgift per påbörjad 150-tal m² bruttoarea
RULE:EDP;Taxa_från_edp:295;VFÖRB;;Okänd;;;;;;;;FÖRB;1.00;endast förbrukning vatten vförb | endast förbrukning vatten | förb | avgift per m³ levererat vatten | vförb avgift per m³ levererat vatten
RULE:EDP;Taxa_från_edp:296;VIKTMAT;;Okänd;Matavfall;;Kärl;240;;;Behållarvolym;KVAN;1.00;240l tvåfackskärl, viktavgift matavfall viktmat | 240l tvåfackskärl, viktavgift matavfall | kvan | viktavgift matavfall | vikg, max60 viktmat vikg, max60 viktavgift matavfall
RULE:EDP;Taxa_från_edp:297;VIKTMAT;;Okänd;Matavfall;;Kärl;240;;;Behållarvolym;KVAN;1.00;240l tvåfackskärl, viktavgift matavfall viktmat | 240l tvåfackskärl, viktavgift matavfall | kvan | överviktsavgift för vikt över 60 kg, matavfall | vikg-60, min0 viktmat vikg-60, min0 överviktsavgift för vikt över 60 kg, matavfall
RULE:EDP;Taxa_från_edp:298;VIKTMATMB;;Okänd;Matavfall;Abonnemang;;;;;;KVAN;1.00;markbehållare, viktavgift matavfall viktmatmb | markbehållare, viktavgift matavfall | kvan | viktavgift matavfall | vikg viktmatmb vikg viktavgift matavfall
RULE:EDP;Taxa_från_edp:299;VIKTMATUJ;;Okänd;Matavfall;Abonnemang;;;;;;KVAN;1.00;underjordsbehållare, viktavgift matavfall viktmatuj | underjordsbehållare, viktavgift matavfall | kvan | viktavgift matavfall | vikg viktmatuj vikg viktavgift matavfall
RULE:EDP;Taxa_från_edp:300;VIKTOSPEC;;Okänd;;;Kärl;240;;;Behållarvolym;KVAN;1.00;240l tvåfackskärl, viktavgift osorterat avfall viktospec | 240l tvåfackskärl, viktavgift osorterat avfall | kvan | viktavgift avfall reducerad taxa vid 1 lyft | vikg, max60 viktospec vikg, max60 viktavgift avfall reducerad taxa vid 1 lyft
RULE:EDP;Taxa_från_edp:301;VIKTOSPEC;;Okänd;;;Kärl;240;;;Behållarvolym;KVAN;1.00;240l tvåfackskärl, viktavgift osorterat avfall viktospec | 240l tvåfackskärl, viktavgift osorterat avfall | kvan | överviktsavgift för vikt över 80 kg, ospecifiserat avfall | vikg-60, min0 viktospec vikg-60, min0 överviktsavgift för vikt över 80 kg, ospecifiserat avfall
RULE:EDP;Taxa_från_edp:302;VIKTREST;;Okänd;Restavfall;;Kärl;240;;;Behållarvolym;KVAN;1.00;240l tvåfackskärl, viktavgift restavfall viktrest | 240l tvåfackskärl, viktavgift restavfall | kvan | viktavgift restavfall | vikg, max60 viktrest vikg, max60 viktavgift restavfall
RULE:EDP;Taxa_från_edp:303;VIKTREST;;Okänd;Restavfall;;Kärl;240;;;Behållarvolym;KVAN;1.00;240l tvåfackskärl, viktavgift restavfall viktrest | 240l tvåfackskärl, viktavgift restavfall | kvan | överviktsavgift för vikt över 60 kg, restavfall | vikg-60, min0 viktrest vikg-60, min0 överviktsavgift för vikt över 60 kg, restavfall
RULE:EDP;Taxa_från_edp:304;VIKTRESTMB;;Okänd;Restavfall;Abonnemang;;;;;;KVAN;1.00;markbehållare, viktavgift restavfall viktrestmb | markbehållare, viktavgift restavfall | kvan | viktavgift restavfall | vikg viktrestmb vikg viktavgift restavfall
RULE:EDP;Taxa_från_edp:305;VSANNAN;;Okänd;;Abonnemang;;;;;;ÅRPR;1.00;vatten/spillvatten annan fastighet vsannan | vatten/spillvatten annan fastighet | årpr | fast avgift vatten/spillvatten | vsannan fast avgift vatten/spillvatten
RULE:EDP;Taxa_från_edp:306;VSANNAN;;Okänd;;;;;;;;FÖRB;1.00;vatten/spillvatten annan fastighet vsannan | vatten/spillvatten annan fastighet | förb | rörlig avgift, förbrukning per m³ | vsannan rörlig avgift, förbrukning per m³
RULE:EDP;Taxa_från_edp:307;VSANNAN;;Okänd;;Abonnemang;;;;;;ÅRKV;1.00;vatten/spillvatten annan fastighet vsannan | vatten/spillvatten annan fastighet | årkv | bostadsenhetsavgift va | lägh vsannan lägh bostadsenhetsavgift va
RULE:EDP;Taxa_från_edp:308;VSANNAN;;Okänd;;Abonnemang;;;;;;ÅRKV;1.00;vatten/spillvatten annan fastighet vsannan | vatten/spillvatten annan fastighet | årkv | avgift per påbörjad 150-tal m² bruttoarea | heltalsdel((btay+149)/150) vsannan heltalsdel((btay+149)/150) avgift per påbörjad 150-tal m² bruttoarea
RULE:EDP;Taxa_från_edp:309;VSAVSTÄNGT;;Okänd;;Abonnemang;;;;;;ÅRPR;1.00;vatten/spillvatten avstängt 0 förbrukning vsavstängt | vatten/spillvatten avstängt 0 förbrukning | årpr | grundavgift + bostadsenhetsavgift va | vsavstängt grundavgift + bostadsenhetsavgift va
RULE:EDP;Taxa_från_edp:310;VSBOSTAD;;Okänd;;Abonnemang;;;;;;ÅRPR;1.00;vatten/spillvatten bostad vsbostad | vatten/spillvatten bostad | årpr | grundavgift va | vsbostad grundavgift va
RULE:EDP;Taxa_från_edp:311;VSBOSTAD;;Okänd;;;;;;;;FÖRB;1.00;vatten/spillvatten bostad vsbostad | vatten/spillvatten bostad | förb | rörlig avgift, förbrukning per m³ | vsbostad rörlig avgift, förbrukning per m³
RULE:EDP;Taxa_från_edp:312;VSBOSTAD;;Okänd;;Abonnemang;;;;;;ÅRKV;1.00;vatten/spillvatten bostad vsbostad | vatten/spillvatten bostad | årkv | bostadsenhetsavgift va | lägh vsbostad lägh bostadsenhetsavgift va
RULE:EDP;Taxa_från_edp:313;VSBOSTAD;;Okänd;;Abonnemang;;;;;;ÅRKV;1.00;vatten/spillvatten bostad vsbostad | vatten/spillvatten bostad | årkv | bostadsenhetsavgift per påbörjad 150-tal m² bruttoarea | heltalsdel((btay+149)/150) vsbostad heltalsdel((btay+149)/150) bostadsenhetsavgift per påbörjad 150-tal m² bruttoarea
RULE:EDP;Taxa_från_edp:314;VSFÖRB;;Okänd;;;;;;;;FÖRB;1.00;endast förbrukning vatten/spillvatten vsförb | endast förbrukning vatten/spillvatten | förb | endast förbrukning vatten/spillvatten | vsförb endast förbrukning vatten/spillvatten
RULE:EDP;Taxa_från_edp:315;VSUANNAN;;Okänd;;Abonnemang;;;;;;ÅRPR;1.00;vatten/spillvatten uppsk. förbrukning annan fastighet vsuannan | vatten/spillvatten uppsk. förbrukning annan fastighet | årpr | grundavgift + bostadsenhetsavgift va | vsuannan grundavgift + bostadsenhetsavgift va
RULE:EDP;Taxa_från_edp:316;VSUANNAN;;Okänd;;;;;;;;UPFÖ;1.00;vatten/spillvatten uppsk. förbrukning annan fastighet vsuannan | vatten/spillvatten uppsk. förbrukning annan fastighet | upfö | rörlig avgift, uppsk. förbrukning per m³ | vsuannan rörlig avgift, uppsk. förbrukning per m³
RULE:EDP;Taxa_från_edp:317;VSUBOSTAD;;Okänd;;Abonnemang;;;;;;ÅRPR;1.00;vatten/spillvatten uppsk. förbrukning bostad vsubostad | vatten/spillvatten uppsk. förbrukning bostad | årpr | grundavgift va | vsubostad grundavgift va
RULE:EDP;Taxa_från_edp:318;VSUBOSTAD;;Okänd;;;;;;;;UPFÖ;1.00;vatten/spillvatten uppsk. förbrukning bostad vsubostad | vatten/spillvatten uppsk. förbrukning bostad | upfö | rörlig avgift, uppsk. förbrukning per m³ | vsubostad rörlig avgift, uppsk. förbrukning per m³
RULE:EDP;Taxa_från_edp:319;VSUBOSTAD;;Okänd;;Abonnemang;;;;;;ÅRKV;1.00;vatten/spillvatten uppsk. förbrukning bostad vsubostad | vatten/spillvatten uppsk. förbrukning bostad | årkv | bostadsenhetsavgift va | lägh vsubostad lägh bostadsenhetsavgift va
RULE:EDP;Taxa_från_edp:320;VSUBOSTAD;;Okänd;;Abonnemang;;;;;;ÅRKV;1.00;vatten/spillvatten uppsk. förbrukning bostad vsubostad | vatten/spillvatten uppsk. förbrukning bostad | årkv | bostadsenhetsavgift, per påbörjad 150-tal m² bruttoarea | heltalsdel((btay+149)/150) vsubostad heltalsdel((btay+149)/150) bostadsenhetsavgift, per påbörjad 150-tal m² bruttoarea
RULE:EDP;Taxa_från_edp:321;VSUFRI;;Okänd;;Abonnemang;;;;Fritidshus;;ÅRPR;1.00;vatten och spillvatten utan mätning fritidshus vsufri | vatten och spillvatten utan mätning fritidshus | årpr | grundavgift va | vsufri grundavgift va
RULE:EDP;Taxa_från_edp:322;VSUFRI;;Okänd;;;;;;Fritidshus;;UPFÖ;1.00;vatten och spillvatten utan mätning fritidshus vsufri | vatten och spillvatten utan mätning fritidshus | upfö | rörlig avgift uppskattad förbrukning per m³ | vsufri rörlig avgift uppskattad förbrukning per m³
RULE:EDP;Taxa_från_edp:323;VSUFRI;;Okänd;;Abonnemang;;;;Fritidshus;;ÅRKV;1.00;vatten och spillvatten utan mätning fritidshus vsufri | vatten och spillvatten utan mätning fritidshus | årkv | bostadsenhetsavgift per bostadsenhet va | lägh vsufri lägh bostadsenhetsavgift per bostadsenhet va
RULE:EDP;Taxa_från_edp:324;VSUFRI;;Okänd;;Abonnemang;;;;Fritidshus;;ÅRKV;1.00;vatten och spillvatten utan mätning fritidshus vsufri | vatten och spillvatten utan mätning fritidshus | årkv | avgift per påbörjad 150-tal m² bruttoarea | heltalsdel((btay+149)/150) vsufri heltalsdel((btay+149)/150) avgift per påbörjad 150-tal m² bruttoarea
RULE:EDP;Taxa_från_edp:325;VUANNAN;;Okänd;;Abonnemang;;;;;;ÅRPR;1.00;vatten uppsk. förbrukning annan fastighet vuannan | vatten uppsk. förbrukning annan fastighet | årpr | grundavgift va och bostadsenhetsavgift | vuannan grundavgift va och bostadsenhetsavgift
RULE:EDP;Taxa_från_edp:326;VUANNAN;;Okänd;;;;;;;;UPFÖ;1.00;vatten uppsk. förbrukning annan fastighet vuannan | vatten uppsk. förbrukning annan fastighet | upfö | rörlig avgift, uppsk. förbrukning per m³ | vuannan rörlig avgift, uppsk. förbrukning per m³
RULE:EDP;Taxa_från_edp:327;VUBOSTAD;;Okänd;;Abonnemang;;;;;;ÅRPR;1.00;vatten uppsk. förbrukning bostad vubostad | vatten uppsk. förbrukning bostad | årpr | grundavgift va | vubostad grundavgift va
RULE:EDP;Taxa_från_edp:328;VUBOSTAD;;Okänd;;;;;;;;UPFÖ;1.00;vatten uppsk. förbrukning bostad vubostad | vatten uppsk. förbrukning bostad | upfö | rörlig avgift, uppsk. förbrukning per m³ | vubostad rörlig avgift, uppsk. förbrukning per m³
RULE:EDP;Taxa_från_edp:329;VUBOSTAD;;Okänd;;Abonnemang;;;;;;ÅRKV;1.00;vatten uppsk. förbrukning bostad vubostad | vatten uppsk. förbrukning bostad | årkv | bostadsenhetsavgift | lägh vubostad lägh bostadsenhetsavgift
RULE:EDP;Taxa_från_edp:330;VUBOSTAD;;Okänd;;Abonnemang;;;;;;ÅRKV;1.00;vatten uppsk. förbrukning bostad vubostad | vatten uppsk. förbrukning bostad | årkv | bostadsenhetsavgift, per påbörjad 150 m² bta | heltalsdel((btay+149)/150) vubostad heltalsdel((btay+149)/150) bostadsenhetsavgift, per påbörjad 150 m² bta
RULE:EDP;Taxa_från_edp:331;VUFRI;;Okänd;;Abonnemang;;;;Fritidshus;;ÅRPR;1.00;vatten utan mätare fritidshus vufri | vatten utan mätare fritidshus | årpr | grundavgift + bostadsenhetsavgift va | vufri grundavgift + bostadsenhetsavgift va
RULE:EDP;Taxa_från_edp:332;VUFRI;;Okänd;;Abonnemang;;;;Fritidshus;;UPFÖ;1.00;vatten utan mätare fritidshus vufri | vatten utan mätare fritidshus | upfö | rörlig avgift, uppsk. förbrukning per m³ | vufri rörlig avgift, uppsk. förbrukning per m³
RULE:EDP;Taxa_från_edp:333;AVSLUTA_TJÄNST;;Okänd;;;;;;;;KVAN;1.00;dummy för avslut av tjänst via order avsluta_tjänst | dummy för avslut av tjänst via order | kvan | avslut av tjänst | 0 avsluta_tjänst 0 avslut av tjänst
RULE:EDP;Taxa_från_edp:334;BRN69LORDDEL;;Slam;Slam;Abonnemang;Brunn;;;;;ÅRKV;1.00;brunn 6, 1-9 m³, slam. ordinarie tur brn69lorddel | brunn 6, 1-9 m³, slam. ordinarie tur | årkv | brunn 6, 1-9 m³, slam. ordinarie tur | 0 brn69lorddel 0 brunn 6, 1-9 m³, slam. ordinarie tur
RULE:EDP;Taxa_från_edp:335;Miljövagn;;Okänd;Metall;Abonnemang;;;;;;ÅRKV;1.00;miljövagn, papper plast tidning metall glasof glasf miljövagn | miljövagn, papper plast tidning metall glasof glasf | årkv | miljövagn | 0 miljövagn 0 miljövagn
RULE:EDP;Taxa_från_edp:336;REGLRESTBELOPP;;Okänd;;Abonnemang;;;;;;KVAN;1.00;reglering restbelopp tidigare faktura reglrestbelopp | reglering restbelopp tidigare faktura | kvan | reglering restbelopp tidigare faktura | antl reglrestbelopp antl reglering restbelopp tidigare faktura
RULE:EDP;Taxa_från_edp:337;SMS Avvik;;Okänd;;Abonnemang;;;;;;ÅRKV;1.00;sms sms avvik | sms | årkv | sms till kund | antl sms avvik antl sms till kund
RULE:EDP;Taxa_från_edp:338;TEST240FFG13;;Okänd;;Abonnemang;Kärl;240;;;;ÅRKV;1.00;240 kärl/4:e vecka 2-delat kärl färgat o ofärgat glas test test240ffg13 | 240 kärl/4:e vecka 2-delat kärl färgat o ofärgat glas test | årkv | 240 l kärl/4 vecka test glas färgat ofärgat | antb test240ffg13 antb 240 l kärl/4 vecka test glas färgat ofärgat
RULE:EDP;Taxa_från_edp:339;TEST240FFG13;;Okänd;;;Kärl;240;;;;KVAN;1.00;240 kärl/4:e vecka 2-delat kärl färgat o ofärgat glas test test240ffg13 | 240 kärl/4:e vecka 2-delat kärl färgat o ofärgat glas test | kvan | 240 l kärl-viktavgift färgat och ofärgat test | vikg test240ffg13 vikg 240 l kärl-viktavgift färgat och ofärgat test
RULE:EDP;Taxa_från_edp:340;TEST240METE13;;Okänd;;Abonnemang;Kärl;;;;;ÅRKV;1.00;240 kärl/4 vecka 2-delat metallförp textil test test240mete13 | 240 kärl/4 vecka 2-delat metallförp textil test | årkv | 240 kärl/4 test metallförp textil | antb test240mete13 antb 240 kärl/4 test metallförp textil
RULE:EDP;Taxa_från_edp:341;TEST240METE13;;Okänd;;;Kärl;240;;;;KVAN;1.00;240 kärl/4 vecka 2-delat metallförp textil test test240mete13 | 240 kärl/4 vecka 2-delat metallförp textil test | kvan | 240 l kärl viktavg metallförp textil test | vikg test240mete13 vikg 240 l kärl viktavg metallförp textil test
RULE:EDP;Taxa_från_edp:342;TEST370VV;;Okänd;Plast;Abonnemang;Kärl;;;;;ÅRKV;1.00;370 i kärl/14 dgr 2-delat kärl papper o plast test370vv | 370 i kärl/14 dgr 2-delat kärl papper o plast | årkv | 370 i kärl/14 dgr test papper plast | antb test370vv antb 370 i kärl/14 dgr test papper plast
RULE:EDP;Taxa_från_edp:343;TEST370VV;;Okänd;Plast;;Kärl;;;;;KVAN;1.00;370 i kärl/14 dgr 2-delat kärl papper o plast test370vv | 370 i kärl/14 dgr 2-delat kärl papper o plast | kvan | 370 i kärl-viktavgift papper och plast test | vikg test370vv vikg 370 i kärl-viktavgift papper och plast test
RULE:EDP;Taxa_från_edp:344;VS0;;Okänd;;;;;;;;KVAN;1.00;dummytaxa för tjänst vs0 | dummytaxa för tjänst | kvan | dummytaxa för tjänst | vs0 dummytaxa för tjänst
RULE:EDP;Taxa_från_edp:345;VSKORR;;Okänd;;;;;;;;KVAN;1.00;korrigering av händelse, konto och pris sätts manuellt vskorr | korrigering av händelse, konto och pris sätts manuellt | kvan | korrigering av händelse, konto och pris sätts manuellt | vskorr korrigering av händelse, konto och pris sätts manuellt
RULE:EDP;Taxa_från_edp:346;ÅBEHGF;;Okänd;;Abonnemang;;;;;;KVAN;1.00;åvs behandling glasförpackningar, färgade åbehgf | åvs behandling glasförpackningar, färgade | kvan | åvs behandling glasförpackningar, färgade | vikg åbehgf vikg åvs behandling glasförpackningar, färgade
RULE:EDP;Taxa_från_edp:347;ÅBEHGO;;Okänd;;Abonnemang;;;;;;KVAN;1.00;åvs behandling glasförpackningar, ofärgade åbehgo | åvs behandling glasförpackningar, ofärgade | kvan | åvs behandling glasförpackningar, ofärgade | vikg åbehgo vikg åvs behandling glasförpackningar, ofärgade
RULE:EDP;Taxa_från_edp:348;ÅBEHMA;;Okänd;Matavfall;Mottagning/behandling;;;;;;KVAN;1.00;åvs behandling matavfall åbehma | åvs behandling matavfall | kvan | åvs behandling matavfall | vikg åbehma vikg åvs behandling matavfall
RULE:EDP;Taxa_från_edp:349;ÅBEHME;;Okänd;;Abonnemang;;;;;;KVAN;1.00;åvs behandling metallförpackningar åbehme | åvs behandling metallförpackningar | kvan | åvs behandling metallförpackningar | vikg åbehme vikg åvs behandling metallförpackningar
RULE:EDP;Taxa_från_edp:350;ÅBEHPA;;Okänd;;Abonnemang;;;;;;KVAN;1.00;åvs behandling pappersförpackningar åbehpa | åvs behandling pappersförpackningar | kvan | åvs behandling pappersförpackningar | vikg åbehpa vikg åvs behandling pappersförpackningar
RULE:EDP;Taxa_från_edp:351;ÅBEHPL;;Okänd;;Abonnemang;;;;;;KVAN;1.00;åvs behandling plastförpackningar åbehpl | åvs behandling plastförpackningar | kvan | åvs behandling plastförpackningar | vikg åbehpl vikg åvs behandling plastförpackningar
RULE:EDP;Taxa_från_edp:352;ÅBEHREST;;Okänd;Restavfall;Mottagning/behandling;;;;;;KVAN;1.00;åvs behandling restavfall åbehrest | åvs behandling restavfall | kvan | åvs behandling restavfall | vikg åbehrest vikg åvs behandling restavfall
RULE:EDP;Taxa_från_edp:353;ÅBEHTI;;Okänd;;Abonnemang;;;;;;KVAN;1.00;åvs behandling tidningar åbehti | åvs behandling tidningar | kvan | åvs behandling tidningar | vikg åbehti vikg åvs behandling tidningar
RULE:EDP;Taxa_från_edp:354;ÅSVME;;Okänd;;Abonnemang;;;;;;ÅRKV;1.00;åvs metallförpackningar. tjänsttaxa åsvme | åvs metallförpackningar. tjänsttaxa | årkv | åvs metallförpackningar. tjänsttaxa | 0 åsvme 0 åvs metallförpackningar. tjänsttaxa
RULE:EDP;Taxa_från_edp:355;ÅTÖMGF;;Okänd;;Hämtning/tömning;;;;;;KVAN;1.00;åvs tömning, glasförpackningar, färgade åtömgf | åvs tömning, glasförpackningar, färgade | kvan | åvs tömning, glasförpackningar, färgade | antb åtömgf antb åvs tömning, glasförpackningar, färgade
RULE:EDP;Taxa_från_edp:356;ÅTÖMGO;;Okänd;;Hämtning/tömning;;;;;;KVAN;1.00;åvs tömning glasförpackningar, ofärgade åtömgo | åvs tömning glasförpackningar, ofärgade | kvan | åvs tömning glasförpackningar, ofärgade | antb åtömgo antb åvs tömning glasförpackningar, ofärgade
RULE:EDP;Taxa_från_edp:357;ÅTÖMMA;;Okänd;Matavfall;Hämtning/tömning;;;;;;KVAN;1.00;åvs tömning matavfall åtömma | åvs tömning matavfall | kvan | åvs tömning matavfall | antb åtömma antb åvs tömning matavfall
RULE:EDP;Taxa_från_edp:358;ÅTÖMME;;Okänd;;Hämtning/tömning;;;;;;KVAN;1.00;åvs tömning metallförpackningar åtömme | åvs tömning metallförpackningar | kvan | åvs tömning metallförpackningar | antb åtömme antb åvs tömning metallförpackningar
RULE:EDP;Taxa_från_edp:359;ÅTÖMPA;;Okänd;;Hämtning/tömning;;;;;;KVAN;1.00;åvs tömning pappersförpackningar åtömpa | åvs tömning pappersförpackningar | kvan | åvs tömning pappersförpackningar | antb åtömpa antb åvs tömning pappersförpackningar
RULE:EDP;Taxa_från_edp:360;ÅTÖMPL;;Okänd;;Hämtning/tömning;;;;;;KVAN;1.00;åvs tömning plastförpackningar åtömpl | åvs tömning plastförpackningar | kvan | åvs tömning plastförpackningar | antb åtömpl antb åvs tömning plastförpackningar
RULE:EDP;Taxa_från_edp:361;ÅTÖMREST;;Okänd;Restavfall;Hämtning/tömning;;;;;;KVAN;1.00;åvs tömning restavfall åtömrest | åvs tömning restavfall | kvan | åvs tömning restavfall | antb åtömrest antb åvs tömning restavfall
RULE:EDP;Taxa_från_edp:362;ÅTÖMTI;;Okänd;;Hämtning/tömning;;;;;;KVAN;1.00;åvs tömning tidningar åtömti | åvs tömning tidningar | kvan | åvs tömning tidningar | antb åtömti antb åvs tömning tidningar
RULE:EDP;Taxa_från_edp:363;ÅVSFYLL;;Okänd;;;;;;;;KVAN;1.00;fyllnadsgrad åvsfyll | fyllnadsgrad | kvan | fyllnadsgrad | fyll åvsfyll fyll fyllnadsgrad
RULE:EDP;Taxa_från_edp:364;ÅVSGF;;Okänd;;Abonnemang;;;;;;ÅRKV;1.00;åvs, glasförpackningar, färgade, tjänsttaxa åvsgf | åvs, glasförpackningar, färgade, tjänsttaxa | årkv | åvs, glasförpackningar, färgade, tjänsttaxa | 0 åvsgf 0 åvs, glasförpackningar, färgade, tjänsttaxa
RULE:EDP;Taxa_från_edp:365;ÅVSGO;;Okänd;;Abonnemang;;;;;;ÅRKV;1.00;åvs glasförpackningar, ofärgade. tjänsttaxa åvsgo | åvs glasförpackningar, ofärgade. tjänsttaxa | årkv | åvs glasförpackningar, ofärgade. tjänsttaxa | 0 åvsgo 0 åvs glasförpackningar, ofärgade. tjänsttaxa
RULE:EDP;Taxa_från_edp:366;ÅVSMAT;;Okänd;Matavfall;Abonnemang;;;;;;ÅRKV;1.00;åvs matavfall. tjänsttaxa åvsmat | åvs matavfall. tjänsttaxa | årkv | åvs matavfall. tjänsttaxa | 0 åvsmat 0 åvs matavfall. tjänsttaxa
RULE:EDP;Taxa_från_edp:367;ÅVSME;;Okänd;;Abonnemang;;;;;;ÅRKV;1.00;åvs metallförpackningar. tjänsttaxa åvsme | åvs metallförpackningar. tjänsttaxa | årkv | åvs metallförpackningar. tjänsttaxa | 0 åvsme 0 åvs metallförpackningar. tjänsttaxa
RULE:EDP;Taxa_från_edp:368;ÅVSPA;;Okänd;;Abonnemang;;;;;;ÅRKV;1.00;åvs pappersförpackningar. tjänsttaxa åvspa | åvs pappersförpackningar. tjänsttaxa | årkv | åvs pappersförpackningar. tjänsttaxa | 0 åvspa 0 åvs pappersförpackningar. tjänsttaxa
RULE:EDP;Taxa_från_edp:369;ÅVSPL;;Okänd;;Abonnemang;;;;;;ÅRKV;1.00;åvs plastförpackningar. tjänsttaxa åvspl | åvs plastförpackningar. tjänsttaxa | årkv | åvs plastförpackningar. tjänsttaxa | 0 åvspl 0 åvs plastförpackningar. tjänsttaxa
RULE:EDP;Taxa_från_edp:370;ÅVSREST;;Okänd;Restavfall;Abonnemang;;;;;;ÅRKV;1.00;åvs restavfall. tjänsttaxa åvsrest | åvs restavfall. tjänsttaxa | årkv | åvs restavfall. tjänsttaxa | 0 åvsrest 0 åvs restavfall. tjänsttaxa
RULE:EDP;Taxa_från_edp:371;ÅVSTI;;Okänd;;Abonnemang;;;;;;ÅRKV;1.00;åvs tidningar. tjänsttaxa åvsti | åvs tidningar. tjänsttaxa | årkv | åvs tidningar. tjänsttaxa | 0 åvsti 0 åvs tidningar. tjänsttaxa
RULE:DOCUMENTATION;Taxa_till_edp:1;;;;;Hämtning/tömning;;;;;;;0.50;intrecnum | strtaxekod | strtaxebenamning | strprodukt | strdelprodukt | bytdelradnr | strfaktor | strtaxedelavser | strentreprenorkod | strrenhdistrkod | curnuvarandepris | datnuvarandeprisdatum | bolprispertomning | stravvikandeformel | bolpriserinklmoms | bytmomskod | strformel
RULE:DOCUMENTATION;Taxa_Saknas:1;;;;;Hämtning/tömning;;;;;;;0.50;källparagraf | källpunkt | rad i taxepunkter | wordtext | status | matchmetod | föreslagentaxekod | intrecnum | taxepunkt | strtaxekod | strtaxebenamning | strprodukt | strdelprodukt | bytdelradnr | strfaktor | strtaxedelavser | strentreprenorkod | strrenhdistrkod | curnuvarandepris | datnuvarandeprisdatum | bolprispertomning | stravvikandeformel | bolpriserinklmoms | bytmomskod | strformel
RULE:DOCUMENTATION;Taxa_Saknas:2;;;;;Abonnemang;;;;Flerbostadshus;;;0.50;§2.1 | 5 | 11 | lägenhet för specialändamål | saknas i edp-föreslagen ny taxa | kodförslag baserat på prefix/suffixoch text i taxepunkter | grundspec | 11 | grundavgift/lägenhet för specialändamål | grundspec | lägenhet för specialändamål | renh | hush | 1 | årkv | lägenhet för specialändamål | 0 |-| 1 | antb
RULE:DOCUMENTATION;Taxa_Saknas:3;;;;;Abonnemang;;;;;;;0.50;§2.1 | 6 | 12 | anläggning | saknas i edp-föreslagen ny taxa | kodförslag baserat på prefix/suffixoch text i taxepunkter | grundanl | 12 | grundavgift/anläggning | grundanl | anläggning | renh | hush | 1 | årkv | anläggning | 0 |-| 1 | antb
RULE:DOCUMENTATION;Taxa_Saknas:4;;;;;Abonnemang;;;;;;;0.50;§2.1 | 7 | 13 | säsongsbaserad uppställningsplats | saknas i edp-föreslagen ny taxa | kodförslag baserat på prefix/suffixoch text i taxepunkter | grundsäs | 13 | grundavgift/säsongsbaserad uppställningsplats | grundsäs | säsongsbaserad uppställningsplats | renh | hush | 1 | årkv | säsongsbaserad uppställningsplats | 0 |-| 1 | antb
RULE:DOCUMENTATION;Taxa_Saknas:5;;;;;Abonnemang;;;;Flerbostadshus;;;0.50;§2.1 | 8 | 14 | campingstuga/-lägenhet | saknas i edp-föreslagen ny taxa | kodförslag baserat på prefix/suffixoch text i taxepunkter | grundcamp | 14 | grundavgift/campingstuga/-lägenhet | grundcamp | campingstuga/-lägenhet | renh | hush | 1 | årkv | campingstuga/-lägenhet | 0 |-| 1 | antb
RULE:DOCUMENTATION;Taxa_Saknas:6;;;;;Hämtning/tömning;;;;;;;0.50;§2.1 | 9 | 15 | administrativ avgift vid beviljad dispens om uppehåll i hämtning eller eget omhändertagande av avfall under kommunalt ansvar | saknas i edp-föreslagen ny taxa | kodförslag baserat på prefix/suffixoch text i taxepunkter | admindisp | 15 | grundavgift/administrativ avgift vid beviljad dispens om uppehåll i hämtning eller eget omhändertagande av avfall under kommunalt ansvar | admindisp | administrativ avgift vid beviljad dispens om uppehåll i hämtning eller eget omhändertagande av avfall under kommunalt ansvar | renh | hush | 1 | årkv | administrativ avgift vid beviljad dispens om uppehåll i hämtning eller eget omhändertagande av avfall under kommunalt ansvar | 0 |-| 1 | antb
RULE:DOCUMENTATION;Taxa_Saknas:7;;;;;Hämtning/tömning;Kärl;240;;;;;0.50;§2.2.1 | 11 | 19 | kärl 240 l (mat-/restavfall) hämtning månadsvis | saknas i edp-föreslagen ny taxa | kodförslag baserat på prefix/suffixoch text i taxepunkter | kä240rm12 | 19 | hämtningsavgift per år för en-och tvåbostadshus/kärl 240 l (mat-/restavfall) | kä240rm12 | kärl 240 l (mat-/restavfall). hämtning månadsvis | renh | hush | 1 | årkv | kärl 240 l (mat-/restavfall) hämtning månadsvis | 0 |-| 1 | antb
RULE:DOCUMENTATION;Taxa_Saknas:8;;;;;Extra;Kärl;190;;;;;0.50;§2.2.1 | 13 | 21 | extrakärl 190 l (restavfall) hämtning månadsvis | saknas i edp-föreslagen ny taxa | kodförslag baserat på prefix/suffixoch text i taxepunkter | kä190xrm12 | 21 | hämtningsavgift per år för en-och tvåbostadshus/extrakärl 190 l (restavfall) | kä190xrm12 | extrakärl 190 l (restavfall). hämtning månadsvis | renh | hush | 1 | årkv | extrakärl 190 l (restavfall) hämtning månadsvis | 0 |-| 1 | antb
RULE:DOCUMENTATION;Taxa_Saknas:9;;;;;Hämtning/tömning;Kärl;240;;Fritidshus;;;0.50;§2.2.2 | 15 | 26 | kärl 240 l (mat-/restavfall) hämtning månadsvis | saknas i edp-föreslagen ny taxa | kodförslag baserat på prefix/suffixoch text i taxepunkter | kä240rm12fri | 26 | hämtningsavgift per år för fritidshus/kärl 240 l (mat-/restavfall) | kä240rm12fri | kärl 240 l (mat-/restavfall). hämtning månadsvis | renh | hush | 1 | årkv | kärl 240 l (mat-/restavfall) hämtning månadsvis | 0 |-| 1 | antb
RULE:DOCUMENTATION;Taxa_Saknas:10;;;;;Extra;Kärl;190;;Fritidshus;;;0.50;§2.2.2 | 16 | 27 | extrakärl 190 l (restavfall) hämtning var 14:e dag | saknas i edp-föreslagen ny taxa | kodförslag baserat på prefix/suffixoch text i taxepunkter | kä190xrm26fri | 27 | hämtningsavgift per år för fritidshus/extrakärl 190 l (restavfall) | kä190xrm26fri | extrakärl 190 l (restavfall). hämtning var 14:e dag | renh | hush | 1 | årkv | extrakärl 190 l (restavfall) hämtning var 14:e dag | 0 |-| 1 | antb
RULE:DOCUMENTATION;Taxa_Saknas:11;;;;;Extra;Kärl;190;;Fritidshus;;;0.50;§2.2.2 | 17 | 28 | extrakärl 190 l (restavfall) hämtning månadsvis | saknas i edp-föreslagen ny taxa | kodförslag baserat på prefix/suffixoch text i taxepunkter | kä190xrm12fri | 28 | hämtningsavgift per år för fritidshus/extrakärl 190 l (restavfall) | kä190xrm12fri | extrakärl 190 l (restavfall). hämtning månadsvis | renh | hush | 1 | årkv | extrakärl 190 l (restavfall) hämtning månadsvis | 0 |-| 1 | antb
RULE:DOCUMENTATION;Taxa_Saknas:12;;;;;Hämtning/tömning;;;;;;;0.50;§2.2.3 | 18 | 32 | gemensam uppsamlingsplats för mat-/restavfall | saknas i edp-föreslagen ny taxa | kodförslag baserat på prefix/suffixoch text i taxepunkter | gemuppmr | 32 | gemensam uppsamlingsplats inom hämtningsområdex/gemensam uppsamlingsplats för mat-/restavfall | gemuppmr | gemensam uppsamlingsplats för mat-/restavfall | renh | hush | 1 | årkv | gemensam uppsamlingsplats för mat-/restavfall | 0 |-| 1 | antb
RULE:DOCUMENTATION;Taxa_Saknas:13;;;;;Extra;;;;;;;0.50;§2.2.3 | 19 | 34 | extra digital licens (årskostnad) | saknas i edp-föreslagen ny taxa | kodförslag baserat på prefix/suffixoch text i taxepunkter | gemuppextra | 34 | gemensam uppsamlingsplats inom hämtningsområdex/extra digital licens (årskostnad) | gemuppextra | extra digital licens (årskostnad) | renh | hush | 1 | årkv | extra digital licens (årskostnad) | 0 |-| 1 | antb
RULE:DOCUMENTATION;Taxa_Saknas:14;;;;;Hämtning/tömning;;;;;;;0.50;§2.2.3 | 20 | 35 | fysisk nyckel, kallad fob (engångskostnad) | saknas i edp-föreslagen ny taxa | kodförslag baserat på prefix/suffixoch text i taxepunkter | gemuppfob | 35 | gemensam uppsamlingsplats inom hämtningsområdex/fysisk nyckel, kallad fob (engångskostnad) | gemuppfob | fysisk nyckel, kallad fob (engångskostnad) | renh | hush | 1 | årkv | fysisk nyckel, kallad fob (engångskostnad) | 0 |-| 1 | antb
RULE:DOCUMENTATION;Taxa_Saknas:15;;;;;Hämtning/tömning;;;;;;;0.50;§2.2.3 | 21 | 36 | byte av telefonnummer kopplat till licens | saknas i edp-föreslagen ny taxa | kodförslag baserat på prefix/suffixoch text i taxepunkter | gemuppbyte | 36 | gemensam uppsamlingsplats inom hämtningsområdex/byte av telefonnummer kopplat till licens | gemuppbyte | byte av telefonnummer kopplat till licens | renh | hush | 1 | årkv | byte av telefonnummer kopplat till licens | 0 |-| 1 | antb
RULE:DOCUMENTATION;Taxa_Saknas:16;;;;;Hämtning/tömning;;;;;;;0.50;§2.2.3 | 22 | 37 | kostnad för öppning av behållare | saknas i edp-föreslagen ny taxa | kodförslag baserat på prefix/suffixoch text i taxepunkter | gemuppöpp | 37 | gemensam uppsamlingsplats inom hämtningsområdex/kostnad för öppning av behållare | gemuppöpp | kostnad för öppning av behållare | renh | hush | 1 | årkv | kostnad för öppning av behållare | 0 |-| 1 | antb
RULE:DOCUMENTATION;Taxa_Saknas:17;;;;;Hämtning/tömning;Kärl;240;;Flerbostadshus;;;0.50;§2.2.4 | 25 | 42 | kärl 240 l (mat-/restavfall) hämtning månadsvis | saknas i edp-föreslagen ny taxa | kodförslag baserat på prefix/suffixoch text i taxepunkter | kä240rm12fv | 42 | hämtningsavgift per år för flerbostadshus/kärl 240 l (mat-/restavfall) | kä240rm12fv | kärl 240 l (mat-/restavfall). hämtning månadsvis | renh | hush | 1 | årkv | kärl 240 l (mat-/restavfall) hämtning månadsvis | 0 |-| 1 | antb
RULE:DOCUMENTATION;Taxa_Saknas:18;;;;;Hämtning/tömning;Kärl;370;;Flerbostadshus;;;0.50;§2.2.4 | 28 | 45 | kärl 370 l (restavfall) hämtning månadsvis | saknas i edp-föreslagen ny taxa | kodförslag baserat på prefix/suffixoch text i taxepunkter | kä370re12fv | 45 | hämtningsavgift per år för flerbostadshus/kärl 370 l (restavfall) | kä370re12fv | kärl 370 l (restavfall). hämtning månadsvis | renh | hush | 1 | årkv | kärl 370 l (restavfall) hämtning månadsvis | 0 |-| 1 | antb
RULE:DOCUMENTATION;Taxa_Saknas:19;;;;;Hämtning/tömning;Kärl;660;;Flerbostadshus;;;0.50;§2.2.4 | 31 | 48 | kärl 660 l (restavfall) hämtning månadsvis | saknas i edp-föreslagen ny taxa | kodförslag baserat på prefix/suffixoch text i taxepunkter | kä660re12fv | 48 | hämtningsavgift per år för flerbostadshus/kärl 660 l (restavfall) | kä660re12fv | kärl 660 l (restavfall). hämtning månadsvis | renh | hush | 1 | årkv | kärl 660 l (restavfall) hämtning månadsvis | 0 |-| 1 | antb
RULE:DOCUMENTATION;Taxa_Saknas:20;;;;;Hämtning/tömning;Kärl;140;;Flerbostadshus;;;0.50;§2.2.4 | 34 | 51 | kärl 140 l (matavfall) hämtning månadsvis | saknas i edp-föreslagen ny taxa | kodförslag baserat på prefix/suffixoch text i taxepunkter | kä140ma12fv | 51 | hämtningsavgift per år för flerbostadshus/kärl 140 l (matavfall) | kä140ma12fv | kärl 140 l (matavfall). hämtning månadsvis | renh | hush | 1 | årkv | kärl 140 l (matavfall) hämtning månadsvis | 0 |-| 1 | antb
RULE:DOCUMENTATION;Taxa_Saknas:21;;;;;Hämtning/tömning;Kärl;190;;Flerbostadshus;;;0.50;§2.2.4 | 35 | 52 | kärl 190 l (förpackningar) hämtning varje vecka | saknas i edp-föreslagen ny taxa | kodförslag baserat på prefix/suffixoch text i taxepunkter | kä190fp52fv | 52 | hämtningsavgift per år för flerbostadshus/kärl 190 l (förpackningar) | kä190fp52fv | kärl 190 l (förpackningar). hämtning varje vecka | renh | hush | 1 | årkv | kärl 190 l (förpackningar) hämtning varje vecka | 0 |-| 1 | antb
RULE:DOCUMENTATION;Taxa_Saknas:22;;;;;Hämtning/tömning;Kärl;190;;Flerbostadshus;;;0.50;§2.2.4 | 36 | 53 | kärl 190 l (förpackningar) hämtning var 14:e dag | saknas i edp-föreslagen ny taxa | kodförslag baserat på prefix/suffixoch text i taxepunkter | kä190fp26fv | 53 | hämtningsavgift per år för flerbostadshus/kärl 190 l (förpackningar) | kä190fp26fv | kärl 190 l (förpackningar). hämtning var 14:e dag | renh | hush | 1 | årkv | kärl 190 l (förpackningar) hämtning var 14:e dag | 0 |-| 1 | antb
RULE:DOCUMENTATION;Taxa_Saknas:23;;;;;Hämtning/tömning;Kärl;190;;Flerbostadshus;;;0.50;§2.2.4 | 37 | 54 | kärl 190 l (förpackningar) hämtning månadsvis | saknas i edp-föreslagen ny taxa | kodförslag baserat på prefix/suffixoch text i taxepunkter | kä190fp12fv | 54 | hämtningsavgift per år för flerbostadshus/kärl 190 l (förpackningar) | kä190fp12fv | kärl 190 l (förpackningar). hämtning månadsvis | renh | hush | 1 | årkv | kärl 190 l (förpackningar) hämtning månadsvis | 0 |-| 1 | antb
RULE:DOCUMENTATION;Taxa_Saknas:24;;;;;Hämtning/tömning;Kärl;370;;Flerbostadshus;;;0.50;§2.2.4 | 38 | 55 | kärl 370 l (förpackningar) hämtning varje vecka | saknas i edp-föreslagen ny taxa | kodförslag baserat på prefix/suffixoch text i taxepunkter | kä370fp52fv | 55 | hämtningsavgift per år för flerbostadshus/kärl 370 l (förpackningar) | kä370fp52fv | kärl 370 l (förpackningar). hämtning varje vecka | renh | hush | 1 | årkv | kärl 370 l (förpackningar) hämtning varje vecka | 0 |-| 1 | antb
RULE:DOCUMENTATION;Taxa_Saknas:25;;;;;Hämtning/tömning;Kärl;370;;Flerbostadshus;;;0.50;§2.2.4 | 39 | 56 | kärl 370 l (förpackningar) hämtning var 14:e dag | saknas i edp-föreslagen ny taxa | kodförslag baserat på prefix/suffixoch text i taxepunkter | kä370fp26fv | 56 | hämtningsavgift per år för flerbostadshus/kärl 370 l (förpackningar) | kä370fp26fv | kärl 370 l (förpackningar). hämtning var 14:e dag | renh | hush | 1 | årkv | kärl 370 l (förpackningar) hämtning var 14:e dag | 0 |-| 1 | antb
RULE:DOCUMENTATION;Taxa_Saknas:26;;;;;Hämtning/tömning;Kärl;370;;Flerbostadshus;;;0.50;§2.2.4 | 40 | 57 | kärl 370 l (förpackningar) hämtning månadsvis | saknas i edp-föreslagen ny taxa | kodförslag baserat på prefix/suffixoch text i taxepunkter | kä370fp12fv | 57 | hämtningsavgift per år för flerbostadshus/kärl 370 l (förpackningar) | kä370fp12fv | kärl 370 l (förpackningar). hämtning månadsvis | renh | hush | 1 | årkv | kärl 370 l (förpackningar) hämtning månadsvis | 0 |-| 1 | antb
RULE:DOCUMENTATION;Taxa_Saknas:27;;;;;Hämtning/tömning;Kärl;660;;Flerbostadshus;;;0.50;§2.2.4 | 41 | 58 | kärl 660 l (förpackningar) hämtning varje vecka | saknas i edp-föreslagen ny taxa | kodförslag baserat på prefix/suffixoch text i taxepunkter | kä660fp52fv | 58 | hämtningsavgift per år för flerbostadshus/kärl 660 l (förpackningar) | kä660fp52fv | kärl 660 l (förpackningar). hämtning varje vecka | renh | hush | 1 | årkv | kärl 660 l (förpackningar) hämtning varje vecka | 0 |-| 1 | antb
RULE:DOCUMENTATION;Taxa_Saknas:28;;;;;Hämtning/tömning;Kärl;660;;Flerbostadshus;;;0.50;§2.2.4 | 42 | 59 | kärl 660 l (förpackningar) hämtning var 14:e dag | saknas i edp-föreslagen ny taxa | kodförslag baserat på prefix/suffixoch text i taxepunkter | kä660fp26fv | 59 | hämtningsavgift per år för flerbostadshus/kärl 660 l (förpackningar) | kä660fp26fv | kärl 660 l (förpackningar). hämtning var 14:e dag | renh | hush | 1 | årkv | kärl 660 l (förpackningar) hämtning var 14:e dag | 0 |-| 1 | antb
RULE:DOCUMENTATION;Taxa_Saknas:29;;;;;Hämtning/tömning;Kärl;660;;Flerbostadshus;;;0.50;§2.2.4 | 43 | 60 | kärl 660 l (förpackningar) hämtning månadsvis | saknas i edp-föreslagen ny taxa | kodförslag baserat på prefix/suffixoch text i taxepunkter | kä660fp12fv | 60 | hämtningsavgift per år för flerbostadshus/kärl 660 l (förpackningar) | kä660fp12fv | kärl 660 l (förpackningar). hämtning månadsvis | renh | hush | 1 | årkv | kärl 660 l (förpackningar) hämtning månadsvis | 0 |-| 1 | antb
RULE:DOCUMENTATION;Taxa_Saknas:30;;;;;Hämtning/tömning;Kärl;190;;Flerbostadshus;;;0.50;§2.2.4 | 44 | 61 | kärl 190 l (tidningar och returpapper) hämtning varje vecka | saknas i edp-föreslagen ny taxa | kodförslag baserat på prefix/suffixoch text i taxepunkter | kä190ti52fv | 61 | hämtningsavgift per år för flerbostadshus/kärl 190 l (tidningar och returpapper) | kä190ti52fv | kärl 190 l (tidningar och returpapper). hämtning varje vecka | renh | hush | 1 | årkv | kärl 190 l (tidningar och returpapper) hämtning varje vecka | 0 |-| 1 | antb
RULE:DOCUMENTATION;Taxa_Saknas:31;;;;;Hämtning/tömning;Kärl;190;;Flerbostadshus;;;0.50;§2.2.4 | 45 | 62 | kärl 190 l (tidningar och returpapper) hämtning var 14:e dag | saknas i edp-föreslagen ny taxa | kodförslag baserat på prefix/suffixoch text i taxepunkter | kä190ti26fv | 62 | hämtningsavgift per år för flerbostadshus/kärl 190 l (tidningar och returpapper) | kä190ti26fv | kärl 190 l (tidningar och returpapper). hämtning var 14:e dag | renh | hush | 1 | årkv | kärl 190 l (tidningar och returpapper) hämtning var 14:e dag | 0 |-| 1 | antb
RULE:DOCUMENTATION;Taxa_Saknas:32;;;;;Hämtning/tömning;Kärl;190;;Flerbostadshus;;;0.50;§2.2.4 | 46 | 63 | kärl 190 l (tidningar och returpapper) hämtning månadsvis | saknas i edp-föreslagen ny taxa | kodförslag baserat på prefix/suffixoch text i taxepunkter | kä190ti12fv | 63 | hämtningsavgift per år för flerbostadshus/kärl 190 l (tidningar och returpapper) | kä190ti12fv | kärl 190 l (tidningar och returpapper). hämtning månadsvis | renh | hush | 1 | årkv | kärl 190 l (tidningar och returpapper) hämtning månadsvis | 0 |-| 1 | antb
RULE:DOCUMENTATION;Taxa_Saknas:33;;;;;Hämtning/tömning;Kärl;370;;Flerbostadshus;;;0.50;§2.2.4 | 47 | 64 | kärl 370 l (tidningar och returpapper) hämtning varje vecka | saknas i edp-föreslagen ny taxa | kodförslag baserat på prefix/suffixoch text i taxepunkter | kä370ti52fv | 64 | hämtningsavgift per år för flerbostadshus/kärl 370 l (tidningar och returpapper) | kä370ti52fv | kärl 370 l (tidningar och returpapper). hämtning varje vecka | renh | hush | 1 | årkv | kärl 370 l (tidningar och returpapper) hämtning varje vecka | 0 |-| 1 | antb
RULE:DOCUMENTATION;Taxa_Saknas:34;;;;;Hämtning/tömning;Kärl;370;;Flerbostadshus;;;0.50;§2.2.4 | 48 | 65 | kärl 370 l (tidningar och returpapper) hämtning var 14:e dag | saknas i edp-föreslagen ny taxa | kodförslag baserat på prefix/suffixoch text i taxepunkter | kä370ti26fv | 65 | hämtningsavgift per år för flerbostadshus/kärl 370 l (tidningar och returpapper) | kä370ti26fv | kärl 370 l (tidningar och returpapper). hämtning var 14:e dag | renh | hush | 1 | årkv | kärl 370 l (tidningar och returpapper) hämtning var 14:e dag | 0 |-| 1 | antb
RULE:DOCUMENTATION;Taxa_Saknas:35;;;;;Hämtning/tömning;Kärl;370;;Flerbostadshus;;;0.50;§2.2.4 | 49 | 66 | kärl 370 l (tidningar och returpapper) hämtning månadsvis | saknas i edp-föreslagen ny taxa | kodförslag baserat på prefix/suffixoch text i taxepunkter | kä370ti12fv | 66 | hämtningsavgift per år för flerbostadshus/kärl 370 l (tidningar och returpapper) | kä370ti12fv | kärl 370 l (tidningar och returpapper). hämtning månadsvis | renh | hush | 1 | årkv | kärl 370 l (tidningar och returpapper) hämtning månadsvis | 0 |-| 1 | antb
RULE:DOCUMENTATION;Taxa_Saknas:36;;;;;Hämtning/tömning;;;;Flerbostadshus;;;0.50;§2.2.4 | 50 | 67 | bottentömmande behållare (mat-/restavfall, förpackningar) avgift per tömning | saknas i edp-föreslagen ny taxa | kodförslag uppdaterat enligt regel: bottentömmande använder mb-prefix/gemensam uppsamlingsplats särskild funktionskod | mbrmfpfv | 67 | hämtningsavgift per år för flerbostadshus/bottentömmande behållare (mat-/restavfall, förpackningar) | mbrmfpfv | bottentömmande behållare (mat-/restavfall, förpackningar). avgift per tömning. flerbostadshus | renh | hush | 1 | årkv | bottentömmande behållare (mat-/restavfall, förpackningar). avgift per tömning. flerbostadshus | 0 |-| 1 | antl
RULE:DOCUMENTATION;Taxa_Saknas:37;;;;;Hämtning/tömning;;;;Flerbostadshus;;;0.50;§2.2.4 | 51 | 68 | bottentömmande behållare (mat-/restavfall, förpackningar) tillägg för två tömningar per vecka | saknas i edp-föreslagen ny taxa | kodförslag uppdaterat enligt regel: bottentömmande använder mb-prefix/gemensam uppsamlingsplats särskild funktionskod | mbrmfp2vfv | 68 | hämtningsavgift per år för flerbostadshus/bottentömmande behållare (mat-/restavfall, förpackningar) | mbrmfp2vfv | bottentömmande behållare (mat-/restavfall, förpackningar). tillägg för två tömningar per vecka. flerbostadshus | renh | hush | 1 | årkv | bottentömmande behållare (mat-/restavfall, förpackningar). tillägg för två tömningar per vecka. flerbostadshus | 0 |-| 1 | antl
RULE:DOCUMENTATION;Taxa_Saknas:38;;;;;Hämtning/tömning;;;;Flerbostadshus;;;0.50;§2.2.4 | 52 | 69 | gemensam uppsamlingsplats för mat-/restavfall, förpackningar avgift per lägenhet | saknas i edp-föreslagen ny taxa | kodförslag uppdaterat enligt regel: bottentömmande använder mb-prefix/gemensam uppsamlingsplats särskild funktionskod | gemuppmrfpflb | 69 | hämtningsavgift per år för flerbostadshus/gemensam uppsamlingsplats för mat-/restavfall, förpackningar | gemuppmrfpflb | gemensam uppsamlingsplats för mat-/restavfall och förpackningar. avgift per lägenhet. flerbostadshus | renh | hush | 1 | årkv | gemensam uppsamlingsplats för mat-/restavfall och förpackningar. avgift per lägenhet. flerbostadshus | 0 |-| 1 | lägh
RULE:DOCUMENTATION;Taxa_Saknas:39;;;;;Hämtning/tömning;Kärl;240;;Flerbostadshus;;;0.50;"§2.2.5 | 53 | 72 | kärl 240 l (mat-/restavfall) hämtning varje vecka | åtgärdad-fv-taxekod återanvänds efter godkännande | edp-träff via strtaxebenamning/strtaxedelavser; fv = flerbostadshus eller verksamhet | kä240rm52fv | 72 | hämtningsavgift per år för verksamheter/kärl 240 l (mat-/restavfall) | kä240rm52fv | tvåfackskärl 240l, rest/matavfall. varje vecka. flb/vht | renh | hush | 5 | årkv | dragväg 10, 1-20 meter | 0 | 2023-01-01 00:00:00 | 0 |-| 1 | dr20"
RULE:DOCUMENTATION;Taxa_Saknas:40;;;;;Hämtning/tömning;Kärl;240;;Flerbostadshus;;;0.50;"§2.2.5 | 54 | 73 | kärl 240 l (mat-/restavfall) hämtning var 14:e dag | åtgärdad-fv-taxekod återanvänds efter godkännande | edp-träff via strtaxebenamning/strtaxedelavser; fv = flerbostadshus eller verksamhet | kä240rm26fv | 73 | hämtningsavgift per år för verksamheter/kärl 240 l (mat-/restavfall) | kä240rm26fv | tvåfackskärl 240l, rest/matavfall. var 14:e dag. flb/vht | renh | hush | 5 | årkv | dragväg 10, 1-20 meter | 0 | 2026-01-01 00:00:00 | 0 |-| 1 | dr20"
RULE:DOCUMENTATION;Taxa_Saknas:41;;;;;Hämtning/tömning;Kärl;240;;Verksamhet;;;0.50;§2.2.5 | 55 | 74 | kärl 240 l (mat-/restavfall) hämtning månadsvis | saknas i edp-föreslagen ny taxa | kodförslag baserat på prefix/suffixoch text i taxepunkter | kä240rm12fv | 74 | hämtningsavgift per år för verksamheter/kärl 240 l (mat-/restavfall) | kä240rm12fv | kärl 240 l (mat-/restavfall). hämtning månadsvis | renh | hush | 1 | årkv | kärl 240 l (mat-/restavfall) hämtning månadsvis | 0 |-| 1 | antb
RULE:DOCUMENTATION;Taxa_Saknas:42;;;;;Hämtning/tömning;Kärl;370;;Flerbostadshus;;;0.50;"§2.2.5 | 56 | 75 | kärl 370 l (restavfall) hämtning varje vecka | åtgärdad-fv-taxekod återanvänds efter godkännande | edp-träff via strtaxebenamning/strtaxedelavser; fv = flerbostadshus eller verksamhet | kä370re52fv | 75 | hämtningsavgift per år för verksamheter/kärl 370 l (restavfall) | kä370re52fv | kärl 370l, restavfall. varje vecka. flb/vht | renh | hush | 5 | kvan | kärl 370l 52v överviktsavgift vikt över 60 kg, restavfall | 6.4 | 2026-01-01 00:00:00 | 0 |-| 1 | vikg-60, min0"
RULE:DOCUMENTATION;Taxa_Saknas:43;;;;;Hämtning/tömning;Kärl;370;;Flerbostadshus;;;0.50;"§2.2.5 | 57 | 76 | kärl 370 l (restavfall) hämtning var 14:e dag | åtgärdad-fv-taxekod återanvänds efter godkännande | edp-träff via strtaxebenamning/strtaxedelavser; fv = flerbostadshus eller verksamhet | kä370re26fv | 76 | hämtningsavgift per år för verksamheter/kärl 370 l (restavfall) | kä370re26fv | kärl 370l, restavfall. var 14:e dag. flb/vht | renh | hush | 5 | kvan | kärl 370l 26v överviktsavgift vikt över 60 kg, restavfall | 6.4 | 2026-01-01 00:00:00 | 0 |-| 1 | vikg-60, min0"
RULE:DOCUMENTATION;Taxa_Saknas:44;;;;;Hämtning/tömning;Kärl;370;;Verksamhet;;;0.50;§2.2.5 | 58 | 77 | kärl 370 l (restavfall) hämtning månadsvis | saknas i edp-föreslagen ny taxa | kodförslag baserat på prefix/suffixoch text i taxepunkter | kä370re12fv | 77 | hämtningsavgift per år för verksamheter/kärl 370 l (restavfall) | kä370re12fv | kärl 370 l (restavfall). hämtning månadsvis | renh | hush | 1 | årkv | kärl 370 l (restavfall) hämtning månadsvis | 0 |-| 1 | antb
RULE:DOCUMENTATION;Taxa_Saknas:45;;;;;Hämtning/tömning;Kärl;660;;Flerbostadshus;;;0.50;"§2.2.5 | 59 | 78 | kärl 660 l (restavfall) hämtning varje vecka | åtgärdad-fv-taxekod återanvänds efter godkännande | edp-träff via strtaxebenamning/strtaxedelavser; fv = flerbostadshus eller verksamhet | kä660re52fv | 78 | hämtningsavgift per år för verksamheter/kärl 660 l (restavfall) | kä660re52fv | kärl 660l, restavfall. varje vecka. flb/vht | renh | hush | 5 | kvan | kärl 660l 52v överviktsavgift vikt över 100 kg, restavfall | 8 | 2026-01-01 00:00:00 | 0 |-| 1 | vikg-100, min0"
RULE:DOCUMENTATION;Taxa_Saknas:46;;;;;Hämtning/tömning;Kärl;660;;Flerbostadshus;;;0.50;"§2.2.5 | 60 | 79 | kärl 660 l (restavfall) hämtning var 14:e dag | åtgärdad-fv-taxekod återanvänds efter godkännande | edp-träff via strtaxebenamning/strtaxedelavser; fv = flerbostadshus eller verksamhet | kä660re26fv | 79 | hämtningsavgift per år för verksamheter/kärl 660 l (restavfall) | kä660re26fv | kärl 660l, restavfall. var 14:e dag flb/vht | renh | hush | 5 | kvan | kärl 660l 26v överviktsavgift vikt över 100 kg, restavfall | 8 | 2026-01-01 00:00:00 | 0 |-| 1 | vikg-100, min0"
RULE:DOCUMENTATION;Taxa_Saknas:47;;;;;Hämtning/tömning;Kärl;660;;Verksamhet;;;0.50;§2.2.5 | 61 | 80 | kärl 660 l (restavfall) hämtning månadsvis | saknas i edp-föreslagen ny taxa | kodförslag baserat på prefix/suffixoch text i taxepunkter | kä660re12fv | 80 | hämtningsavgift per år för verksamheter/kärl 660 l (restavfall) | kä660re12fv | kärl 660 l (restavfall). hämtning månadsvis | renh | hush | 1 | årkv | kärl 660 l (restavfall) hämtning månadsvis | 0 |-| 1 | antb
RULE:DOCUMENTATION;Taxa_Saknas:48;;;;;Hämtning/tömning;Kärl;140;;Flerbostadshus;;;0.50;"§2.2.5 | 62 | 81 | kärl 140 l (matavfall) hämtning varje vecka | åtgärdad-fv-taxekod återanvänds efter godkännande | edp-träff via strtaxebenamning/strtaxedelavser; fv = flerbostadshus eller verksamhet | kä140ma52fv | 81 | hämtningsavgift per år för verksamheter/kärl 140 l (matavfall) | kä140ma52fv | kärl 140l, matavfall. varje vecka. flb/vht | renh | hush | 5 | kvan | kärl 140l överviktsavgift för vikt över 60 kg, matavfall | 4.8 | 2026-01-01 00:00:00 | 0 |-| 1 | vikg-60, min0"
RULE:DOCUMENTATION;Taxa_Saknas:49;;;;;Hämtning/tömning;Kärl;140;;Flerbostadshus;;;0.50;"§2.2.5 | 63 | 82 | kärl 140 l (matavfall) hämtning var 14:e dag | åtgärdad-fv-taxekod återanvänds efter godkännande | edp-träff via strtaxebenamning/strtaxedelavser; fv = flerbostadshus eller verksamhet | kä140ma26fv | 82 | hämtningsavgift per år för verksamheter/kärl 140 l (matavfall) | kä140ma26fv | kärl 140l, matavfall. var 14:e dag. flb/vht | renh | hush | 5 | kvan | kärl 140l överviktsavgift för vikt över 60 kg, matavfall | 4.8 | 2026-01-01 00:00:00 | 0 |-| 1 | vikg-60, min0"
RULE:DOCUMENTATION;Taxa_Saknas:50;;;;;Hämtning/tömning;Kärl;140;;Verksamhet;;;0.50;§2.2.5 | 64 | 83 | kärl 140 l (matavfall) hämtning månadsvis | saknas i edp-föreslagen ny taxa | kodförslag baserat på prefix/suffixoch text i taxepunkter | kä140ma12fv | 83 | hämtningsavgift per år för verksamheter/kärl 140 l (matavfall) | kä140ma12fv | kärl 140 l (matavfall). hämtning månadsvis | renh | hush | 1 | årkv | kärl 140 l (matavfall) hämtning månadsvis | 0 |-| 1 | antb
RULE:DOCUMENTATION;Taxa_Saknas:51;;;;;Hämtning/tömning;;;;Flerbostadshus;;;0.50;"§2.2.5 | 65 | 84 | bottentömmande behållare (mat-/restavfall) avgift per tömning | saknas i edp-föreslagen ny taxa | kodförslag uppdaterat enligt regel: bottentömmande använder mb-prefix; lastväxlarflak använder lv-prefix| mbrmfv | 84 | hämtningsavgift per år för verksamheter/bottentömmande behållare (mat-/restavfall) | mbrmfv | bottentömmande behållare (mat-/restavfall). avgift per tömning. verksamhet/flerbostadshus | renh | hush | 1 | årkv | bottentömmande behållare (mat-/restavfall). avgift per tömning. verksamhet/flerbostadshus | 0 |-| 1 | antl"
RULE:DOCUMENTATION;Taxa_Saknas:52;;;;;Hämtning/tömning;;;;Flerbostadshus;;;0.50;"§2.2.5 | 66 | 85 | lastväxlarflak (restavfall) avgift per tömning | saknas i edp-föreslagen ny taxa | kodförslag uppdaterat enligt regel: bottentömmande använder mb-prefix; lastväxlarflak använder lv-prefix| lvrefv | 85 | hämtningsavgift per år för verksamheter/lastväxlarflak (restavfall) | lvrefv | lastväxlarflak (restavfall). avgift per tömning. verksamhet/flerbostadshus | renh | hush | 1 | årkv | lastväxlarflak (restavfall). avgift per tömning. verksamhet/flerbostadshus | 0 |-| 1 | antl"
RULE:DOCUMENTATION;Taxa_Saknas:53;;;;;Hämtning/tömning;;;;Flerbostadshus;;;0.50;"§2.2.5 | 67 | 86 | bottentömmande behållare (mat-/restavfall) tillägg för två tömningar per vecka | saknas i edp-föreslagen ny taxa | kodförslag uppdaterat enligt regel: bottentömmande använder mb-prefix; lastväxlarflak använder lv-prefix| mbrm2vfv | 86 | hämtningsavgift per år för verksamheter/bottentömmande behållare (mat-/restavfall) | mbrm2vfv | bottentömmande behållare (mat-/restavfall). tillägg för två tömningar per vecka. verksamhet/flerbostadshus | renh | hush | 1 | årkv | bottentömmande behållare (mat-/restavfall). tillägg för två tömningar per vecka. verksamhet/flerbostadshus | 0 |-| 1 | antl"
RULE:DOCUMENTATION;Taxa_Saknas:54;;;;;Hämtning/tömning;Kärl;240;;Verksamhet;;;0.50;§2.2.6 | 68 | 89 | kärl 240 l (mat-/restavfall) hämtning varje vecka | saknas i edp-föreslagen ny taxa | kodförslag baserat på dh-regel: detaljhandel med beviljad hantering av kommunalt avfall | kä240rm52dh | 89 | hämtningsavgift per år för verksamhet inom detaljhandeln med beviljad hantering av kommunalt avfall/kärl 240 l (mat-/restavfall) | kä240rm52dh | tvåfackskärl 240l, rest/matavfall. varje vecka. detaljhandel | renh | hush | 1 | årkv | tvåfackskärl 240l, rest/matavfall. varje vecka | 0 | 2023-01-01 00:00:00 | 0 |-| 1 | antb
RULE:DOCUMENTATION;Taxa_Saknas:55;;;;;Hämtning/tömning;Kärl;240;;Verksamhet;;;0.50;§2.2.6 | 69 | 90 | kärl 240 l (mat-/restavfall) hämtning var 14:e dag | saknas i edp-föreslagen ny taxa | kodförslag baserat på dh-regel: detaljhandel med beviljad hantering av kommunalt avfall | kä240rm26dh | 90 | hämtningsavgift per år för verksamhet inom detaljhandeln med beviljad hantering av kommunalt avfall/kärl 240 l (mat-/restavfall) | kä240rm26dh | tvåfackskärl 240l, rest/matavfall. var 14:e dag. detaljhandel | renh | hush | 1 | årkv | tvåfackskärl 240l, rest/matavfall. var 14:e dag | 0 | 2026-01-01 00:00:00 | 0 |-| 1 | antb
RULE:DOCUMENTATION;Taxa_Saknas:56;;;;;Hämtning/tömning;Kärl;240;;Verksamhet;;;0.50;§2.2.6 | 70 | 91 | kärl 240 l (mat-/restavfall) hämtning månadsvis | saknas i edp-föreslagen ny taxa | kodförslag baserat på dh-regel: detaljhandel med beviljad hantering av kommunalt avfall | kä240rm12dh | 91 | hämtningsavgift per år för verksamhet inom detaljhandeln med beviljad hantering av kommunalt avfall/kärl 240 l (mat-/restavfall) | kä240rm12dh | kärl 240 l (mat-/restavfall). hämtning månadsvis. detaljhandel | renh | hush | 1 | årkv | kärl 240 l (mat-/restavfall) hämtning månadsvis | 0 |-| 1 | antb
RULE:DOCUMENTATION;Taxa_Saknas:57;;;;;Hämtning/tömning;Kärl;370;;Verksamhet;;;0.50;§2.2.6 | 71 | 92 | kärl 370 l (restavfall) hämtning varje vecka | saknas i edp-föreslagen ny taxa | kodförslag baserat på dh-regel: detaljhandel med beviljad hantering av kommunalt avfall | kä370re52dh | 92 | hämtningsavgift per år för verksamhet inom detaljhandeln med beviljad hantering av kommunalt avfall/kärl 370 l (restavfall) | kä370re52dh | kärl 370l, restavfall. varje vecka. detaljhandel | renh | hush | 1 | kvan | kärl 370l, restavfall. varje vecka | 6.4 | 2026-01-01 00:00:00 | 0 |-| 1 | antb
RULE:DOCUMENTATION;Taxa_Saknas:58;;;;;Hämtning/tömning;Kärl;370;;Verksamhet;;;0.50;§2.2.6 | 72 | 93 | kärl 370 l (restavfall) hämtning var 14:e dag | saknas i edp-föreslagen ny taxa | kodförslag baserat på dh-regel: detaljhandel med beviljad hantering av kommunalt avfall | kä370re26dh | 93 | hämtningsavgift per år för verksamhet inom detaljhandeln med beviljad hantering av kommunalt avfall/kärl 370 l (restavfall) | kä370re26dh | kärl 370l, restavfall. var 14:e dag. detaljhandel | renh | hush | 1 | kvan | kärl 370l, restavfall. var 14:e dag | 6.4 | 2026-01-01 00:00:00 | 0 |-| 1 | antb
RULE:DOCUMENTATION;Taxa_Saknas:59;;;;;Hämtning/tömning;Kärl;370;;Verksamhet;;;0.50;§2.2.6 | 73 | 94 | kärl 370 l (restavfall) hämtning månadsvis | saknas i edp-föreslagen ny taxa | kodförslag baserat på dh-regel: detaljhandel med beviljad hantering av kommunalt avfall | kä370re12dh | 94 | hämtningsavgift per år för verksamhet inom detaljhandeln med beviljad hantering av kommunalt avfall/kärl 370 l (restavfall) | kä370re12dh | kärl 370 l (restavfall). hämtning månadsvis. detaljhandel | renh | hush | 1 | årkv | kärl 370 l (restavfall) hämtning månadsvis | 0 |-| 1 | antb
RULE:DOCUMENTATION;Taxa_Saknas:60;;;;;Hämtning/tömning;Kärl;660;;Verksamhet;;;0.50;§2.2.6 | 74 | 95 | kärl 660 l (restavfall) hämtning varje vecka | saknas i edp-föreslagen ny taxa | kodförslag baserat på dh-regel: detaljhandel med beviljad hantering av kommunalt avfall | kä660re52dh | 95 | hämtningsavgift per år för verksamhet inom detaljhandeln med beviljad hantering av kommunalt avfall/kärl 660 l (restavfall) | kä660re52dh | kärl 660l, restavfall. varje vecka. detaljhandel | renh | hush | 1 | kvan | kärl 660l, restavfall. varje vecka | 8 | 2026-01-01 00:00:00 | 0 |-| 1 | antb
RULE:DOCUMENTATION;Taxa_Saknas:61;;;;;Hämtning/tömning;Kärl;660;;Verksamhet;;;0.50;§2.2.6 | 75 | 96 | kärl 660 l (restavfall) hämtning var 14:e dag | saknas i edp-föreslagen ny taxa | kodförslag baserat på dh-regel: detaljhandel med beviljad hantering av kommunalt avfall | kä660re26dh | 96 | hämtningsavgift per år för verksamhet inom detaljhandeln med beviljad hantering av kommunalt avfall/kärl 660 l (restavfall) | kä660re26dh | kärl 660l, restavfall. var 14:e dag. detaljhandel | renh | hush | 1 | kvan | kärl 660l, restavfall. var 14:e dag | 8 | 2026-01-01 00:00:00 | 0 |-| 1 | antb
RULE:DOCUMENTATION;Taxa_Saknas:62;;;;;Hämtning/tömning;Kärl;660;;Verksamhet;;;0.50;§2.2.6 | 76 | 97 | kärl 660 l (restavfall) hämtning månadsvis | saknas i edp-föreslagen ny taxa | kodförslag baserat på dh-regel: detaljhandel med beviljad hantering av kommunalt avfall | kä660re12dh | 97 | hämtningsavgift per år för verksamhet inom detaljhandeln med beviljad hantering av kommunalt avfall/kärl 660 l (restavfall) | kä660re12dh | kärl 660 l (restavfall). hämtning månadsvis. detaljhandel | renh | hush | 1 | årkv | kärl 660 l (restavfall) hämtning månadsvis | 0 |-| 1 | antb
RULE:DOCUMENTATION;Taxa_Saknas:63;;;;;Hämtning/tömning;Kärl;140;;Verksamhet;;;0.50;§2.2.6 | 77 | 98 | kärl 140 l (matavfall) hämtning varje vecka | saknas i edp-föreslagen ny taxa | kodförslag baserat på dh-regel: detaljhandel med beviljad hantering av kommunalt avfall | kä140ma52dh | 98 | hämtningsavgift per år för verksamhet inom detaljhandeln med beviljad hantering av kommunalt avfall/kärl 140 l (matavfall) | kä140ma52dh | kärl 140l, matavfall. varje vecka. detaljhandel | renh | hush | 1 | kvan | kärl 140l, matavfall. varje vecka | 4.8 | 2026-01-01 00:00:00 | 0 |-| 1 | antb
RULE:DOCUMENTATION;Taxa_Saknas:64;;;;;Hämtning/tömning;Kärl;140;;Verksamhet;;;0.50;§2.2.6 | 78 | 99 | kärl 140 l (matavfall) hämtning var 14:e dag | saknas i edp-föreslagen ny taxa | kodförslag baserat på dh-regel: detaljhandel med beviljad hantering av kommunalt avfall | kä140ma26dh | 99 | hämtningsavgift per år för verksamhet inom detaljhandeln med beviljad hantering av kommunalt avfall/kärl 140 l (matavfall) | kä140ma26dh | kärl 140l, matavfall. var 14:e dag. detaljhandel | renh | hush | 1 | kvan | kärl 140l, matavfall. var 14:e dag | 4.8 | 2026-01-01 00:00:00 | 0 |-| 1 | antb
RULE:DOCUMENTATION;Taxa_Saknas:65;;;;;Hämtning/tömning;Kärl;140;;Verksamhet;;;0.50;§2.2.6 | 79 | 100 | kärl 140 l (matavfall) hämtning månadsvis | saknas i edp-föreslagen ny taxa | kodförslag baserat på dh-regel: detaljhandel med beviljad hantering av kommunalt avfall | kä140ma12dh | 100 | hämtningsavgift per år för verksamhet inom detaljhandeln med beviljad hantering av kommunalt avfall/kärl 140 l (matavfall) | kä140ma12dh | kärl 140 l (matavfall). hämtning månadsvis. detaljhandel | renh | hush | 1 | årkv | kärl 140 l (matavfall) hämtning månadsvis | 0 |-| 1 | antb
RULE:DOCUMENTATION;Taxa_Saknas:66;;;;;Hämtning/tömning;;;;Verksamhet;;;0.50;§2.2.6 | 80 | 101 | bottentömmande behållare (mat-/restavfall) avgift per tömning | saknas i edp-föreslagen ny taxa | kodförslag uppdaterat enligt regel: detaljhandel använder dh-suffixoch bottentömmande använder mb-prefix| mbrmdh | 101 | hämtningsavgift per år för verksamhet inom detaljhandeln med beviljad hantering av kommunalt avfall/bottentömmande behållare (mat-/restavfall) | mbrmdh | bottentömmande/markbehållare (mat-/restavfall). avgift per tömning. detaljhandel | renh | hush | 1 | årkv | bottentömmande/markbehållare (mat-/restavfall). avgift per tömning. detaljhandel | 0 |-| 1 | antl
RULE:DOCUMENTATION;Taxa_Saknas:67;;;;;Hämtning/tömning;;;;Verksamhet;;;0.50;§2.2.6 | 81 | 102 | lastväxlarflak (restavfall) avgift per tömning | saknas i edp-föreslagen ny taxa | kodförslag uppdaterat enligt regel: detaljhandel använder dh-suffixoch bottentömmande använder mb-prefix| lvredh | 102 | hämtningsavgift per år för verksamhet inom detaljhandeln med beviljad hantering av kommunalt avfall/lastväxlarflak (restavfall) | lvredh | lastväxlarflak (restavfall). avgift per tömning. detaljhandel | renh | hush | 1 | årkv | lastväxlarflak (restavfall). avgift per tömning. detaljhandel | 0 |-| 1 | antl
RULE:DOCUMENTATION;Taxa_Saknas:68;;;;;Hämtning/tömning;;;;Verksamhet;;;0.50;§2.2.6 | 82 | 103 | bottentömmande behållare (mat-/restavfall) tillägg för två tömningar per vecka | saknas i edp-föreslagen ny taxa | kodförslag uppdaterat enligt regel: detaljhandel använder dh-suffixoch bottentömmande använder mb-prefix| mbrm2vdh | 103 | hämtningsavgift per år för verksamhet inom detaljhandeln med beviljad hantering av kommunalt avfall/bottentömmande behållare (mat-/restavfall) | mbrm2vdh | bottentömmande/markbehållare (mat-/restavfall). tillägg för två tömningar per vecka. detaljhandel | renh | hush | 1 | årkv | bottentömmande/markbehållare (mat-/restavfall). tillägg för två tömningar per vecka. detaljhandel | 0 |-| 1 | antl
RULE:DOCUMENTATION;Taxa_Saknas:69;;;;;Hämtning/tömning;Kärl;370;;;;;0.50;§2.2.1 | 22 | kärl 370 l (papper-/plastförpackningar) kostnadsfritt | saknas i edp-kostnadsfri rad från word | kodförslag baserat på kostnadsfri rad i word och fp-regel | kä370fp | 22 | hämtningsavgift per år för en-och tvåbostadshus/kärl 370 l (papper-/plastförpackningar) | kä370fp | kärl 370 l (papper-/plastförpackningar). kostnadsfritt | renh | hush | 1 | årkv | kärl 370 l (papper-/plastförpackningar) kostnadsfritt | 0 |-| 1 | antb
RULE:DOCUMENTATION;Taxa_Saknas:70;;;;;Hämtning/tömning;Kärl;370;;Fritidshus;;;0.50;§2.2.2 | 29 | kärl 370 l (papper-/plastförpackningar) kostnadsfritt | saknas i edp-kostnadsfri rad från word | kodförslag baserat på kostnadsfri rad i word, fp-regel och fri-suffix| kä370fpfri | 29 | hämtningsavgift per år för fritidshus/kärl 370 l (papper-/plastförpackningar) | kä370fpfri | kärl 370 l (papper-/plastförpackningar). kostnadsfritt. fritidshus | renh | hush | 1 | årkv | kärl 370 l (papper-/plastförpackningar) kostnadsfritt | 0 |-| 1 | antb
RULE:DOCUMENTATION;Taxa_Saknas:71;;;;;Hämtning/tömning;;;;;;;0.50;§2.2.3 | 33 | gemensam uppsamlingsplats för förpackningar kostnadsfritt | saknas i edp-kostnadsfri rad från word | kodförslag baserat på gemupp-regel och förpackningar | gemuppfpfri | 33 | gemensam uppsamlingsplats inom hämtningsområdex/gemensam uppsamlingsplats för förpackningar | gemuppfpfri | gemensam uppsamlingsplats för förpackningar. kostnadsfritt | renh | hush | 1 | årkv | gemensam uppsamlingsplats för förpackningar kostnadsfritt | 0 |-| 1 | fast
RULE:DOCUMENTATION;Taxa_Saknas:72;;;;;Abonnemang;Kärl;140;;Verksamhet;;;0.50;§2.2.7 | 83 | 106 | kärl 140 l (kontors-/returpapper) | saknas i edp-föreslagen ny taxa | kodförslag baserat på ti-regel: tidningar/returpapper, utökat till kontors-/returpapper enligt word | kä140ti | 106 | verksamheter med beviljad hantering av förbrukat matfett, kontorspapper eller returpapper/kärl 140 l (kontors-/returpapper) | kä140ti | kärl 140 l (kontors-/returpapper) | renh | hush | 1 | årkv | kärl 140 l (kontors-/returpapper) | 0 |-| 1 | antb
RULE:DOCUMENTATION;Taxa_Saknas:73;;;;;Abonnemang;;;;Verksamhet;;;0.50;§2.2.7 | 84 | 107 | egen överlämning av förbrukat kontors-/returpapper enligt anvisning | saknas i edp-föreslagen ny taxa | kodförslag baserat på wordtext: egen överlämning kontors-/returpapper | egenkontret | 107 | verksamheter med beviljad hantering av förbrukat matfett, kontorspapper eller returpapper/egen överlämning av förbrukat kontors-/returpapper enligt anvisning | egenkontret | egen överlämning av förbrukat kontors-/returpapper enligt anvisning | renh | hush | 1 | årkv | egen överlämning av förbrukat kontors-/returpapper enligt anvisning | 0 |-| 1 | antl
RULE:DOCUMENTATION;Taxa_Saknas:74;;;;;Abonnemang;;;;Verksamhet;;;0.50;§2.2.7 | 85 | 108 | egen överlämning av förbrukat matfett enligt anvisning | saknas i edp-föreslagen ny taxa | kodförslag baserat på wordtext: egen överlämning förbrukat matfett | egenmatfett | 108 | verksamheter med beviljad hantering av förbrukat matfett, kontorspapper eller returpapper/egen överlämning av förbrukat matfett enligt anvisning | egenmatfett | egen överlämning av förbrukat matfett enligt anvisning | renh | hush | 1 | årkv | egen överlämning av förbrukat matfett enligt anvisning | 0 |-| 1 | antl
RULE:DOCUMENTATION;Dokumentation_Taxepunkter:1;;;;;Abonnemang;;;;;;;0.50;kolumn | rubrik | typ | källa/beroende | formel/regel för en normalrad | får ändras manuellt
RULE:DOCUMENTATION;Dokumentation_Taxepunkter:2;;;;;Abonnemang;;;;;;;0.50;a | paragraf | manuell | word | anges utifrån paragraf i word. | ja
RULE:DOCUMENTATION;Dokumentation_Taxepunkter:3;;;;;Abonnemang;;;;;;;0.50;b | paragrafnamn | manuell | word | anges utifrån rubrik i word. | ja
RULE:DOCUMENTATION;Dokumentation_Taxepunkter:4;;;;;;;;;;;;0.50;c | taxapunkt | manuell | word | anges utifrån raden/tjänsten i word. | ja
RULE:DOCUMENTATION;Dokumentation_Taxepunkter:5;;;;;Hämtning/tömning;;;;;;;0.50;d | variant | manuell | word | anger t.ex. hämtning varje vecka, avgift per tömning, var 14:e dag. | ja
RULE:DOCUMENTATION;Dokumentation_Taxepunkter:6;;;;;Hämtning/tömning;;;;;;;0.50;e | enhet | manuell | word/bedömning | anger debiteringsenhet, t.ex. st/år, st/tömning, kg. | ja
RULE:DOCUMENTATION;Dokumentation_Taxepunkter:7;;;;;;;;;;;;0.50;f | taxakod | manuell med dropdown | taxa_från_edp | endast bekräftad exakt strtaxekod från taxa_från_edp. | ja
RULE:DOCUMENTATION;Dokumentation_Taxepunkter:8;;;;;;;;;;;;0.50;g | föreslagen taxa | automatisk | taxakod + taxa_saknas | ja | nej
RULE:DOCUMENTATION;Dokumentation_Taxepunkter:9;;;;;Abonnemang;;;;;;;0.50;h | taxabeskrivning | automatisk | taxa_från_edp[strtaxebenamning] | slår upp taxakod i taxa_från_edp kolumn strtaxekod och returnerar strtaxebenamning. | nej
RULE:DOCUMENTATION;Dokumentation_Taxepunkter:10;;;;;Abonnemang;;;;;;;0.50;i | faktor | automatisk | taxa_från_edp[strfaktor] | slår upp taxakod och returnerar strfaktor. | nej
RULE:DOCUMENTATION;Dokumentation_Taxepunkter:11;;;;;Abonnemang;;;;;;;0.50;j | aktuellt pris (exkl m) | automatisk | taxa_från_edp[curnuvarandepris] | slår upp taxakod och returnerar aktuellt pris exkl. moms. får aldrig redigeras manuellt. | nej
RULE:DOCUMENTATION;Dokumentation_Taxepunkter:12;;;;;Abonnemang;;;;;;;0.50;k | föreslaget pris | manuell/beräknad arbetskolumn | projektdata/dh-prislista/bedömning | används bara när aktuellt pris saknas. dh-priser får endast användas för dh. | ja
RULE:DOCUMENTATION;Dokumentation_Taxepunkter:13;;;;;;;;;;;;0.50;l | antal | manuell | taxevolym/bedömning | anges vid behov för intäktsberäkning. | ja
RULE:DOCUMENTATION;Dokumentation_Taxepunkter:14;;;;;;;;;;;;0.50;m | pris kr (inkl.) | automatisk | j eller k + moms | nej
RULE:DOCUMENTATION;Dokumentation_Taxepunkter:15;;;;;;;;;;;;0.50;n | intäkt (kr) exkl | automatisk | j/k och l | nej
RULE:DOCUMENTATION;Dokumentation_Taxepunkter:17;;;;;;;;;;;;0.50;beroende | beskrivning
RULE:DOCUMENTATION;Dokumentation_Taxepunkter:18;;;;;Abonnemang;;;;;;;0.50;f påverkar g/h/i/j | taxakod styr föreslagen taxa, taxabeskrivning, faktor och aktuellt pris
RULE:DOCUMENTATION;Dokumentation_Taxepunkter:19;;;;;Abonnemang;;;;;;;0.50;g hämtar från taxa_saknas | om taxakod saknas används intrecnum/radnummer för att hämta föreslagen taxa
RULE:DOCUMENTATION;Dokumentation_Taxepunkter:20;;;;;Abonnemang;;;;;;;0.50;j är låst principmässigt | aktuellt pris är alltid edp-pris och får inte ändras manuellt
RULE:DOCUMENTATION;Dokumentation_Taxepunkter:21;;;;;Abonnemang;;;;;;;0.50;k är arbetspris | föreslaget pris används endast som arbetsunderlag när j saknas
RULE:DOCUMENTATION;Dokumentation_Taxepunkter:22;;;;;Abonnemang;;;;;;;0.50;radtyp | kännetecken | format | regel | exempel | får ändras manuellt
RULE:DOCUMENTATION;Dokumentation_Taxepunkter:23;;;;;Abonnemang;;;;;;;0.50;underrubrik | endast kolumn a har text, b:e är tomma | a:e sammanslaget, enfärgad ljusblå rad | används för avsnittsrubriker | §2.1 grundavgift | nej
RULE:DOCUMENTATION;Dokumentation_Taxepunkter:24;;;;;Abonnemang;;;;;;;0.50;taxerad | a:e innehåller uppdelade fält | a:e ej sammanslaget, vit bakgrund | används för faktiska taxepunkter | §2.1 | grundavgift | en-och tvåbostadshus | st/år | ja
RULE:DOCUMENTATION;Färgstandard:1;;;;;;;;;;;;0.50;färgtyp | hex| användning | exempel
RULE:DOCUMENTATION;Färgstandard:2;;;;;Abonnemang;;;;;;;0.50;rubrik | #1f4e78 | tabellrubriker och huvudrubriker | rad 1/5 i arbets-och dokumentationsflikar
RULE:DOCUMENTATION;Färgstandard:3;;;;;Abonnemang;;;;;;;0.50;manuell inmatning | #fff2cc | fält som får fyllas manuellt | taxepunkter a-f, l samt taxa_saknas arbetskolumner
RULE:DOCUMENTATION;Färgstandard:4;;;;;;;;;;;;0.50;automatisk uppslagning | #ddebf7 | formler och uppslag mot taxa_från_edp | taxepunkter h-j
RULE:DOCUMENTATION;Färgstandard:5;;;;;Abonnemang;;;;;;;0.50;förslag | #fce4d6 | föreslagna taxekoder och arbetspris | taxepunkter g och k, taxa_saknas föreslagentaxekod
RULE:DOCUMENTATION;Färgstandard:6;;;;;;;;;;;;0.50;beräkning | #e2f0d9 | beräknade värden | taxepunkter m-n
RULE:DOCUMENTATION;Färgstandard:7;;;;;;;;;;;;0.50;kontroll krävs | #f4cccc | fel, saknad match eller manuellt beslut | kontrollrapport och statusrader
RULE:DOCUMENTATION;Färgstandard:8;;;;;Abonnemang;;;;;;;0.50;dokumentation | #e7e6e6 | regel-och dokumentationsflikar | projektregler, arbetsflöde, dokumentation_x
RULE:DOCUMENTATION;Färgstandard:9;;;;;Abonnemang;;;;;;;0.50;import/referens | #d9ead3 | importerade eller externa källflikar | taxa_från_edp, källa_prislista_dh
RULE:DOCUMENTATION;Färgstandard:11;;;;;Abonnemang;;;;;;;0.50;border-standard | värde | användning | kommentar
RULE:DOCUMENTATION;Färgstandard:12;;;;;Abonnemang;;;;;;;0.50;rutnätslinjer | #d9d9d9 | alla celler i använda tabellområden | tunn ljusgrå kant runt varje cell, både inne i och runt tabellen
RULE:DOCUMENTATION;Färgstandard:13;;;;;Abonnemang;;;;;;;0.50;ytterkant | #7f7f7f | runt hela tabellområden | tunn mörkare grå kant runt tabellens ytterkant
RULE:DOCUMENTATION;Färgstandard:14;;;;;Abonnemang;;;;;;;0.50;rubrikrad | #7f7f7f | rubrikrader | rubrikrad får mörkblå fyllning och konsekvent rutnät
RULE:DOCUMENTATION;Färgstandard:15;;;;;Abonnemang;;;;;;;0.50;underrubrik i taxepunkter | #bdd7ee | rader där a har paragraf+text och b:e är tomma | a:e sammanslaget, hela raden färgad och samma rutnät
RULE:DOCUMENTATION;Dokumentation_Taxa_Saknas:1;;;;;Abonnemang;;;;;;;0.50;kolumn | rubrik | typ | källa/beroende | regel/användning | får ändras manuellt
RULE:DOCUMENTATION;Dokumentation_Taxa_Saknas:2;;;;;Abonnemang;;;;;;;0.50;a | källparagraf | arbetskolumn | word/taxepunkter | paragraf där raden hör hemma. | ja
RULE:DOCUMENTATION;Dokumentation_Taxa_Saknas:3;;;;;Abonnemang;;;;;;;0.50;b | källpunkt | arbetskolumn | granskningslista | punktnummer i löpande word-excel-kontroll om tillgängligt. | ja
RULE:DOCUMENTATION;Dokumentation_Taxa_Saknas:4;;;;;Abonnemang;;;;;;;0.50;c | rad i taxepunkter | arbetskolumn | taxepunkter | radnummer i taxepunkter för felsökning. | ja
RULE:DOCUMENTATION;Dokumentation_Taxa_Saknas:5;;;;;Abonnemang;;;;;;;0.50;d | wordtext | arbetskolumn | word | kort beskrivning av texten/raden i word. | ja
RULE:DOCUMENTATION;Dokumentation_Taxa_Saknas:6;;;;;Abonnemang;;;;;;;0.50;e | status | arbetskolumn | projektet | saknas i edp, osäker, åtgärdad, etc. | ja
RULE:DOCUMENTATION;Dokumentation_Taxa_Saknas:7;;;;;Abonnemang;;;;;;;0.50;f | matchmetod | arbetskolumn | projektet | hur förslaget togs fram: strtaxebenamning, strtaxedelavser, kodregel, etc. | ja
RULE:DOCUMENTATION;Dokumentation_Taxa_Saknas:8;;;;;;;;;;;;0.50;g | föreslagentaxekod | förslag | taxekod_tolkning/projektregler | taxekod som föreslås om ingen bekräftad edp-kod finns. | ja
RULE:DOCUMENTATION;Dokumentation_Taxa_Saknas:9;;;;;Abonnemang;;;;;;;0.50;h | intrecnum | arbetsnyckel | taxepunkter | ska vara radnumret i taxepunkter, inte edp:s intrecnum. | ja
RULE:DOCUMENTATION;Dokumentation_Taxa_Saknas:10;;;;;Abonnemang;;;;;;;0.50;i | taxepunkt | arbetskolumn | taxepunkter | paragrafnamn/taxapunkt. | ja
RULE:DOCUMENTATION;Dokumentation_Taxa_Saknas:11;;;;;;;;;;;;0.50;j:y | edp-kolumner | importstruktur | taxa_från_edp | samma struktur som taxa_från_edp för att kunna skapa/importera nya taxor. | ja, men följ edp-format
RULE:DOCUMENTATION;Dokumentation_Taxa_Saknas:13;;;;;Abonnemang;;;;;;;0.50;automationsmall | rad 72:200 | typ | källa/beroende | regel/användning | får ändras manuellt
RULE:DOCUMENTATION;Dokumentation_Taxa_Saknas:14;;;;;;;;;;;;0.50;input 1 | rad i taxepunkter | manuell | taxepunkter | fyll kolumn c med radnummer från taxepunkter. | ja
RULE:DOCUMENTATION;Dokumentation_Taxa_Saknas:15;;;;;;;;;;;;0.50;input 2 | föreslagentaxekod | manuell | kodregler | fyll kolumn g med föreslagen taxekod. | ja
RULE:DOCUMENTATION;Dokumentation_Taxa_Saknas:16;;;;;Abonnemang;;;;;;;0.50;automatiskt | övriga fält | formler | taxepunkter + standardvärden | kolumner a, d:f, h:y fylls automatiskt utifrån c och g. | nej/vid behov
RULE:DOCUMENTATION;Dokumentation_Taxa_från_edp:1;;;;;;;;;;;;0.50;kolumn | rubrik | användning i projektet | regel
RULE:DOCUMENTATION;Dokumentation_Taxa_från_edp:2;;;;;;;;;;;;0.50;a | intrecnum | edp:s interna rad-id | läses som källdata men används inte som nyckel i taxa_saknas
RULE:DOCUMENTATION;Dokumentation_Taxa_från_edp:3;;;;;Abonnemang;;;;;;;0.50;b | strtaxekod | primär nyckel för bekräftade taxor | taxakod i taxepunkter måste vara exakt värdet härifrån
RULE:DOCUMENTATION;Dokumentation_Taxa_från_edp:4;;;;;;;;;;;;0.50;c | strtaxebenamning | matchning och dokumentation | kontrolleras alltid innan nya taxor föreslås
RULE:DOCUMENTATION;Dokumentation_Taxa_från_edp:5;;;;;;;;;;;;0.50;d | strprodukt | edp-produkt | behålls vid förslag i taxa_saknas där möjligt
RULE:DOCUMENTATION;Dokumentation_Taxa_från_edp:6;;;;;;;;;;;;0.50;e | strdelprodukt | edp-delprodukt | används för kategori, t.ex. hush, åvc, slam
RULE:DOCUMENTATION;Dokumentation_Taxa_från_edp:7;;;;;Abonnemang;;;;;;;0.50;f | bytdelradnr | delrad i edp-taxa | nya föreslagna taxor får ofta 1 om endast en grundrad skapas
RULE:DOCUMENTATION;Dokumentation_Taxa_från_edp:8;;;;;;;;;;;;0.50;g | strfaktor | faktor/beräkningsgrund | tolkning hämtas från källa_kvantitetskoder och taxekod_tolkning
RULE:DOCUMENTATION;Dokumentation_Taxa_från_edp:9;;;;;;;;;;;;0.50;h | strtaxedelavser | viktig matchningskolumn | används före frågor ställs. ofta tydligast för vad delraden avser
RULE:DOCUMENTATION;Dokumentation_Taxa_från_edp:10;;;;;Abonnemang;;;;;;;0.50;k | curnuvarandepris | aktuellt pris exkl. moms | enda källa till aktuellt pris i taxepunkter. får inte ändras manuellt
RULE:DOCUMENTATION;Dokumentation_Taxa_från_edp:11;;;;;;;;;;;;0.50;q | strformel | beräkningsformel/faktor | används för att förstå enhet och beräkning, t.ex. antb, vikg, dr10
