tax_code;attribute_key;attribute_count;materials;waste_types;units;container_types;intervals;property_types;source;source_text
;ASBEST|KG|VERKSAMHET;3;ASBEST;;KG;;;VERKSAMHET;RULE:Taxepunkter:309;Asbest, emballerat Verksamhetsavfall Asbest §6.1.3 | §6.1.3 | Asbest, emballerat | 170601* | Kr/Kg |  |  |  |  |  |  | 
;ASBEST|M3|VERKSAMHET;3;ASBEST;;M3;;;VERKSAMHET;RULE:Taxepunkter:265;Isolering utan innehåll av asbest ÅVC/verksamhetsavfall Asbest Volym VOLM §6.1.2 | §6.1.2 | Isolering utan innehåll av asbest | 170604 | kr/m3 |  |  |  |  |  |  | 
;BESÖK|VERKSAMHET;2;;;BESÖK;;;VERKSAMHET;RULE:Taxepunkter:246;Verksamheter Verksamhetsavfall §6.1.1 | §6.1.1 | Verksamheter |  | kr/besök |  |  |  |  |  |  | 
;BESÖK|VERKSAMHET;2;;;BESÖK;;;VERKSAMHET;RULE:Taxepunkter:247;Övriga abonnemangstyper Verksamhetsavfall §6.1.1 | §6.1.1 | Övriga abonnemangstyper |  | kr/besök |  |  |  |  |  |  | 
;BESÖK|VERKSAMHET;2;;;BESÖK;;;VERKSAMHET;RULE:Taxepunkter:248;Vågkort Verksamhetsavfall §6.1.1 | §6.1.1 | Vågkort |  | kr/besök |  |  |  |  |  |  | 
;BESÖK|VERKSAMHET;2;;;BESÖK;;;VERKSAMHET;RULE:Taxepunkter:249;Borttappat vågkort Verksamhetsavfall §6.1.1 | §6.1.1 | Borttappat vågkort |  | kr/besök |  |  |  |  |  |  | 
;BESÖK|VERKSAMHET;2;;;BESÖK;;;VERKSAMHET;RULE:Taxepunkter:250;Ej redovisad ankomst till ÅVC för avlämning av verksamhetsavfall Verksamhetsavfall §6.1.1 | §6.1.1 | Ej redovisad ankomst till ÅVC för avlämning av verksamhetsavfall |  | kr/besök |  |  |  |  |  |  | 
;BOX|VERKSAMHET;2;;;;BOX;;VERKSAMHET;RULE:Taxepunkter:355;Kyl-, frysskåp, -box Verksamhetsavfall Kyl/frys §6.1.4 | §6.1.4 | Kyl-, frysskåp, -box | 200123* | Kr/St |  |  |  |  |  |  | 
CONT10ASBUD;CONTAINER;1;;;;CONTAINER;;;RULE:Taxa_från_edp:39;Container 10m3 Aska Okänd ÅRKV CONT10ASBUD | Container 10m3 Aska | ÅRKV | Container 10m3 Aska | ANTB
HBL;CONTAINER;1;;;;CONTAINER;;;STANDARD:Standard Avfall:463;Hyra baklastar container ÅRKV ANTB
HFL;CONTAINER;1;;;;CONTAINER;;;STANDARD:Standard Avfall:462;Hyra frontlastar container ÅRKV ANTB
HKP;CONTAINER;1;;;;CONTAINER;;;STANDARD:Standard Avfall:464;Hyra komprimator/ komprimerande container ÅRKV ANTB
HLD;CONTAINER;1;;;;CONTAINER;;;STANDARD:Standard Avfall:465;Hyra liftdumper container ÅRKV ANTB
HLDK;CONTAINER;1;;;;CONTAINER;;;STANDARD:Standard Avfall:466;Hyra liftdumper container, korttidsHyra ÅRKV ANTB
OMKLASS;CONTAINER;1;;;;CONTAINER;;;RULE:Taxa_från_edp:166;Omklassning av felsorterad container Okänd KVAN OMKLASS | Omklassning av felsorterad container | KVAN | Omklassning av felsorterad container | ANTL
;CONTAINER|VERKSAMHET;2;;;;CONTAINER;;VERKSAMHET;RULE:Taxepunkter:359;Verksamhetsavfall §6.1.5 Hyra av container | §6.1.5 Hyra av container |  |  |  |  |  |  |  |  |  | 
;CONTAINER|VERKSAMHET;2;;;;CONTAINER;;VERKSAMHET;RULE:Taxepunkter:363;Omklassning av felsorterad container Verksamhetsavfall Tillfälle TILLFÄLLE §6.1.5 | §6.1.5 | Omklassning av felsorterad container |  | st/tillfälle |  |  |  |  |  |  | 
NYFF1;FACK;1;;;;FACK;;;STANDARD:Standard Avfall:312;Dummytaxa, ny tjänst via ändringsorder Fyrfack 1 ÅRKV 0
NYFF2;FACK;1;;;;FACK;;;STANDARD:Standard Avfall:313;Dummytaxa, ny tjänst via ändringsorder Fyrfack 2 ÅRKV 0
;FARLIGT AVFALL;1;;FARLIGT AVFALL;;;;;RULE:Taxepunkter:160;Farligt avfall (ej uppmärkt) Hushåll Farligt avfall Tillfälle TILLFÄLLE §2.5.1 | §2.5.1 | Farligt avfall (ej uppmärkt) |  | st/tillfälle |  |  |  |  |  |  | 
;FARLIGT AVFALL;1;;FARLIGT AVFALL;;;;;RULE:Taxepunkter:161;Farligt avfall (uppmärkt) Hushåll Farligt avfall Tillfälle TILLFÄLLE §2.5.1 | §2.5.1 | Farligt avfall (uppmärkt) |  | st/tillfälle |  |  |  |  |  |  | 
;FARLIGT AVFALL;1;;FARLIGT AVFALL;;;;;RULE:Taxepunkter:162;Farligt avfall (uppmärkt) Hushåll Farligt avfall Tillfälle TILLFÄLLE §2.5.1 | §2.5.1 | Farligt avfall (uppmärkt) |  | st/tillfälle |  |  |  |  |  |  | 
FARLIGTBUD;FARLIGT AVFALL;1;;FARLIGT AVFALL;;;;;RULE:Taxa_från_edp:49;Budning av farligt avfall, pris per tillfälle Okänd Farligt avfall Tillfälle KVAN FARLIGTBUD | Budning av farligt avfall, pris per tillfälle | KVAN | Budning av farligt avfall, pris per tillfälle | ANTL
MF1;FARLIGT AVFALL;1;;FARLIGT AVFALL;;;;;RULE:Taxa_från_edp:155;Miljöfarligt avfall nivå , små/medel företag Okänd ÅRPR MF1 | Miljöfarligt avfall nivå , små/medel företag | ÅRPR | Miljöfarligt avfall nivå 1 | 
MF2;FARLIGT AVFALL;1;;FARLIGT AVFALL;;;;;RULE:Taxa_från_edp:156;Miljöfarligt avfall nivå 2, större företag Okänd ÅRPR MF2 | Miljöfarligt avfall nivå 2, större företag | ÅRPR | Miljöfarligt avfall nivå 2 | 
SORTERING;FARLIGT AVFALL;1;;FARLIGT AVFALL;;;;;RULE:Taxa_från_edp:212;Material till sortering (Ej farligt avfall och elavfall) Okänd Elavfall KVAN SORTERING | Material till sortering (Ej farligt avfall och elavfall) | KVAN | Material till sortering | VITO
;FARLIGT AVFALL|BESÖK|VERKSAMHET;3;;FARLIGT AVFALL;BESÖK;;;VERKSAMHET;RULE:Taxepunkter:278;Osorterat avfall till sortering ej innehåll av farligt avfall eller elavfall ÅVC/verksamhetsavfall Elavfall §6.1.2 | §6.1.2 | Osorterat avfall till sortering ej innehåll av farligt avfall eller elavfall |  | Kr/besök |  |  |  |  |  |  | 
;FARLIGT AVFALL|HÄMTNING|VERKSAMHET;3;;FARLIGT AVFALL;HÄMTNING;;;VERKSAMHET;RULE:Taxepunkter:366;Ombud för rapportering av farligt avfall i Avfallsregistret Verksamhetsavfall Farligt avfall §6.1.6 | §6.1.6 | Ombud för rapportering av farligt avfall i Avfallsregistret | Hämtning månadsvis | st/år |  |  |  |  |  |  | 
HÄMTFARLIGT;FARLIGT AVFALL|KG,HÄMTNING;3;;FARLIGT AVFALL;KG,HÄMTNING;;;;RULE:Taxa_från_edp:99;Hämtning av farligt avfall hos hushåll (max 25 kg) Okänd Farligt avfall KVAN HÄMTFARLIGT | Hämtning av farligt avfall hos hushåll (max 25 kg) | KVAN | Hämtning av farligt avfall, pris per tillfälle | ANTL
;FARLIGT AVFALL|VERKSAMHET;2;;FARLIGT AVFALL;;;;VERKSAMHET;RULE:Taxepunkter:279;Verksamhetsavfall Farligt avfall §6.1.3 Tillägg för farligt avfall | §6.1.3 Tillägg för farligt avfall |  |  |  |  |  |  |  |  |  | 
;FARLIGT AVFALL|VERKSAMHET;2;;FARLIGT AVFALL;;;;VERKSAMHET;RULE:Taxepunkter:353;Toner, färgpatron utan elektronik Verksamhetsavfall Farligt avfall §6.1.4 | §6.1.4 | Toner, färgpatron utan elektronik | Se farligt avfall | Ej pris |  |  |  |  |  |  | 
;FARLIGT AVFALL|VERKSAMHET;2;;FARLIGT AVFALL;;;;VERKSAMHET;RULE:Taxepunkter:365;Okänt farligt avfall säkerhetsdatablad saknas Verksamhetsavfall Farligt avfall Tillfälle TILLFÄLLE §6.1.6 | §6.1.6 | Okänt farligt avfall säkerhetsdatablad saknas |  | st/tillfälle |  |  |  |  |  |  | 
;FRAKTION|VERKSAMHET;2;;;FRAKTION;;;VERKSAMHET;RULE:Taxepunkter:251;Ej redovisad eller fel redovisad fraktion av avfall Verksamhetsavfall §6.1.1 | §6.1.1 | Ej redovisad eller fel redovisad fraktion av avfall |  | kr/fraktion |  |  |  |  |  |  | 
;FRITIDSHUS;1;;;;;;FRITIDSHUS;RULE:Taxepunkter:25;Hushåll §2.2.2 Hämtningsavgift per år för fritidshus inom hämtningsområde X | §2.2.2 Hämtningsavgift per år för fritidshus inom hämtningsområde X |  |  |  |  |  |  |  |  |  | 
AF;FRITIDSHUS;1;;;;;;FRITIDSHUS;RULE:Taxa_från_edp:3;AVLOPP FRITIDSHUS Okänd ÅRPR AF | AVLOPP FRITIDSHUS | ÅRPR | Avlopp fritidshus | 
FASTFRI;FRITIDSHUS;1;;;;;;FRITIDSHUS;STANDARD:Standard Avfall:5;Fast grundavgift, fritidshus ÅRKV FAST
GRUNDFRI;FRITIDSHUS;1;;;;;;FRITIDSHUS;RULE:Taxa_från_edp:68;Grundavgift fritidshus Okänd ÅRPR GRUNDFRI | Grundavgift fritidshus | ÅRPR | Grundavg. renhåll. fritid | 
GRUNDFRI;FRITIDSHUS;1;;;;;;FRITIDSHUS;RULE:Taxepunkter:10;Fritidshus Hushåll ÅRPR §2.1 | §2.1 | Fritidshus |  | st/år | GRUNDFRI | GRUNDFRI | ÅRPR |  |  |  | 
SAMLB;FRITIDSHUS;1;;;;;;FRITIDSHUS;RULE:Taxa_från_edp:181;FRITIDSHUS BRÄSKAFORS Okänd ÅRPR SAMLB | FRITIDSHUS BRÄSKAFORS | ÅRPR | Grundavgift | 
VAFP;FRITIDSHUS;1;;;;;;FRITIDSHUS;RULE:Taxa_från_edp:248;VA FRITIDSHUS PARHUS Okänd ÅRPR VAFP | VA FRITIDSHUS PARHUS | ÅRPR | Vatten och avlopp | 
VAUMF;FRITIDSHUS;1;;;;;;FRITIDSHUS;RULE:Taxa_från_edp:260;VA FRITIDSHUS Okänd ÅRPR VAUMF | VA FRITIDSHUS | ÅRPR | Fast avgift va fritidshus | 
VF;FRITIDSHUS;1;;;;;;FRITIDSHUS;RULE:Taxa_från_edp:261;VATTEN FRITIDSHUS Okänd ÅRPR VF | VATTEN FRITIDSHUS | ÅRPR | Vatten fritidshus | 
AFC;FRITIDSHUS,CAMPING;2;;;;;;FRITIDSHUS,CAMPING;RULE:Taxa_från_edp:4;AVLOPP FRITIDSHUS CAMPING Okänd ÅRKV AFC | AVLOPP FRITIDSHUS CAMPING | ÅRKV | Avlopp fritidshus | KETT
VAUMC;FRITIDSHUS,CAMPING;2;;;;;;FRITIDSHUS,CAMPING;RULE:Taxa_från_edp:258;VA FRITIDSHUS CAMPING Okänd ÅRPR VAUMC | VA FRITIDSHUS CAMPING | ÅRPR | Fast avgift camping | 
;FRITIDSHUS,VERKSAMHET,LÄGENHET,SMÅHUS;4;;;;;;FRITIDSHUS,VERKSAMHET,LÄGENHET,SMÅHUS;RULE:Taxepunkter:6;Hushåll §2 Avgifter och tjänster – en- och tvåbostadshus, fritidshus, verksamhet, lägenhet och anläggning | §2 Avgifter och tjänster – en- och tvåbostadshus, fritidshus, verksamhet, lägenhet och anläggning |  |  |  |  |  |  |  |  |  | 
;GIPS|KG|VERKSAMHET;3;GIPS;;KG;;;VERKSAMHET;RULE:Taxepunkter:260;Gips, gipsskivor ÅVC/verksamhetsavfall Gips §6.1.2 | §6.1.2 | Gips, gipsskivor | 170802 | kr/kg |  |  |  |  |  |  | 
VIKTGF;GLAS;1;GLAS;;;;;;RULE:Taxa_från_edp:262;Vikt, glasförpackningar färgat Okänd KVAN VIKTGF | Vikt, glasförpackningar färgat | KVAN | Vikt, glasförpackningar färgat | VIKG
VIKTGO;GLAS;1;GLAS;;;;;;RULE:Taxa_från_edp:263;Vikt, glasförpackningar ofärgat Okänd KVAN VIKTGO | Vikt, glasförpackningar ofärgat | KVAN | Vikt, glasförpackningar ofärgat | VIKG
ÅBEHGF;GLAS;1;GLAS;;;;;;STANDARD:Standard ÅVS:12;ÅVS behandling glasförpackningar, färgade KVAN ANTL
ÅBEHGO;GLAS;1;GLAS;;;;;;STANDARD:Standard ÅVS:14;ÅVS behandling glasförpackningar, ofärgade KVAN ANTL
ÅBUDGF;GLAS;1;GLAS;;;;;;STANDARD:Standard ÅVS:25;ÅVS budad tömning glasförpackningar, färgade KVAN ANTL
ÅBUDGO;GLAS;1;GLAS;;;;;;STANDARD:Standard ÅVS:26;ÅVS budad tömning glasförpackningar, ofärgade KVAN ANTL
ÅTÖMGF;GLAS;1;GLAS;;;;;;STANDARD:Standard ÅVS:11;ÅVS tömning glasförpackningar, färgade KVAN ANTL
ÅTÖMGO;GLAS;1;GLAS;;;;;;STANDARD:Standard ÅVS:13;ÅVS tömning glasförpackningar, ofärgade KVAN ANTL
ÅVSGF;GLAS;1;GLAS;;;;;;STANDARD:Standard ÅVS:3;ÅVS glasförpackningar, färgade. Tjänsttaxa ÅRKV ANTB
ÅVSGO;GLAS;1;GLAS;;;;;;STANDARD:Standard ÅVS:4;ÅVS glasförpackningar, ofärgade. Tjänsttaxa ÅRKV ANTB
TEST240OFFG13;GLAS|FÄRGAT GLAS,OFÄRGAT GLAS|LITER|KÄRL;5;GLAS;FÄRGAT GLAS,OFÄRGAT GLAS;LITER;KÄRL;;;RULE:Taxa_från_edp:218;240 2-DELAT KÄRL/4:E VECKA FÄRGAT O OFÄRGAT GLAS TEST Okänd ÅRKV TEST240OFFG13 | 240 2-DELAT KÄRL/4:E VECKA FÄRGAT O OFÄRGAT GLAS TEST | ÅRKV | 240 l kärl/4 vecka test glas färgat ofärgata | ANTB
TEST240OFFG13;GLAS|FÄRGAT GLAS,OFÄRGAT GLAS|LITER|KÄRL;5;GLAS;FÄRGAT GLAS,OFÄRGAT GLAS;LITER;KÄRL;;;RULE:Taxa_från_edp:219;240 2-DELAT KÄRL/4:E VECKA FÄRGAT O OFÄRGAT GLAS TEST Okänd KVAN TEST240OFFG13 | 240 2-DELAT KÄRL/4:E VECKA FÄRGAT O OFÄRGAT GLAS TEST | KVAN | 240 l viktavgift färgat ofärgat test | VIKG
;GLAS|KG|VERKSAMHET;3;GLAS;;KG;;;VERKSAMHET;RULE:Taxepunkter:262;Fönster- och planglas utan karm ÅVC/verksamhetsavfall §6.1.2 | §6.1.2 | Fönster- och planglas utan karm | 170202 | kr/kg |  |  |  |  |  |  | 
MB1400GF;GLAS|M3;2;GLAS;;M3;;;;RULE:Taxa_från_edp:136;Tömning Markbehållare 1.4 m³, glas färgat. Tjänsttaxa Okänd ÅRKV MB1400GF | Tömning Markbehållare 1.4 m³, glas färgat. Tjänsttaxa | ÅRKV | Tömning Markbehållare 1.4 m³, glas färgat. | 0
MB1400GFTÖM;GLAS|M3;2;GLAS;;M3;;;;RULE:Taxa_från_edp:137;Tömning Markbehållare 1.4 m³, glas färgat. Okänd KVAN MB1400GFTÖM | Tömning Markbehållare 1.4 m³, glas färgat. | KVAN | Tömning Markbehållare 1.4 m³, glas färgat. | ANTL
MB1400GO;GLAS|M3;2;GLAS;;M3;;;;RULE:Taxa_från_edp:138;Tömning Markbehållare 1.4 m³, glas ofärgat. Tjänsttaxa Okänd ÅRKV MB1400GO | Tömning Markbehållare 1.4 m³, glas ofärgat. Tjänsttaxa | ÅRKV | Tömning Markbehållare 1.4 m³, glas ofärgat. | 0
MB1400GOTÖM;GLAS|M3;2;GLAS;;M3;;;;RULE:Taxa_från_edp:139;Tömning Markbehållare 1.4 m³, glas ofärgat. Okänd KVAN MB1400GOTÖM | Tömning Markbehållare 1.4 m³, glas ofärgat. | KVAN | TTömning Markbehållare 1.4 m³, glas ofärgat. | ANTL
GROVBUD;GROVAVFALL;1;;GROVAVFALL;;;;;RULE:Taxa_från_edp:66;Budning av grovavfall, pris per tillfälle Okänd Tillfälle KVAN GROVBUD | Budning av grovavfall, pris per tillfälle | KVAN | Budning av grovavfall, pris per tillfälle | ANTL
GROVBUD;GROVAVFALL|HÄMTNING;2;;GROVAVFALL;HÄMTNING;;;;STANDARD:Standard Avfall:198;Hämtning grovavfall, budning KVAN ANTL
GROVAVFALL;GROVAVFALL|VERKSAMHET;2;;GROVAVFALL;;;;VERKSAMHET;RULE:Taxa_från_edp:65;Grovavfall/organiskt avfall, storkompost (verksamhet) Okänd KVAN GROVAVFALL | Grovavfall/organiskt avfall, storkompost (verksamhet) | KVAN | Grovavfall/organiskt avfall, storkompost | VITO
;HÄMTNING;1;;;HÄMTNING;;;;RULE:Dokumentation_Taxepunkter:5;D | Variant | Manuell | Word | Anger t.ex. Hämtning varje vecka, Avgift per tömning, var 14:e dag. | Ja
;HÄMTNING;1;;;HÄMTNING;;;;RULE:Taxepunkter:158;Hushåll §2.5.1 Budning för fastighetsnära hämtning av kommunalt avfall | §2.5.1 Budning för fastighetsnära hämtning av kommunalt avfall |  |  |  |  |  |  |  |  |  | 
;HÄMTNING;1;;;HÄMTNING;;;;RULE:Taxepunkter:199;Tilläggstjänst §4 Hämtning av fosforfilter | §4 Hämtning av fosforfilter |  |  |  |  |  |  |  |  |  | 
;HÄMTNING;1;;;HÄMTNING;;;;RULE:Taxepunkter:200;Tilläggstjänst §4.1 Budad hämtning fosforfilter | §4.1 Budad hämtning fosforfilter |  |  |  |  |  |  |  |  |  | 
;HÄMTNING;1;;;HÄMTNING;;;;RULE:Taxepunkter:201;Tilläggstjänst §4.1.1 Budad hämtning fosforfilter | §4.1.1 Budad hämtning fosforfilter |  |  |  |  |  |  |  |  |  | 
;HÄMTNING;1;;;HÄMTNING;;;;RULE:Taxepunkter:211;Avgift om hämtning ej kan utföras pga hinder, bristande väg eller vägran Tilläggstjänst Tillfälle TILLFÄLLE §4.2.1 | §4.2.1 | Avgift om hämtning ej kan utföras pga hinder, bristande väg eller vägran |  | kr/tillfälle |  |  |  |  |  |  | 
LÖSTKBMBUD;HÄMTNING;1;;;HÄMTNING;;;;STANDARD:Standard Avfall:199;Hämtning löst avfall, per kbm. Budning KVAN ANTL
UPPEHÅLL;HÄMTNING;1;;;HÄMTNING;;;;STANDARD:Standard Avfall:308;Dummytaxa för tjänst som har upphåll i hämtning ÅRKV 0
UJ1500GF;JORD,GLAS|M3;3;JORD,GLAS;;M3;;;;RULE:Taxa_från_edp:225;Underjordsbehållare 1,5 m³, glas färgat. Tjänsttaxa Okänd ÅRKV UJ1500GF | Underjordsbehållare 1,5 m³, glas färgat. Tjänsttaxa | ÅRKV | Underjordsbehållare 1,5 m³, glas färgat | 0
UJ1500GFTÖM;JORD,GLAS|M3;3;JORD,GLAS;;M3;;;;RULE:Taxa_från_edp:226;Tömning underjordsbehållare 1,5 m³, glasförp färgat Okänd KVAN UJ1500GFTÖM | Tömning underjordsbehållare 1,5 m³, glasförp färgat | KVAN | Tömning underjordsbehållare 1,5 m³, glasförp färgat | ANTL
UJ1500GO;JORD,GLAS|M3;3;JORD,GLAS;;M3;;;;RULE:Taxa_från_edp:227;Underjordsbehållare 1,5 m³, glas ofärgat. Tjänsttaxa Okänd ÅRKV UJ1500GO | Underjordsbehållare 1,5 m³, glas ofärgat. Tjänsttaxa | ÅRKV | Underjordsbehållare 1,5 m³, glas ofärgat | 0
UJ1500GOTÖM;JORD,GLAS|M3;3;JORD,GLAS;;M3;;;;RULE:Taxa_från_edp:228;Tömning underjordsbehållare 1,5 m³, glasförp ofärgat Okänd KVAN UJ1500GOTÖM | Tömning underjordsbehållare 1,5 m³, glasförp ofärgat | KVAN | Tömning underjordsbehållare 1,5 m³, glasförp ofärgat | ANTL
UJ1500ME;JORD,METALL|M3;3;JORD,METALL;;M3;;;;RULE:Taxa_från_edp:229;Underjordsbehållare 1,5 m³, metallförpackningar. Tjänsttaxa Okänd ÅRKV UJ1500ME | Underjordsbehållare 1,5 m³, metallförpackningar. Tjänsttaxa | ÅRKV | Underjordsbehållare 1,5 m³, metallförpackningar | 0
UJ1500METÖM;JORD,METALL|M3;3;JORD,METALL;;M3;;;;RULE:Taxa_från_edp:230;Tömning underjordsbehållare 1,5 m³, metallförpackningar Okänd KVAN UJ1500METÖM | Tömning underjordsbehållare 1,5 m³, metallförpackningar | KVAN | Tömning underjordsbehållare 1,5 m³, metallförpackningar | ANTL
UJ5000PA;JORD,PAPPER|M3;3;JORD,PAPPER;;M3;;;;RULE:Taxa_från_edp:237;Underjordsbehållare 5 m³, pappersförpackningar. Tjänsttaxa Okänd ÅRKV UJ5000PA | Underjordsbehållare 5 m³, pappersförpackningar. Tjänsttaxa | ÅRKV | Underjordsbehållare 5 m³, pappersförpackningar | 0
UJ5000PATÖM;JORD,PAPPER|M3;3;JORD,PAPPER;;M3;;;;RULE:Taxa_från_edp:238;Tömning underjordsbehållare 5 m³, pappersförpackningar Okänd KVAN UJ5000PATÖM | Tömning underjordsbehållare 5 m³, pappersförpackningar | KVAN | Tömning underjordsbehållare 5 m³, pappersförpackningar | ANTL
UJ3200PL;JORD,PLAST|M3;3;JORD,PLAST;;M3;;;;RULE:Taxa_från_edp:233;Underjordsbehållare 3,2 m³, plastförpackningar. Tjänsttaxa Okänd ÅRKV UJ3200PL | Underjordsbehållare 3,2 m³, plastförpackningar. Tjänsttaxa | ÅRKV | Underjordsbehållare 3,2 m³, plastförpackningar | 0
UJ3200PLTÖM;JORD,PLAST|M3;3;JORD,PLAST;;M3;;;;RULE:Taxa_från_edp:234;Tömning underjordsbehållare 3,2 m³, plastförpackningar Okänd KVAN UJ3200PLTÖM | Tömning underjordsbehållare 3,2 m³, plastförpackningar | KVAN | Tömning underjordsbehållare 3,2 m³, plastförpackningar | ANTL
UJ5000PL;JORD,PLAST|M3;3;JORD,PLAST;;M3;;;;RULE:Taxa_från_edp:239;Underjordsbehållare 5 m³, plastförpackningar. Tjänsttaxa Okänd ÅRKV UJ5000PL | Underjordsbehållare 5 m³, plastförpackningar. Tjänsttaxa | ÅRKV | Underjordsbehållare 5 m³, plastförpackningar | 0
UJ5000PLTÖM;JORD,PLAST|M3;3;JORD,PLAST;;M3;;;;RULE:Taxa_från_edp:240;Tömning underjordsbehållare 5 m³, plastförpackningar Okänd KVAN UJ5000PLTÖM | Tömning underjordsbehållare 5 m³, plastförpackningar | KVAN | Tömning underjordsbehållare 5 m³, plastförpackningar | ANTL
;JORD|KG|VERKSAMHET;3;JORD;;KG;;;VERKSAMHET;RULE:Taxepunkter:287;Förpackningar, tömde ej rengjorda Verksamhetsavfall Förpackningar §6.1.3 | §6.1.3 | Förpackningar, tömde ej rengjorda | 150110* | Kr/Kg |  |  |  |  |  |  | 
;JORD|M3|VERKSAMHET;3;JORD;;M3;;;VERKSAMHET;RULE:Taxepunkter:274;Jord ÅVC/verksamhetsavfall Volym VOLM §6.1.2 | §6.1.2 | Jord |  | kr/m3 |  |  |  |  |  |  | 
UJ800MA;JORD|MAT|M3;3;JORD;MAT;M3;;;;RULE:Taxa_från_edp:241;Underjordsbehållare 0,8 m³, matavfall. Tjänsttaxa Okänd Matavfall ÅRKV UJ800MA | Underjordsbehållare 0,8 m³, matavfall. Tjänsttaxa | ÅRKV | Underjordsbehållare 0,8 m³, matavfall | 0
UJ800MATÖM;JORD|MAT|M3;3;JORD;MAT;M3;;;;RULE:Taxa_från_edp:242;Tömning underjordsbehållare 0,8 m³, matavfall Okänd Matavfall KVAN UJ800MATÖM | Tömning underjordsbehållare 0,8 m³, matavfall | KVAN | Tömning underjordsbehållare 0,8 m³, matavfall | ANTL
UJ3200RE;JORD|REST|M3;3;JORD;REST;M3;;;;RULE:Taxa_från_edp:235;Underjordsbehållare 3,2 m³, restavfall. Tjänsttaxa Okänd Restavfall ÅRKV UJ3200RE | Underjordsbehållare 3,2 m³, restavfall. Tjänsttaxa | ÅRKV | Underjordsbehållare 3,2 m³, restavfall | 0
UJ3200RETÖM;JORD|REST|M3;3;JORD;REST;M3;;;;RULE:Taxa_från_edp:236;Tömning underjordsbehållare 3,2 m³, restavfall Okänd Restavfall KVAN UJ3200RETÖM | Tömning underjordsbehållare 3,2 m³, restavfall | KVAN | Tömning underjordsbehållare 3,2 m³, restavfall | ANTL
UJ1500TI;JORD|TIDNING|M3;3;JORD;TIDNING;M3;;;;RULE:Taxa_från_edp:231;Underjordsbehållare 1,5 m³, tidningar. Tjänsttaxa Okänd ÅRKV UJ1500TI | Underjordsbehållare 1,5 m³, tidningar. Tjänsttaxa | ÅRKV | Underjordsbehållare 1,5 m³, tidningar | 0
UJ1500TITÖM;JORD|TIDNING|M3;3;JORD;TIDNING;M3;;;;RULE:Taxa_från_edp:232;Tömning underjordsbehållare 1,5 m³, tidningar Okänd KVAN UJ1500TITÖM | Tömning underjordsbehållare 1,5 m³, tidningar | KVAN | Tömning underjordsbehållare 1,5 m³, tidningar | ANTL
;KG;1;;;KG;;;;RULE:Dokumentation_Taxepunkter:6;E | Enhet | Manuell | Word/bedömning | Anger debiteringsenhet, t.ex. st/år, st/tömning, kg. | Ja
;KG;1;;;KG;;;;RULE:Taxepunkter:227;Hantering av brunnslock som väger 15-25 kg Slam Tillfälle TILLFÄLLE §5.2.1 | §5.2.1 | Hantering av brunnslock som väger 15-25 kg |  | kr/tillfälle |  |  |  |  |  |  | 
SLTUNGTLOCK;KG;1;;;KG;;;;RULE:Taxa_från_edp:209;Lyft av tungt brunnslock över 15 kg Okänd KVAN SLTUNGTLOCK | Lyft av tungt brunnslock över 15 kg | KVAN | Lyft av tungt brunnslock över 15 kg | ANTL
Tungt lock;KG;1;;;KG;;;;RULE:Taxa_från_edp:224;Lyft av tung lock över 15 kilo slam Slam Slam KVAN Tungt lock | Lyft av tung lock över 15 kilo slam | KVAN | Lyft av tungt brunnslock över 15 kg | ANTL
;KG,HÄMTNING;2;;;KG,HÄMTNING;;;;RULE:Taxepunkter:202;Filtermassor upp till 500 kg Tilläggstjänst Tillfälle TILLFÄLLE §4.1.1 | §4.1.1 | Filtermassor upp till 500 kg | Budad hämtning inom sju (7) arbetsdagar | kr/tillfälle |  |  |  |  |  |  | 
;KG,HÄMTNING;2;;;KG,HÄMTNING;;;;RULE:Taxepunkter:203;Filtermassor 500-1000 kg Tilläggstjänst Tillfälle TILLFÄLLE §4.1.1 | §4.1.1 | Filtermassor 500-1000 kg | Budad hämtning inom sju (7) arbetsdagar | kr/tillfälle |  |  |  |  |  |  | 
;KG|BOX|VERKSAMHET;3;;;KG;BOX;;VERKSAMHET;RULE:Taxepunkter:356;Kyl-, frysskåp, -box från verksamhet Verksamhetsavfall Kyl/frys §6.1.4 | §6.1.4 | Kyl-, frysskåp, -box från verksamhet | 200123* | Kr/Kg |  |  |  |  |  |  | 
;KG|VERKSAMHET;2;;;KG;;;VERKSAMHET;RULE:Taxepunkter:178;Hantering av brunnslock som väger 15-25 kg Flerbostad/verksamhet Tillfälle TILLFÄLLE §3.2.1 | §3.2.1 | Hantering av brunnslock som väger 15-25 kg |  | kr/tillfälle |  |  |  |  |  |  | 
;KG|VERKSAMHET;2;;;KG;;;VERKSAMHET;RULE:Taxepunkter:254;Avfall till energiåtervinning ÅVC/verksamhetsavfall §6.1.2 | §6.1.2 | Avfall till energiåtervinning | 200301 | kr/kg |  |  |  |  |  |  | 
;KG|VERKSAMHET;2;;;KG;;;VERKSAMHET;RULE:Taxepunkter:255;Skrymmande avfall till energiåtervinning större än 20x20x80 ÅVC/verksamhetsavfall §6.1.2 | §6.1.2 | Skrymmande avfall till energiåtervinning större än 20x20x80 | 200307 | kr/kg |  |  |  |  |  |  | 
;KG|VERKSAMHET;2;;;KG;;;VERKSAMHET;RULE:Taxepunkter:259;Betong, lättbetong ÅVC/verksamhetsavfall Betong §6.1.2 | §6.1.2 | Betong, lättbetong | 170101 | kr/kg |  |  |  |  |  |  | 
;KG|VERKSAMHET;2;;;KG;;;VERKSAMHET;RULE:Taxepunkter:261;Tegel ÅVC/verksamhetsavfall Tegel §6.1.2 | §6.1.2 | Tegel | 170102 | kr/kg |  |  |  |  |  |  | 
;KG|VERKSAMHET;2;;;KG;;;VERKSAMHET;RULE:Taxepunkter:263;Fönster med karm ÅVC/verksamhetsavfall §6.1.2 | §6.1.2 | Fönster med karm |  | kr/kg |  |  |  |  |  |  | 
;KG|VERKSAMHET;2;;;KG;;;VERKSAMHET;RULE:Taxepunkter:266;Klinker, keramik, porslin ÅVC/verksamhetsavfall §6.1.2 | §6.1.2 | Klinker, keramik, porslin | 170103 | kr/kg |  |  |  |  |  |  | 
;KG|VERKSAMHET;2;;;KG;;;VERKSAMHET;RULE:Taxepunkter:270;Textilier ÅVC/verksamhetsavfall §6.1.2 | §6.1.2 | Textilier |  | kr/kg |  |  |  |  |  |  | 
;KG|VERKSAMHET;2;;;KG;;;VERKSAMHET;RULE:Taxepunkter:271;Fiskeredskap ÅVC/verksamhetsavfall §6.1.2 | §6.1.2 | Fiskeredskap |  | kr/kg |  |  |  |  |  |  | 
;KG|VERKSAMHET;2;;;KG;;;VERKSAMHET;RULE:Taxepunkter:280;Tonerkassetter, utan elektronik/chip Verksamhetsavfall §6.1.3 | §6.1.3 | Tonerkassetter, utan elektronik/chip | 80307 | Kr/Kg |  |  |  |  |  |  | 
;KG|VERKSAMHET;2;;;KG;;;VERKSAMHET;RULE:Taxepunkter:281;Oljeemulsion, emballerat Verksamhetsavfall Oljeavfall §6.1.3 | §6.1.3 | Oljeemulsion, emballerat | 120109* | Kr/Kg |  |  |  |  |  |  | 
;KG|VERKSAMHET;2;;;KG;;;VERKSAMHET;RULE:Taxepunkter:282;Förorenad olja innehållande PCB Verksamhetsavfall Oljeavfall §6.1.3 | §6.1.3 | Förorenad olja innehållande PCB | 130301* | Kr/Kg |  |  |  |  |  |  | 
;KG|VERKSAMHET;2;;;KG;;;VERKSAMHET;RULE:Taxepunkter:283;Oljeavskiljarslam Verksamhetsavfall Oljeavfall §6.1.3 | §6.1.3 | Oljeavskiljarslam | 130508* | Kr/Kg |  |  |  |  |  |  | 
;KG|VERKSAMHET;2;;;KG;;;VERKSAMHET;RULE:Taxepunkter:284;Diesel Verksamhetsavfall §6.1.3 | §6.1.3 | Diesel | 130701* | Kr/Kg |  |  |  |  |  |  | 
;KG|VERKSAMHET;2;;;KG;;;VERKSAMHET;RULE:Taxepunkter:285;Bensinrester Verksamhetsavfall §6.1.3 | §6.1.3 | Bensinrester | 130702* | Kr/Kg |  |  |  |  |  |  | 
;KG|VERKSAMHET;2;;;KG;;;VERKSAMHET;RULE:Taxepunkter:286;Hydralslang, med/utan koppling Verksamhetsavfall §6.1.3 | §6.1.3 | Hydralslang, med/utan koppling | 130899* | Kr/Kg |  |  |  |  |  |  | 
;KG|VERKSAMHET;2;;;KG;;;VERKSAMHET;RULE:Taxepunkter:288;Oljeavfall, fast osorterat emba Verksamhetsavfall Oljeavfall §6.1.3 | §6.1.3 | Oljeavfall, fast osorterat emba | 150202* | Kr/Kg |  |  |  |  |  |  | 
;KG|VERKSAMHET;2;;;KG;;;VERKSAMHET;RULE:Taxepunkter:289;Absorbermedel, filtermaterial Verksamhetsavfall §6.1.3 | §6.1.3 | Absorbermedel, filtermaterial | 150202* | Kr/Kg |  |  |  |  |  |  | 
;KG|VERKSAMHET;2;;;KG;;;VERKSAMHET;RULE:Taxepunkter:290;Oljefilter Verksamhetsavfall Oljeavfall §6.1.3 | §6.1.3 | Oljefilter | 160107* | Kr/Kg |  |  |  |  |  |  | 
;KG|VERKSAMHET;2;;;KG;;;VERKSAMHET;RULE:Taxepunkter:291;Bromsvätska Verksamhetsavfall §6.1.3 | §6.1.3 | Bromsvätska | 160113* | Kr/Kg |  |  |  |  |  |  | 
;KG|VERKSAMHET;2;;;KG;;;VERKSAMHET;RULE:Taxepunkter:293;Fogskum Verksamhetsavfall §6.1.3 | §6.1.3 | Fogskum | 160504* | Kr/Kg |  |  |  |  |  |  | 
;KG|VERKSAMHET;2;;;KG;;;VERKSAMHET;RULE:Taxepunkter:294;Halon Verksamhetsavfall §6.1.3 | §6.1.3 | Halon | 160504* | Kr/Kg |  |  |  |  |  |  | 
;KG|VERKSAMHET;2;;;KG;;;VERKSAMHET;RULE:Taxepunkter:295;Koldioxid Verksamhetsavfall §6.1.3 | §6.1.3 | Koldioxid | 160504* | Kr/Kg |  |  |  |  |  |  | 
;KG|VERKSAMHET;2;;;KG;;;VERKSAMHET;RULE:Taxepunkter:296;Brandsläckare Verksamhetsavfall §6.1.3 | §6.1.3 | Brandsläckare | 160504* | Kr/Kg |  |  |  |  |  |  | 
;KG|VERKSAMHET;2;;;KG;;;VERKSAMHET;RULE:Taxepunkter:297;Helium Verksamhetsavfall §6.1.3 | §6.1.3 | Helium | 160504* | Kr/Kg |  |  |  |  |  |  | 
;KG|VERKSAMHET;2;;;KG;;;VERKSAMHET;RULE:Taxepunkter:298;Tändare Verksamhetsavfall §6.1.3 | §6.1.3 | Tändare | 160504* | Kr/Kg |  |  |  |  |  |  | 
;KG|VERKSAMHET;2;;;KG;;;VERKSAMHET;RULE:Taxepunkter:299;Syrgas Verksamhetsavfall §6.1.3 | §6.1.3 | Syrgas | 160504* | Kr/Kg |  |  |  |  |  |  | 
;KG|VERKSAMHET;2;;;KG;;;VERKSAMHET;RULE:Taxepunkter:300;Oxiderande fast ämne/vätska Verksamhetsavfall §6.1.3 | §6.1.3 | Oxiderande fast ämne/vätska | 160504* | Kr/Kg |  |  |  |  |  |  | 
;KG|VERKSAMHET;2;;;KG;;;VERKSAMHET;RULE:Taxepunkter:301;Klorex Verksamhetsavfall §6.1.3 | §6.1.3 | Klorex | 160504* | Kr/Kg |  |  |  |  |  |  | 
;KG|VERKSAMHET;2;;;KG;;;VERKSAMHET;RULE:Taxepunkter:302;Aerosoler isocyanat, bekämpning Verksamhetsavfall §6.1.3 | §6.1.3 | Aerosoler isocyanat, bekämpning | 160504* | Kr/Kg |  |  |  |  |  |  | 
;KG|VERKSAMHET;2;;;KG;;;VERKSAMHET;RULE:Taxepunkter:303;Gasol inkl tub Verksamhetsavfall §6.1.3 | §6.1.3 | Gasol inkl tub | 160504* | Kr/Kg |  |  |  |  |  |  | 
;KG|VERKSAMHET;2;;;KG;;;VERKSAMHET;RULE:Taxepunkter:304;Gasol, blå programmet Verksamhetsavfall §6.1.3 | §6.1.3 | Gasol, blå programmet | 160504* | Kr/Kg |  |  |  |  |  |  | 
;KG|VERKSAMHET;2;;;KG;;;VERKSAMHET;RULE:Taxepunkter:305;Giftig organisk vätska Verksamhetsavfall §6.1.3 | §6.1.3 | Giftig organisk vätska | 160506* | Kr/Kg |  |  |  |  |  |  | 
;KG|VERKSAMHET;2;;;KG;;;VERKSAMHET;RULE:Taxepunkter:306;Småkemikalier, ej Hg-haltiga Verksamhetsavfall §6.1.3 | §6.1.3 | Småkemikalier, ej Hg-haltiga | 160506* | Kr/Kg |  |  |  |  |  |  | 
;KG|VERKSAMHET;2;;;KG;;;VERKSAMHET;RULE:Taxepunkter:307;Giftig oorganisk vätska Verksamhetsavfall §6.1.3 | §6.1.3 | Giftig oorganisk vätska | 160506* | Kr/Kg |  |  |  |  |  |  | 
;KG|VERKSAMHET;2;;;KG;;;VERKSAMHET;RULE:Taxepunkter:308;Oxidationsmedel, flytande Verksamhetsavfall §6.1.3 | §6.1.3 | Oxidationsmedel, flytande | 160904* | Kr/Kg |  |  |  |  |  |  | 
;KG|VERKSAMHET;2;;;KG;;;VERKSAMHET;RULE:Taxepunkter:310;Smittförande avfall Verksamhetsavfall §6.1.3 | §6.1.3 | Smittförande avfall | 180103* | Kr/Kg |  |  |  |  |  |  | 
;KG|VERKSAMHET;2;;;KG;;;VERKSAMHET;RULE:Taxepunkter:311;Lösningsmedel Verksamhetsavfall §6.1.3 | §6.1.3 | Lösningsmedel | 200113* | Kr/Kg |  |  |  |  |  |  | 
;KG|VERKSAMHET;2;;;KG;;;VERKSAMHET;RULE:Taxepunkter:312;Väteperoxid Verksamhetsavfall §6.1.3 | §6.1.3 | Väteperoxid | 200113* | Kr/Kg |  |  |  |  |  |  | 
;KG|VERKSAMHET;2;;;KG;;;VERKSAMHET;RULE:Taxepunkter:313;Flourvätesyra Verksamhetsavfall §6.1.3 | §6.1.3 | Flourvätesyra | 200114* | Kr/Kg |  |  |  |  |  |  | 
;KG|VERKSAMHET;2;;;KG;;;VERKSAMHET;RULE:Taxepunkter:314;Svavelsyra Verksamhetsavfall §6.1.3 | §6.1.3 | Svavelsyra | 200114* | Kr/Kg |  |  |  |  |  |  | 
;KG|VERKSAMHET;2;;;KG;;;VERKSAMHET;RULE:Taxepunkter:315;Salpetersyra Verksamhetsavfall §6.1.3 | §6.1.3 | Salpetersyra | 200114* | Kr/Kg |  |  |  |  |  |  | 
;KG|VERKSAMHET;2;;;KG;;;VERKSAMHET;RULE:Taxepunkter:316;Surt oorganisk fast ämne Verksamhetsavfall §6.1.3 | §6.1.3 | Surt oorganisk fast ämne | 200114* | Kr/Kg |  |  |  |  |  |  | 
;KG|VERKSAMHET;2;;;KG;;;VERKSAMHET;RULE:Taxepunkter:317;Surt organisk fast ämne Verksamhetsavfall §6.1.3 | §6.1.3 | Surt organisk fast ämne | 200114* | Kr/Kg |  |  |  |  |  |  | 
;KG|VERKSAMHET;2;;;KG;;;VERKSAMHET;RULE:Taxepunkter:318;Surt oorganisk vätska Verksamhetsavfall §6.1.3 | §6.1.3 | Surt oorganisk vätska | 200114* | Kr/Kg |  |  |  |  |  |  | 
;KG|VERKSAMHET;2;;;KG;;;VERKSAMHET;RULE:Taxepunkter:319;Surt organisk vätska Verksamhetsavfall §6.1.3 | §6.1.3 | Surt organisk vätska | 200114* | Kr/Kg |  |  |  |  |  |  | 
;KG|VERKSAMHET;2;;;KG;;;VERKSAMHET;RULE:Taxepunkter:320;Ammoniaklösning Verksamhetsavfall §6.1.3 | §6.1.3 | Ammoniaklösning | 200115* | Kr/Kg |  |  |  |  |  |  | 
;KG|VERKSAMHET;2;;;KG;;;VERKSAMHET;RULE:Taxepunkter:321;Alkaliskt avfall fast Verksamhetsavfall §6.1.3 | §6.1.3 | Alkaliskt avfall fast | 200115* | Kr/Kg |  |  |  |  |  |  | 
;KG|VERKSAMHET;2;;;KG;;;VERKSAMHET;RULE:Taxepunkter:322;Basiskt organiskt fast/flytande Verksamhetsavfall §6.1.3 | §6.1.3 | Basiskt organiskt fast/flytande | 200115* | Kr/Kg |  |  |  |  |  |  | 
;KG|VERKSAMHET;2;;;KG;;;VERKSAMHET;RULE:Taxepunkter:323;Fotokemikalier Verksamhetsavfall §6.1.3 | §6.1.3 | Fotokemikalier | 200117* | Kr/Kg |  |  |  |  |  |  | 
;KG|VERKSAMHET;2;;;KG;;;VERKSAMHET;RULE:Taxepunkter:324;Bekämpningsmedel aerosoler Verksamhetsavfall §6.1.3 | §6.1.3 | Bekämpningsmedel aerosoler | 200119* | Kr/Kg |  |  |  |  |  |  | 
;KG|VERKSAMHET;2;;;KG;;;VERKSAMHET;RULE:Taxepunkter:325;Bekämpningsmedel fast Verksamhetsavfall §6.1.3 | §6.1.3 | Bekämpningsmedel fast | 200119* | Kr/Kg |  |  |  |  |  |  | 
;KG|VERKSAMHET;2;;;KG;;;VERKSAMHET;RULE:Taxepunkter:326;Bekämpningsmedel flytande Verksamhetsavfall §6.1.3 | §6.1.3 | Bekämpningsmedel flytande | 200119* | Kr/Kg |  |  |  |  |  |  | 
;KG|VERKSAMHET;2;;;KG;;;VERKSAMHET;RULE:Taxepunkter:327;Kvicksilverhaltigt avfall Verksamhetsavfall §6.1.3 | §6.1.3 | Kvicksilverhaltigt avfall | 200121* | Kr/Kg |  |  |  |  |  |  | 
;KG|VERKSAMHET;2;;;KG;;;VERKSAMHET;RULE:Taxepunkter:328;Kvicksilver i föremål Verksamhetsavfall §6.1.3 | §6.1.3 | Kvicksilver i föremål | 200121* | Kr/Kg |  |  |  |  |  |  | 
;KG|VERKSAMHET;2;;;KG;;;VERKSAMHET;RULE:Taxepunkter:331;Färg-, lack-, limburkar lösning Verksamhetsavfall §6.1.3 | §6.1.3 | Färg-, lack-, limburkar lösning | 200127* | Kr/Kg |  |  |  |  |  |  | 
;KG|VERKSAMHET;2;;;KG;;;VERKSAMHET;RULE:Taxepunkter:332;Färg-, lack-, limburkar lösning aerosoler Verksamhetsavfall §6.1.3 | §6.1.3 | Färg-, lack-, limburkar lösning aerosoler | 200127* | Kr/Kg |  |  |  |  |  |  | 
;KG|VERKSAMHET;2;;;KG;;;VERKSAMHET;RULE:Taxepunkter:333;Isocyanater Verksamhetsavfall §6.1.3 | §6.1.3 | Isocyanater | 200127* | Kr/Kg |  |  |  |  |  |  | 
;KG|VERKSAMHET;2;;;KG;;;VERKSAMHET;RULE:Taxepunkter:334;Härdare metyl- etylketonperoxid Verksamhetsavfall §6.1.3 | §6.1.3 | Härdare metyl- etylketonperoxid | 200127* | Kr/Kg |  |  |  |  |  |  | 
;KG|VERKSAMHET;2;;;KG;;;VERKSAMHET;RULE:Taxepunkter:335;Härdare dibenzoylperoxid Verksamhetsavfall §6.1.3 | §6.1.3 | Härdare dibenzoylperoxid | 200127* | Kr/Kg |  |  |  |  |  |  | 
;KG|VERKSAMHET;2;;;KG;;;VERKSAMHET;RULE:Taxepunkter:336;Färg-,lack-, limburkar vattenbaserade Verksamhetsavfall §6.1.3 | §6.1.3 | Färg-,lack-, limburkar vattenbaserade | 200128 | Kr/Kg |  |  |  |  |  |  | 
;KG|VERKSAMHET;2;;;KG;;;VERKSAMHET;RULE:Taxepunkter:337;Tensida alkaliska flytande avfall Verksamhetsavfall §6.1.3 | §6.1.3 | Tensida alkaliska flytande avfall | 200129* | Kr/Kg |  |  |  |  |  |  | 
;KG|VERKSAMHET;2;;;KG;;;VERKSAMHET;RULE:Taxepunkter:338;Rengöring/vaskmedel fast Verksamhetsavfall §6.1.3 | §6.1.3 | Rengöring/vaskmedel fast | 200129* | Kr/Kg |  |  |  |  |  |  | 
;KG|VERKSAMHET;2;;;KG;;;VERKSAMHET;RULE:Taxepunkter:339;Alkaliska flytande avfall Verksamhetsavfall §6.1.3 | §6.1.3 | Alkaliska flytande avfall | 200129* | Kr/Kg |  |  |  |  |  |  | 
;KG|VERKSAMHET;2;;;KG;;;VERKSAMHET;RULE:Taxepunkter:340;Cytotoxiska läkemedel, cytostat Verksamhetsavfall §6.1.3 | §6.1.3 | Cytotoxiska läkemedel, cytostat | 200131* | Kr/Kg |  |  |  |  |  |  | 
;KG|VERKSAMHET;2;;;KG;;;VERKSAMHET;RULE:Taxepunkter:341;Rökdetektor med andra isotoper Verksamhetsavfall §6.1.3 | §6.1.3 | Rökdetektor med andra isotoper | 200135* | Kr/Kg |  |  |  |  |  |  | 
;KG|VERKSAMHET;2;;;KG;;;VERKSAMHET;RULE:Taxepunkter:342;Rökdetektor med Am 241 Verksamhetsavfall §6.1.3 | §6.1.3 | Rökdetektor med Am 241 | 200135* | Kr/Kg |  |  |  |  |  |  | 
;KG|VERKSAMHET;2;;;KG;;;VERKSAMHET;RULE:Taxepunkter:344;Batterier stav, pencell Verksamhetsavfall Batterier §6.1.4 | §6.1.4 | Batterier stav, pencell | 200133* | Kr/Kg |  |  |  |  |  |  | 
;KG|VERKSAMHET;2;;;KG;;;VERKSAMHET;RULE:Taxepunkter:345;Batterier lithium Verksamhetsavfall Batterier §6.1.4 | §6.1.4 | Batterier lithium | 200134* | Kr/Kg |  |  |  |  |  |  | 
;KG|VERKSAMHET;2;;;KG;;;VERKSAMHET;RULE:Taxepunkter:347;Glödlampor Verksamhetsavfall §6.1.4 | §6.1.4 | Glödlampor | 200136* | Kr/Kg |  |  |  |  |  |  | 
;KG|VERKSAMHET;2;;;KG;;;VERKSAMHET;RULE:Taxepunkter:348;Lysrör Verksamhetsavfall §6.1.4 | §6.1.4 | Lysrör | 200121* | Kr/Kg |  |  |  |  |  |  | 
;KG|VERKSAMHET;2;;;KG;;;VERKSAMHET;RULE:Taxepunkter:349;Elavfall, små elektronik Verksamhetsavfall Elavfall §6.1.4 | §6.1.4 | Elavfall, små elektronik | 200136 | Kr/Kg |  |  |  |  |  |  | 
;KG|VERKSAMHET;2;;;KG;;;VERKSAMHET;RULE:Taxepunkter:350;El-avfall fast installation Verksamhetsavfall Elavfall §6.1.4 | §6.1.4 | El-avfall fast installation | 200136 | Kr/Kg |  |  |  |  |  |  | 
;KG|VERKSAMHET;2;;;KG;;;VERKSAMHET;RULE:Taxepunkter:351;El-avfall kabel Verksamhetsavfall Elavfall §6.1.4 | §6.1.4 | El-avfall kabel | 170411 | Kr/Kg |  |  |  |  |  |  | 
;KG|VERKSAMHET;2;;;KG;;;VERKSAMHET;RULE:Taxepunkter:352;Toner, färgpatron med elektronik Verksamhetsavfall §6.1.4 | §6.1.4 | Toner, färgpatron med elektronik | 080307* | Kr/Kg |  |  |  |  |  |  | 
;KG|VERKSAMHET;2;;;KG;;;VERKSAMHET;RULE:Taxepunkter:354;Tv, radio, skärm, skrivare utan färgpatron Verksamhetsavfall §6.1.4 | §6.1.4 | Tv, radio, skärm, skrivare utan färgpatron | 200135 | Kr/Kg |  |  |  |  |  |  | 
;KG|VERKSAMHET;2;;;KG;;;VERKSAMHET;RULE:Taxepunkter:358;Spis, tvätt-, diskmaskin från verksamhet Verksamhetsavfall §6.1.4 | §6.1.4 | Spis, tvätt-, diskmaskin från verksamhet | 200135* | Kr/Kg |  |  |  |  |  |  | 
;KÄRL;1;;;;KÄRL;;;RULE:Taxepunkter:108;Lyftavgift kärl Hushåll §2.3.1 | §2.3.1 | Lyftavgift kärl |  | st/tömning |  |  |  |  |  |  | 
;KÄRL;1;;;;KÄRL;;;RULE:Taxepunkter:113;Hushåll §2.4.2 Överviktsavgift kärl | §2.4.2 Överviktsavgift kärl |  |  |  |  |  |  |  |  |  | 
;KÄRL;1;;;;KÄRL;;;RULE:Taxepunkter:121;Överfullt kärl Hushåll Tillfälle TILLFÄLLE §2.4.3 | §2.4.3 | Överfullt kärl |  | st/tillfälle/behållare |  |  |  |  |  |  | 
;KÄRL;1;;;;KÄRL;;;RULE:Taxepunkter:129;Ytterligare byte av kärl under kalenderåret Hushåll §2.4.5 | §2.4.5 | Ytterligare byte av kärl under kalenderåret |  | st/kärl |  |  |  |  |  |  | 
;KÄRL;1;;;;KÄRL;;;RULE:Taxepunkter:155;Gravitationslås till kärl Hushåll Styck ST §2.4.11 | §2.4.11 | Gravitationslås till kärl |  | st |  |  |  |  |  |  | 
BS;KÄRL;1;;;;KÄRL;;;RULE:Taxa_från_edp:38;Byte av sopkärl Okänd KVAN BS | Byte av sopkärl | KVAN | Byte av sopkärl | ANTL
EVENEMANG;KÄRL;1;;;;KÄRL;;;RULE:Taxa_från_edp:47;Tjänsttaxa för tillfälliga evenemangskärl Okänd ÅRKV EVENEMANG | Tjänsttaxa för tillfälliga evenemangskärl | ÅRKV | Tjänsttaxa för evenemangskärl | 0
FELSORT;KÄRL;1;;;;KÄRL;;;RULE:Taxa_från_edp:50;Felsorteringsavgift, pris per tillfälle och kärl Okänd Tillfälle KVAN FELSORT | Felsorteringsavgift, pris per tillfälle och kärl | KVAN | Felsorteringsavgift, pris per tillfälle och kärl | ANTL
FELSORT;KÄRL;1;;;;KÄRL;;;RULE:Taxepunkter:131;Kärl Hushåll Tillfälle KVAN §2.4.6 | §2.4.6 | Kärl |  | st/tillfälle | FELSORT | FELSORT | KVAN |  |  |  | 
FLAKÄRL;KÄRL;1;;;;KÄRL;;;STANDARD:Standard Avfall:284;Försäljning Latrinkärl KVAN ANTL
KÄLABUD;KÄRL;1;;;;KÄRL;;;STANDARD:Standard Avfall:207;Kärl, latrin. Budning KVAN ANTL
KÄRLBYTEFLER;KÄRL;1;;;;KÄRL;;;RULE:Taxa_från_edp:132;Ytterligare byte av kärl under kalenderåret Okänd KVAN KÄRLBYTEFLER | Ytterligare byte av kärl under kalenderåret | KVAN | Ytterligare byte av kärl under kalenderåret | ANTL
KÄRLTVÄTT;KÄRL;1;;;;KÄRL;;;STANDARD:Standard Avfall:299;Kärltvätt, pris per kärl ÅRKV eller KVAN ANTB eller ANTL
SAMAM;KÄRL;1;;;;KÄRL;;;RULE:Taxa_från_edp:176;SAMLINGSKÄRL AMMARNÄS Okänd ÅRPR SAMAM | SAMLINGSKÄRL AMMARNÄS | ÅRPR | Sophämtning samlingskärl | 
SAMAM;KÄRL;1;;;;KÄRL;;;RULE:Taxa_från_edp:177;SAMLINGSKÄRL AMMARNÄS Okänd ÅRPR SAMAM | SAMLINGSKÄRL AMMARNÄS | ÅRPR | Grundavgift | 
SAML;KÄRL;1;;;;KÄRL;;;RULE:Taxa_från_edp:178;SAMLINGSKÄRL Okänd ÅRPR SAML | SAMLINGSKÄRL | ÅRPR | Sophämtning samlingskärl | 
SAML;KÄRL;1;;;;KÄRL;;;RULE:Taxa_från_edp:179;SAMLINGSKÄRL Okänd ÅRPR SAML | SAMLINGSKÄRL | ÅRPR | Grundavgift | 
KÄ240RM26FV;KÄRL,FACK;2;;;;KÄRL,FACK;;;RULE:Taxa_från_edp:120;Tvåfackskärl, rest/mat FLB/VHT Okänd ÅRKV KÄ240RM26FV | Tvåfackskärl, rest/mat FLB/VHT | ÅRKV | Kärl 240L , rest/mat FLB/VHT | ANTB
GEMKÄFRI;KÄRL|FRITIDSHUS;2;;;;KÄRL;;FRITIDSHUS;RULE:Taxa_från_edp:58;Gemensam uppsamlingsplats med eget kärl, fritidshus Okänd ÅRKV GEMKÄFRI | Gemensam uppsamlingsplats med eget kärl, fritidshus | ÅRKV | Hämtningavgift gemensam uppsamlingsplats, eget kärl | ANTB
SAMLB;KÄRL|FRITIDSHUS;2;;;;KÄRL;;FRITIDSHUS;RULE:Taxa_från_edp:180;FRITIDSHUS BRÄSKAFORS Okänd ÅRPR SAMLB | FRITIDSHUS BRÄSKAFORS | ÅRPR | Sophämtning samlingskärl | 
SAMLF;KÄRL|FRITIDSHUS;2;;;;KÄRL;;FRITIDSHUS;RULE:Taxa_från_edp:182;SAMLINGSKÄRL FRITIDSHUS Okänd ÅRPR SAMLF | SAMLINGSKÄRL FRITIDSHUS | ÅRPR | Sophämtning samlingskärl | 
SAMLF;KÄRL|FRITIDSHUS;2;;;;KÄRL;;FRITIDSHUS;RULE:Taxa_från_edp:183;SAMLINGSKÄRL FRITIDSHUS Okänd ÅRPR SAMLF | SAMLINGSKÄRL FRITIDSHUS | ÅRPR | Grundavgift | 
;LITER;1;;;LITER;;;;RULE:Dokumentation_Taxepunkter:13;L | Antal | Manuell | Taxevolym/bedömning | Anges vid behov för intäktsberäkning. | Ja
;LITER;1;;;LITER;;;;RULE:Dokumentation_Taxepunkter:15;N | Intäkt (kr) exkl | Automatisk | J/K och L | Nej
;LITER;1;;;LITER;;;;RULE:Färgstandard:3;Manuell inmatning | #FFF2CC | Fält som får fyllas manuellt | Taxepunkter A–F, L samt Taxa_Saknas arbetskolumner
FKOMPKASSE22;LITER;1;;;LITER;;;;STANDARD:Standard Avfall:279;Försäljning kompostkassar, 22 L KVAN ANTL
FKOMPPÅSE9;LITER;1;;;LITER;;;;STANDARD:Standard Avfall:278;Försäljning kompostpåsar, 9 L KVAN ANTL
FKOMPSTÄLL22;LITER;1;;;LITER;;;;STANDARD:Standard Avfall:281;Försäljning ställning för 22 L kompostkasse KVAN ANTL
;LITER,HÄMTNING|KÄRL;3;;;LITER,HÄMTNING;KÄRL;;;RULE:Taxepunkter:50;Kärl 190 l (förpackningar) Hushåll Förpackningar Behållarvolym VOLYM/BEHÅLLARE 190 §2.2.4 | §2.2.4 | Kärl 190 l (förpackningar) | Hämtning varje vecka | st/år |  |  |  |  |  |  | 
;LITER,HÄMTNING|KÄRL;3;;;LITER,HÄMTNING;KÄRL;;;RULE:Taxepunkter:51;Kärl 190 l (förpackningar) Hushåll Förpackningar Behållarvolym VOLYM/BEHÅLLARE 190 §2.2.4 | §2.2.4 | Kärl 190 l (förpackningar) | Hämtning var 14:e dag | st/år |  |  |  |  |  |  | 
;LITER,HÄMTNING|KÄRL;3;;;LITER,HÄMTNING;KÄRL;;;RULE:Taxepunkter:52;Kärl 190 l (förpackningar) Hushåll Förpackningar Behållarvolym VOLYM/BEHÅLLARE 190 §2.2.4 | §2.2.4 | Kärl 190 l (förpackningar) | Hämtning månadsvis | st/år |  |  |  |  |  |  | 
;LITER,HÄMTNING|KÄRL;3;;;LITER,HÄMTNING;KÄRL;;;RULE:Taxepunkter:53;Kärl 370 l (förpackningar) Hushåll Förpackningar Behållarvolym VOLYM/BEHÅLLARE 370 §2.2.4 | §2.2.4 | Kärl 370 l (förpackningar) | Hämtning varje vecka | st/år |  |  |  |  |  |  | 
;LITER,HÄMTNING|KÄRL;3;;;LITER,HÄMTNING;KÄRL;;;RULE:Taxepunkter:54;Kärl 370 l (förpackningar) Hushåll Förpackningar Behållarvolym VOLYM/BEHÅLLARE 370 §2.2.4 | §2.2.4 | Kärl 370 l (förpackningar) | Hämtning var 14:e dag | st/år |  |  |  |  |  |  | 
;LITER,HÄMTNING|KÄRL;3;;;LITER,HÄMTNING;KÄRL;;;RULE:Taxepunkter:55;Kärl 370 l (förpackningar) Hushåll Förpackningar Behållarvolym VOLYM/BEHÅLLARE 370 §2.2.4 | §2.2.4 | Kärl 370 l (förpackningar) | Hämtning månadsvis | st/år |  |  |  |  |  |  | 
;LITER,HÄMTNING|KÄRL;3;;;LITER,HÄMTNING;KÄRL;;;RULE:Taxepunkter:56;Kärl 660 l (förpackningar) Hushåll Förpackningar Behållarvolym VOLYM/BEHÅLLARE 660 §2.2.4 | §2.2.4 | Kärl 660 l (förpackningar) | Hämtning varje vecka | st/år |  |  |  |  |  |  | 
;LITER,HÄMTNING|KÄRL;3;;;LITER,HÄMTNING;KÄRL;;;RULE:Taxepunkter:57;Kärl 660 l (förpackningar) Hushåll Förpackningar Behållarvolym VOLYM/BEHÅLLARE 660 §2.2.4 | §2.2.4 | Kärl 660 l (förpackningar) | Hämtning var 14:e dag | st/år |  |  |  |  |  |  | 
;LITER,HÄMTNING|KÄRL;3;;;LITER,HÄMTNING;KÄRL;;;RULE:Taxepunkter:58;Kärl 660 l (förpackningar) Hushåll Förpackningar Behållarvolym VOLYM/BEHÅLLARE 660 §2.2.4 | §2.2.4 | Kärl 660 l (förpackningar) | Hämtning månadsvis | st/år |  |  |  |  |  |  | 
H120;LITER,HÄMTNING|KÄRL;3;;;LITER,HÄMTNING;KÄRL;;;RULE:Taxa_från_edp:75;120 L KÄRL 14-DAG. HÄMTN. Okänd Behållarvolym ÅRKV H120 | 120 L KÄRL 14-DAG. HÄMTN. | ÅRKV | 14-dagars hämtning 120 l kärl | ANTB
H190;LITER,HÄMTNING|KÄRL;3;;;LITER,HÄMTNING;KÄRL;;;RULE:Taxa_från_edp:77;190 L KÄRL 14-DAG. HÄMTN. Okänd Behållarvolym ÅRKV H190 | 190 L KÄRL 14-DAG. HÄMTN. | ÅRKV | 14-dagars hämtning 190 l kärl | ANTB
H370;LITER,HÄMTNING|KÄRL;3;;;LITER,HÄMTNING;KÄRL;;;RULE:Taxa_från_edp:80;370 L KÄRL 14-DAG. HÄMTN. Okänd Behållarvolym ÅRKV H370 | 370 L KÄRL 14-DAG. HÄMTN. | ÅRKV | 14-dagars hämtning 370 l kärl | ANTB
H660;LITER,HÄMTNING|KÄRL;3;;;LITER,HÄMTNING;KÄRL;;;RULE:Taxa_från_edp:82;660 L KÄRL 14-DAG. HÄMTN. Okänd Behållarvolym ÅRKV H660 | 660 L KÄRL 14-DAG. HÄMTN. | ÅRKV | 14-dagars hämtning 660 l kärl | ANTB
HF120;LITER,HÄMTNING|KÄRL|FRITIDSHUS;4;;;LITER,HÄMTNING;KÄRL;;FRITIDSHUS;RULE:Taxa_från_edp:86;120 L KÄRL FRITIDSHUS Okänd Behållarvolym ÅRKV HF120 | 120 L KÄRL FRITIDSHUS | ÅRKV | 14-dagars hämtning 120 l kärl | ANTB
HF190;LITER,HÄMTNING|KÄRL|FRITIDSHUS;4;;;LITER,HÄMTNING;KÄRL;;FRITIDSHUS;RULE:Taxa_från_edp:88;190 L KÄRL FRITIDSHUS Okänd Behållarvolym ÅRKV HF190 | 190 L KÄRL FRITIDSHUS | ÅRKV | 14-dagars hämtning 190 l kärl | ANTB
HF370;LITER,HÄMTNING|KÄRL|FRITIDSHUS;4;;;LITER,HÄMTNING;KÄRL;;FRITIDSHUS;RULE:Taxa_från_edp:91;370 L KÄRL FRITIDSHUS Okänd Behållarvolym ÅRKV HF370 | 370 L KÄRL FRITIDSHUS | ÅRKV | 14-dagars hämtning 370 l kärl | ANTB
;LITER|KÄRL;2;;;LITER;KÄRL;;;RULE:Taxepunkter:127;Byte/återtag av kärl en (1) ggr/år Hushåll Behållarvolym VOLYM/BEHÅLLARE 240 §2.4.5 | §2.4.5 | Byte/återtag av kärl en (1) ggr/år | 140–240 liter | st/kärl |  |  |  |  |  |  | 
;LITER|KÄRL;2;;;LITER;KÄRL;;;RULE:Taxepunkter:128;Byte/återtag av kärl en (1) ggr/år Hushåll Behållarvolym VOLYM/BEHÅLLARE 660 §2.4.5 | §2.4.5 | Byte/återtag av kärl en (1) ggr/år | 370–660 liter | st/kärl |  |  |  |  |  |  | 
;LITER|KÄRL;2;;;LITER;KÄRL;;;RULE:Taxepunkter:134;Kärl 140-660 L Hushåll Behållarvolym VOLYM/BEHÅLLARE 660 §2.4.7 | §2.4.7 | Kärl 140-660 L | 1,5-10 | st/år |  |  |  |  |  |  | 
;LITER|KÄRL;2;;;LITER;KÄRL;;;RULE:Taxepunkter:135;Kärl 140-660 L Hushåll Behållarvolym VOLYM/BEHÅLLARE 660 §2.4.7 | §2.4.7 | Kärl 140-660 L | 10-20 | st/år |  |  |  |  |  |  | 
;LITER|KÄRL;2;;;LITER;KÄRL;;;RULE:Taxepunkter:136;Kärl 140-660 L Hushåll Behållarvolym VOLYM/BEHÅLLARE 660 §2.4.7 | §2.4.7 | Kärl 140-660 L | 20-30 | st/år |  |  |  |  |  |  | 
DE190;LITER|KÄRL;2;;;LITER;KÄRL;;;RULE:Taxa_från_edp:42;190 L KÄRL DELAT Okänd Behållarvolym ÅRKV DE190 | 190 L KÄRL DELAT | ÅRKV | Sophämtning delat 190 l kärl | ANTB
H120;LITER|KÄRL;2;;;LITER;KÄRL;;;RULE:Taxa_från_edp:76;120 L KÄRL 14-DAG. HÄMTN. Okänd Behållarvolym ÅRPR H120 | 120 L KÄRL 14-DAG. HÄMTN. | ÅRPR | Grundavgift | 
H190;LITER|KÄRL;2;;;LITER;KÄRL;;;RULE:Taxa_från_edp:78;190 L KÄRL 14-DAG. HÄMTN. Okänd Behållarvolym ÅRPR H190 | 190 L KÄRL 14-DAG. HÄMTN. | ÅRPR | Grundavgift | 
H190TT;LITER|KÄRL;2;;;LITER;KÄRL;;;RULE:Taxa_från_edp:79;190 L KÄRL tillf tjänst Okänd Behållarvolym KVAN H190TT | 190 L KÄRL tillf tjänst | KVAN | 190 L KÄRL tillf tjänst | ANTL
H370;LITER|KÄRL;2;;;LITER;KÄRL;;;RULE:Taxa_från_edp:81;370 L KÄRL 14-DAG. HÄMTN. Okänd Behållarvolym ÅRPR H370 | 370 L KÄRL 14-DAG. HÄMTN. | ÅRPR | Grundavgift | 
HF190T;LITER|KÄRL;2;;;LITER;KÄRL;;;RULE:Taxa_från_edp:90;190 L KÄRL tillf tjänst Okänd Behållarvolym KVAN HF190T | 190 L KÄRL tillf tjänst | KVAN | 190 L KÄRL tillf tjänst | ANTL
HKÄ140;LITER|KÄRL;2;;;LITER;KÄRL;;;STANDARD:Standard Avfall:451;Hyra kärl, 140 liter ÅRKV ANTB
HKÄ190;LITER|KÄRL;2;;;LITER;KÄRL;;;STANDARD:Standard Avfall:452;Hyra kärl, 190 liter ÅRKV ANTB
HKÄ240;LITER|KÄRL;2;;;LITER;KÄRL;;;STANDARD:Standard Avfall:453;Hyra kärl, 240 liter ÅRKV ANTB
HKÄ370;LITER|KÄRL;2;;;LITER;KÄRL;;;STANDARD:Standard Avfall:454;Hyra kärl, 370 liter ÅRKV ANTB
HKÄ660;LITER|KÄRL;2;;;LITER;KÄRL;;;STANDARD:Standard Avfall:455;Hyra kärl, 660 liter ÅRKV ANTB
HU120;LITER|KÄRL;2;;;LITER;KÄRL;;;RULE:Taxa_från_edp:93;120 L KÄRL UTAN GRUNDAVGIFT Okänd Behållarvolym ÅRKV HU120 | 120 L KÄRL UTAN GRUNDAVGIFT | ÅRKV | Sophämtning 120 l kärl | ANTB
HU190;LITER|KÄRL;2;;;LITER;KÄRL;;;RULE:Taxa_från_edp:94;190 L KÄRL UTAN GRUNDAVGIFT Okänd Behållarvolym ÅRKV HU190 | 190 L KÄRL UTAN GRUNDAVGIFT | ÅRKV | Sophämtning 190 l kärl | ANTB
HU370;LITER|KÄRL;2;;;LITER;KÄRL;;;RULE:Taxa_från_edp:95;370 L KÄRL UTAN GRUNDAVGIFT Okänd Behållarvolym ÅRKV HU370 | 370 L KÄRL UTAN GRUNDAVGIFT | ÅRKV | Sophämtning 370 l kärl | ANTB
HU660;LITER|KÄRL;2;;;LITER;KÄRL;;;RULE:Taxa_från_edp:96;660 L KÄRL UTAN GRUNDAVGIFT Okänd Behållarvolym ÅRKV HU660 | 660 L KÄRL UTAN GRUNDAVGIFT | ÅRKV | Sophämtning 660 l kärl | ANTB
KK400OS26;LITER|KÄRL;2;;;LITER;KÄRL;;;STANDARD:Standard Avfall:172;Kärl komp. 400 L, osort. avfall. Var 14:e dag ÅRKV ANTB
KK400OS52;LITER|KÄRL;2;;;LITER;KÄRL;;;STANDARD:Standard Avfall:171;Kärl komp. 400 L, osort. avfall. Varje vecka ÅRKV ANTB
KÄ140OS11S;LITER|KÄRL;2;;;LITER;KÄRL;;;STANDARD:Standard Avfall:127;Kärl 140 L, osort. avfall. Var 14:e dag säsong ÅRKV ANTB
KÄ140OS13;LITER|KÄRL;2;;;LITER;KÄRL;;;STANDARD:Standard Avfall:124;Kärl 140 L, osort. avfall. Var 4:e vecka ÅRKV ANTB
KÄ140OS22S;LITER|KÄRL;2;;;LITER;KÄRL;;;STANDARD:Standard Avfall:126;Kärl 140 L, osort. avfall. Varje vecka säsong ÅRKV ANTB
KÄ140OS26;LITER|KÄRL;2;;;LITER;KÄRL;;;STANDARD:Standard Avfall:123;Kärl 140 L, osort. avfall. Var 14:e dag ÅRKV ANTB
KÄ140OS52;LITER|KÄRL;2;;;LITER;KÄRL;;;STANDARD:Standard Avfall:122;Kärl 140 L, osort. avfall. Varje vecka ÅRKV ANTB
KÄ140OS6S;LITER|KÄRL;2;;;LITER;KÄRL;;;STANDARD:Standard Avfall:128;Kärl 140 L, osort. avfall. Var 4:e vecka säsong ÅRKV ANTB
KÄ190OS11S;LITER|KÄRL;2;;;LITER;KÄRL;;;STANDARD:Standard Avfall:147;Kärl 190 L, osort. avfall. Var 14:e dag säsong ÅRKV ANTB
KÄ190OS13;LITER|KÄRL;2;;;LITER;KÄRL;;;STANDARD:Standard Avfall:144;Kärl 190 L, osort. avfall. Var 4:e vecka ÅRKV ANTB
KÄ190OS22S;LITER|KÄRL;2;;;LITER;KÄRL;;;STANDARD:Standard Avfall:146;Kärl 190 L, osort. avfall. Varje vecka säsong ÅRKV ANTB
KÄ190OS26;LITER|KÄRL;2;;;LITER;KÄRL;;;STANDARD:Standard Avfall:143;Kärl 190 L, osort. avfall. Var 14:e dag ÅRKV ANTB
KÄ190OS52;LITER|KÄRL;2;;;LITER;KÄRL;;;STANDARD:Standard Avfall:142;Kärl 190 L, osort. avfall. Varje vecka ÅRKV ANTB
KÄ190OS6S;LITER|KÄRL;2;;;LITER;KÄRL;;;STANDARD:Standard Avfall:148;Kärl 190 L, osort. avfall. Var 4:e vecka säsong ÅRKV ANTB
KÄ190WE13;LITER|KÄRL;2;;;LITER;KÄRL;;;STANDARD:Standard Avfall:328;Kärl 190 L, wellpapp. Var 4:e vecka ÅRKV ANTB
KÄ190WE26;LITER|KÄRL;2;;;LITER;KÄRL;;;STANDARD:Standard Avfall:327;Kärl 190 L, wellpapp. Var 14:e dag ÅRKV ANTB
KÄ190WE26F;LITER|KÄRL;2;;;LITER;KÄRL;;;STANDARD:Standard Avfall:323;Kärl 190 L, wellpapp. Var 14:e dag. FLB ÅRKV ANTB
KÄ190WE26V;LITER|KÄRL;2;;;LITER;KÄRL;;;STANDARD:Standard Avfall:321;Kärl 190 L, wellpapp. Var 14:e dag. VHT ÅRKV ANTB
KÄ190WE52;LITER|KÄRL;2;;;LITER;KÄRL;;;STANDARD:Standard Avfall:326;Kärl 190 L, wellpapp. Varje vecka ÅRKV ANTB
KÄ190WEBUD;LITER|KÄRL;2;;;LITER;KÄRL;;;STANDARD:Standard Avfall:329;Kärl 190 L, wellpapp. Budning KVAN ANTL
KÄ240OS11S;LITER|KÄRL;2;;;LITER;KÄRL;;;STANDARD:Standard Avfall:157;Kärl 240 L, osort. avfall. Var 14:e dag säsong ÅRKV ANTB
KÄ240OS13;LITER|KÄRL;2;;;LITER;KÄRL;;;STANDARD:Standard Avfall:154;Kärl 240 L, osort. avfall. Var 4:e vecka ÅRKV ANTB
KÄ240OS22S;LITER|KÄRL;2;;;LITER;KÄRL;;;STANDARD:Standard Avfall:156;Kärl 240 L, osort. avfall. Varje vecka säsong ÅRKV ANTB
KÄ240OS26;LITER|KÄRL;2;;;LITER;KÄRL;;;STANDARD:Standard Avfall:153;Kärl 240 L, osort. avfall. Var 14:e dag ÅRKV ANTB
KÄ240OS52;LITER|KÄRL;2;;;LITER;KÄRL;;;STANDARD:Standard Avfall:152;Kärl 240 L, osort. avfall. Varje vecka ÅRKV ANTB
KÄ240OS6S;LITER|KÄRL;2;;;LITER;KÄRL;;;STANDARD:Standard Avfall:158;Kärl 240 L, osort. avfall. Var 4:e vecka säsong ÅRKV ANTB
KÄ370OS11S;LITER|KÄRL;2;;;LITER;KÄRL;;;STANDARD:Standard Avfall:167;Kärl 370 L, osort. avfall. Var 14:e dag säsong ÅRKV ANTB
KÄ370OS13;LITER|KÄRL;2;;;LITER;KÄRL;;;STANDARD:Standard Avfall:164;Kärl 370 L, osort. avfall. Var 4:e vecka ÅRKV ANTB
KÄ370OS22S;LITER|KÄRL;2;;;LITER;KÄRL;;;STANDARD:Standard Avfall:166;Kärl 370 L, osort. avfall. Varje vecka säsong ÅRKV ANTB
KÄ370OS26;LITER|KÄRL;2;;;LITER;KÄRL;;;STANDARD:Standard Avfall:163;Kärl 370 L, osort. avfall. Var 14:e dag ÅRKV ANTB
KÄ370OS52;LITER|KÄRL;2;;;LITER;KÄRL;;;STANDARD:Standard Avfall:162;Kärl 370 L, osort. avfall. Varje vecka ÅRKV ANTB
KÄ370OS6S;LITER|KÄRL;2;;;LITER;KÄRL;;;STANDARD:Standard Avfall:168;Kärl 370 L, osort. avfall. Var 4:e vecka säsong ÅRKV ANTB
KÄ370RE26FV;LITER|KÄRL;2;;;LITER;KÄRL;;;RULE:Taxa_från_edp:123;Kärl 370 L, rest. FLB/VHT Okänd Behållarvolym ÅRKV KÄ370RE26FV | Kärl 370 L, rest. FLB/VHT | ÅRKV | Kärl 370 L kärl, rest. FLB/VHT | ANTB
KÄ370WE13;LITER|KÄRL;2;;;LITER;KÄRL;;;STANDARD:Standard Avfall:358;Kärl 370 L, wellpapp. Var 4:e vecka ÅRKV ANTB
KÄ370WE26;LITER|KÄRL;2;;;LITER;KÄRL;;;STANDARD:Standard Avfall:357;Kärl 370 L, wellpapp. Var 14:e dag ÅRKV ANTB
KÄ370WE52;LITER|KÄRL;2;;;LITER;KÄRL;;;STANDARD:Standard Avfall:356;Kärl 370 L, wellpapp. Varje vecka ÅRKV ANTB
KÄ370WEBUD;LITER|KÄRL;2;;;LITER;KÄRL;;;STANDARD:Standard Avfall:359;Kärl 370 L, wellpapp. Budning KVAN ANTL
KÄ37LA11S;LITER|KÄRL;2;;;LITER;KÄRL;;;STANDARD:Standard Avfall:205;Kärl 37 L, latrin. Var 14:e dag, säsong ÅRKV ANTB
KÄ37LA12;LITER|KÄRL;2;;;LITER;KÄRL;;;STANDARD:Standard Avfall:204;Kärl 37 L, latrin. Var 4:e vecka ÅRKV ANTB
KÄ37LA26;LITER|KÄRL;2;;;LITER;KÄRL;;;STANDARD:Standard Avfall:203;Kärl 37 L, latrin. Var 14:e dag ÅRKV ANTB
KÄ37LA6S;LITER|KÄRL;2;;;LITER;KÄRL;;;STANDARD:Standard Avfall:206;Kärl 37 L, latrin. Var 4:e vecka, säsong ÅRKV ANTB
KÄ660OS11S;LITER|KÄRL;2;;;LITER;KÄRL;;;STANDARD:Standard Avfall:181;Kärl 660 L, osort. avfall. Var 14:e dag säsong ÅRKV ANTB
KÄ660OS13;LITER|KÄRL;2;;;LITER;KÄRL;;;STANDARD:Standard Avfall:178;Kärl 660 L, osort. avfall. Var 4:e vecka ÅRKV ANTB
KÄ660OS22S;LITER|KÄRL;2;;;LITER;KÄRL;;;STANDARD:Standard Avfall:180;Kärl 660 L, osort. avfall. Varje vecka säsong ÅRKV ANTB
KÄ660OS26;LITER|KÄRL;2;;;LITER;KÄRL;;;STANDARD:Standard Avfall:177;Kärl 660 L, osort. avfall. Var 14:e dag ÅRKV ANTB
KÄ660OS52;LITER|KÄRL;2;;;LITER;KÄRL;;;STANDARD:Standard Avfall:176;Kärl 660 L, osort. avfall. Varje vecka ÅRKV ANTB
KÄ660OS6S;LITER|KÄRL;2;;;LITER;KÄRL;;;STANDARD:Standard Avfall:182;Kärl 660 L, osort. avfall. Var 4:e vecka säsong ÅRKV ANTB
KÄ660RE26FV;LITER|KÄRL;2;;;LITER;KÄRL;;;RULE:Taxa_från_edp:126;Kärl 660 L, rest. FLB/VHT Okänd Behållarvolym ÅRKV KÄ660RE26FV | Kärl 660 L, rest. FLB/VHT | ÅRKV | Kärl 660 L, rest. FLB/VHT | ANTB
KÄ660WE13;LITER|KÄRL;2;;;LITER;KÄRL;;;STANDARD:Standard Avfall:388;Kärl 660 L, wellpapp. Var 4:e vecka ÅRKV ANTB
KÄ660WE26;LITER|KÄRL;2;;;LITER;KÄRL;;;STANDARD:Standard Avfall:387;Kärl 660 L, wellpapp. Var 14:e dag ÅRKV ANTB
KÄ660WE52;LITER|KÄRL;2;;;LITER;KÄRL;;;STANDARD:Standard Avfall:386;Kärl 660 L, wellpapp. Varje vecka ÅRKV ANTB
KÄ660WEBUD;LITER|KÄRL;2;;;LITER;KÄRL;;;STANDARD:Standard Avfall:389;Kärl 660 L, wellpapp. Budning KVAN ANTL
KÄOSBUD;LITER|KÄRL;2;;;LITER;KÄRL;;;STANDARD:Standard Avfall:184;Kärl 140-660 L, osort. avfall. Budning KVAN ANTL
RES;LITER|KÄRL;2;;;LITER;KÄRL;;;RULE:Taxa_från_edp:173;660 L RESURSKÄRL Okänd Behållarvolym KVAN RES | 660 L RESURSKÄRL | KVAN | Tömning av resurskärl | ANTL
KÄ370FF111S;LITER|KÄRL,FACK;3;;;LITER;KÄRL,FACK;;;STANDARD:Standard Avfall:192;Kärl, 370 L fyrfack. Kärl 1, var 14:e dag säsong ÅRKV ANTB
KÄ370FF111S;LITER|KÄRL,FACK;3;;;LITER;KÄRL,FACK;;;STANDARD:Standard Avfall:193;Kärl, 370 L fyrfack. Kärl 1, var 14:e dag säsong ÅRKV ANTB
KÄ370FF113;LITER|KÄRL,FACK;3;;;LITER;KÄRL,FACK;;;STANDARD:Standard Avfall:189;Kärl, 370 L fyrfack. kärl 1. Var 4:e vecka ÅRKV ANTB
KÄ370FF126;LITER|KÄRL,FACK;3;;;LITER;KÄRL,FACK;;;STANDARD:Standard Avfall:187;Kärl, 370 L fyrfack. Kärl 1. Var 14:e dag ÅRKV ANTB
KÄ370FF16S;LITER|KÄRL,FACK;3;;;LITER;KÄRL,FACK;;;STANDARD:Standard Avfall:194;Kärl, 370 L fyrfack. Kärl 1. Var 4:e vecka säsong ÅRKV ANTB
KÄ370FF213;LITER|KÄRL,FACK;3;;;LITER;KÄRL,FACK;;;STANDARD:Standard Avfall:190;Kärl, 370 L fyrfack. kärl 2. Var 4:e vecka ÅRKV ANTB
KÄ370FF226;LITER|KÄRL,FACK;3;;;LITER;KÄRL,FACK;;;STANDARD:Standard Avfall:188;Kärl, 370 L fyrfack. Kärl 2. Var 14:e dag ÅRKV ANTB
KÄ370FF26S;LITER|KÄRL,FACK;3;;;LITER;KÄRL,FACK;;;STANDARD:Standard Avfall:195;Kärl, 370 L fyrfack. Kärl 2. Var 4:e vecka säsong ÅRKV ANTB
KÄ660ÖVRIGT;LITER|KÄRL,SÄCK;3;;;LITER;KÄRL,SÄCK;;;RULE:Taxa_från_edp:129;Kärl 660 kommunens egna kärl för tex akutsäck Okänd ÅRKV KÄ660ÖVRIGT | Kärl 660 kommunens egna kärl för tex akutsäck | ÅRKV | Kärl 660 L, rest. FLB/VHT | ANTB
KÄRLBYTE240;LITER|KÄRL|1 GGR;3;;;LITER;KÄRL;1 GGR;;RULE:Taxa_från_edp:130;Byte/återtag av behållare 140–240 L, 1 ggr/år Okänd Behållarvolym KVAN KÄRLBYTE240 | Byte/återtag av behållare 140–240 L, 1 ggr/år | KVAN | Byte/återtag av behållare 140–240 L, 1 ggr/år | ANTL
KÄRLBYTE660;LITER|KÄRL|1 GGR;3;;;LITER;KÄRL;1 GGR;;RULE:Taxa_från_edp:131;Byte/återtag av behållare 370–660 L, 1 ggr/år Okänd Behållarvolym KVAN KÄRLBYTE660 | Byte/återtag av behållare 370–660 L, 1 ggr/år | KVAN | Byte/återtag av behållare 370–660 L, 1 ggr/år | ANTL
KK400OS104;LITER|KÄRL|2 GGR;3;;;LITER;KÄRL;2 GGR;;STANDARD:Standard Avfall:170;Kärl komp. 400 L, osort. avfall. 2ggr/ vecka ÅRKV ANTB
KÄ140OS104;LITER|KÄRL|2 GGR;3;;;LITER;KÄRL;2 GGR;;STANDARD:Standard Avfall:121;Kärl 140 L, osort. avfall. 2ggr/ vecka ÅRKV ANTB
KÄ140OS44S;LITER|KÄRL|2 GGR;3;;;LITER;KÄRL;2 GGR;;STANDARD:Standard Avfall:125;Kärl 140 L, osort. avfall. 2ggr/ vecka säsong ÅRKV ANTB
KÄ190OS104;LITER|KÄRL|2 GGR;3;;;LITER;KÄRL;2 GGR;;STANDARD:Standard Avfall:141;Kärl 190 L, osort. avfall. 2ggr/ vecka ÅRKV ANTB
KÄ190OS44S;LITER|KÄRL|2 GGR;3;;;LITER;KÄRL;2 GGR;;STANDARD:Standard Avfall:145;Kärl 190 L, osort. avfall. 2ggr/ vecka säsong ÅRKV ANTB
KÄ190WE104;LITER|KÄRL|2 GGR;3;;;LITER;KÄRL;2 GGR;;STANDARD:Standard Avfall:325;Kärl 190 L, wellpapp. 2ggr/ vecka ÅRKV ANTB
KÄ240OS104;LITER|KÄRL|2 GGR;3;;;LITER;KÄRL;2 GGR;;STANDARD:Standard Avfall:151;Kärl 240 L, osort. avfall. 2ggr/ vecka ÅRKV ANTB
KÄ240OS44S;LITER|KÄRL|2 GGR;3;;;LITER;KÄRL;2 GGR;;STANDARD:Standard Avfall:155;Kärl 240 L, osort. avfall. 2ggr/vecka säsong ÅRKV ANTB
KÄ370OS104;LITER|KÄRL|2 GGR;3;;;LITER;KÄRL;2 GGR;;STANDARD:Standard Avfall:161;Kärl 370 L, osort. avfall. 2ggr/ vecka ÅRKV ANTB
KÄ370OS44S;LITER|KÄRL|2 GGR;3;;;LITER;KÄRL;2 GGR;;STANDARD:Standard Avfall:165;Kärl 370 L, osort. avfall. 2ggr/vecka säsong ÅRKV ANTB
KÄ370WE104;LITER|KÄRL|2 GGR;3;;;LITER;KÄRL;2 GGR;;STANDARD:Standard Avfall:355;Kärl 370 L, wellpapp. 2ggr/ vecka ÅRKV ANTB
KÄ660OS104;LITER|KÄRL|2 GGR;3;;;LITER;KÄRL;2 GGR;;STANDARD:Standard Avfall:175;Kärl 660 L, osort. avfall. 2ggr/ vecka ÅRKV ANTB
KÄ660OS44S;LITER|KÄRL|2 GGR;3;;;LITER;KÄRL;2 GGR;;STANDARD:Standard Avfall:179;Kärl 660 L, osort. avfall. 2ggr/vecka säsong ÅRKV ANTB
KÄ660WE104;LITER|KÄRL|2 GGR;3;;;LITER;KÄRL;2 GGR;;STANDARD:Standard Avfall:385;Kärl 660 L, wellpapp. 2ggr/ vecka ÅRKV ANTB
KÄ140OS156;LITER|KÄRL|3 GGR;3;;;LITER;KÄRL;3 GGR;;STANDARD:Standard Avfall:120;Kärl 140 L, osort. avfall. 3ggr/ vecka ÅRKV ANTB
KÄ190OS156;LITER|KÄRL|3 GGR;3;;;LITER;KÄRL;3 GGR;;STANDARD:Standard Avfall:140;Kärl 190 L, osort. avfall. 3ggr/ vecka ÅRKV ANTB
KÄ240OS156;LITER|KÄRL|3 GGR;3;;;LITER;KÄRL;3 GGR;;STANDARD:Standard Avfall:150;Kärl 240 L, osort. avfall. 3ggr/ vecka ÅRKV ANTB
KÄ370OS156;LITER|KÄRL|3 GGR;3;;;LITER;KÄRL;3 GGR;;STANDARD:Standard Avfall:160;Kärl 370 L, osort. avfall. 3ggr/ vecka ÅRKV ANTB
KÄ660OS156;LITER|KÄRL|3 GGR;3;;;LITER;KÄRL;3 GGR;;STANDARD:Standard Avfall:174;Kärl 660 L, osort. avfall. 3ggr/ vecka ÅRKV ANTB
HF120;LITER|KÄRL|FRITIDSHUS;3;;;LITER;KÄRL;;FRITIDSHUS;RULE:Taxa_från_edp:87;120 L KÄRL FRITIDSHUS Okänd Behållarvolym ÅRPR HF120 | 120 L KÄRL FRITIDSHUS | ÅRPR | Grundavgift | 
HF190;LITER|KÄRL|FRITIDSHUS;3;;;LITER;KÄRL;;FRITIDSHUS;RULE:Taxa_från_edp:89;190 L KÄRL FRITIDSHUS Okänd Behållarvolym ÅRPR HF190 | 190 L KÄRL FRITIDSHUS | ÅRPR | Grundavgift | 
HF370;LITER|KÄRL|FRITIDSHUS;3;;;LITER;KÄRL;;FRITIDSHUS;RULE:Taxa_från_edp:92;370 L KÄRL FRITIDSHUS Okänd Behållarvolym ÅRPR HF370 | 370 L KÄRL FRITIDSHUS | ÅRPR | Grundavgift | 
HUF120;LITER|KÄRL|FRITIDSHUS;3;;;LITER;KÄRL;;FRITIDSHUS;RULE:Taxa_från_edp:97;120 L KÄRL FRITIDSHUS UTAN GRUNDAVG. Okänd Behållarvolym ÅRKV HUF120 | 120 L KÄRL FRITIDSHUS UTAN GRUNDAVG. | ÅRKV | Sophämtning 120 lit kärl | ANTB
HUF370;LITER|KÄRL|FRITIDSHUS;3;;;LITER;KÄRL;;FRITIDSHUS;RULE:Taxa_från_edp:98;370 L KÄRL FRITIDSHUS UTAN GRUNDAVG. Okänd Behållarvolym ÅRKV HUF370 | 370 L KÄRL FRITIDSHUS UTAN GRUNDAVG. | ÅRKV | Sophämtning 370 l kärl | ANTB
FKOMPPSÄCK45;LITER|SÄCK;2;;;LITER;SÄCK;;;STANDARD:Standard Avfall:280;Försäljning kompostsäckar, 45 L KVAN ANTL
FKOMPSTÄLL45;LITER|SÄCK;2;;;LITER;SÄCK;;;STANDARD:Standard Avfall:282;Försäljning ställning för 45 L kompostsäck, enkelställ på hjul KVAN ANTL
FKOMPSTÄLL45D;LITER|SÄCK;2;;;LITER;SÄCK;;;STANDARD:Standard Avfall:283;Försäljning ställning för 45 L kompostsäck, dubbelställ på hjul KVAN ANTL
SÄ160OS11S;LITER|SÄCK;2;;;LITER;SÄCK;;;STANDARD:Standard Avfall:137;Säck 160 L, osort. avfall. Var 14:e dag säsong ÅRKV ANTB
SÄ160OS13;LITER|SÄCK;2;;;LITER;SÄCK;;;STANDARD:Standard Avfall:134;Säck 160 L, osort. avfall. Var 4:e vecka ÅRKV ANTB
SÄ160OS22S;LITER|SÄCK;2;;;LITER;SÄCK;;;STANDARD:Standard Avfall:136;Säck 160 L, osort. avfall. Varje vecka säsong ÅRKV ANTB
SÄ160OS26;LITER|SÄCK;2;;;LITER;SÄCK;;;STANDARD:Standard Avfall:133;Säck 160 L, osort. avfall. Var 14:e dag ÅRKV ANTB
SÄ160OS52;LITER|SÄCK;2;;;LITER;SÄCK;;;STANDARD:Standard Avfall:132;Säck 160 L, osort. avfall. Varje vecka ÅRKV ANTB
SÄ160OS6S;LITER|SÄCK;2;;;LITER;SÄCK;;;STANDARD:Standard Avfall:138;Säck 160 L, osort. avfall. Var 4:e vecka säsong ÅRKV ANTB
SÄ160OS104;LITER|SÄCK|2 GGR;3;;;LITER;SÄCK;2 GGR;;STANDARD:Standard Avfall:131;Säck 160 L, osort. avfall. 2ggr/ vecka ÅRKV ANTB
SÄ160OS44S;LITER|SÄCK|2 GGR;3;;;LITER;SÄCK;2 GGR;;STANDARD:Standard Avfall:135;Säck 160 L, osort. avfall. 2ggr/ vecka säsong ÅRKV ANTB
SÄ160OS156;LITER|SÄCK|3 GGR;3;;;LITER;SÄCK;3 GGR;;STANDARD:Standard Avfall:130;Säck 160 L, osort. avfall. 3ggr/ vecka ÅRKV ANTB
;LITER|SÄCK|VERKSAMHET;3;;;LITER;SÄCK;;VERKSAMHET;RULE:Taxepunkter:253;Avfall till energiåtervinning (240 L sopsäck) ÅVC/verksamhetsavfall Behållarvolym VOLYM/BEHÅLLARE 240 §6.1.2 | §6.1.2 | Avfall till energiåtervinning (240 L sopsäck) | 200301 | kr/st |  |  |  |  |  |  | 
;LITER|VERKSAMHET;2;;;LITER;;;VERKSAMHET;RULE:Taxepunkter:272;Ätbart fett/frityrolja ÅVC/verksamhetsavfall §6.1.2 | §6.1.2 | Ätbart fett/frityrolja |  | kr/l |  |  |  |  |  |  | 
;LITER|VERKSAMHET;2;;;LITER;;;VERKSAMHET;RULE:Taxepunkter:329;Oljehaltigt avfall (ej PCB) Verksamhetsavfall Oljeavfall §6.1.3 | §6.1.3 | Oljehaltigt avfall (ej PCB) | 200126* | Kr/l |  |  |  |  |  |  | 
;LITER|VERKSAMHET;2;;;LITER;;;VERKSAMHET;RULE:Taxepunkter:330;Olja förorenad (ej PCB) Verksamhetsavfall Oljeavfall §6.1.3 | §6.1.3 | Olja förorenad (ej PCB) | 200126* | Kr/l |  |  |  |  |  |  | 
LATRINBEHÅLL;LITER|VERKSAMHET;2;;;LITER;;;VERKSAMHET;RULE:Taxepunkter:197;Latrinbehållare 37 liter inkl. mottagning och behandling Flerbostad/verksamhet Styck KVAN 37 §3.4.1 | §3.4.1 | Latrinbehållare 37 liter inkl. mottagning och behandling |  | st | LATRINBEHÅLL | LATRINBEHÅLL | KVAN |  |  |  | 
;LÄGENHET;1;;;;;;LÄGENHET;RULE:Taxepunkter:13;Lägenhet för specialändamål Hushåll §2.1 | §2.1 | Lägenhet för specialändamål |  | st/år |  |  |  |  |  |  | 
GRUNDFLB;LÄGENHET;1;;;;;;LÄGENHET;RULE:Taxa_från_edp:67;Grundavgift per lägenhet, flerbostadshus Okänd ÅRKV GRUNDFLB | Grundavgift per lägenhet, flerbostadshus | ÅRKV | Grundavgift per lägenhet | LÄGH
GRUNDFLB;LÄGENHET;1;;;;;;LÄGENHET;RULE:Taxepunkter:12;Lägenhet i flerbostadshus Hushåll ÅRKV §2.1 | §2.1 | Lägenhet i flerbostadshus |  | st/år | GRUNDFLB | GRUNDFLB | ÅRKV |  |  |  | 
GRUNDLÄG;LÄGENHET;1;;;;;;LÄGENHET;RULE:Taxa_från_edp:72;Grundavgift, tvåbostadshus Okänd ÅRKV GRUNDLÄG | Grundavgift, tvåbostadshus | ÅRKV | Grundavgift per lägenhet | LÄGH
VAL2;LÄGENHET;1;;;;;;LÄGENHET;RULE:Taxa_från_edp:252;VA HÖGST 2 LÄGENHETER Okänd ÅRPR VAL2 | VA HÖGST 2 LÄGENHETER | ÅRPR | Vatten och avlopp | 
VAL3;LÄGENHET;1;;;;;;LÄGENHET;RULE:Taxa_från_edp:253;VA MER ÄN 2 LÄGENHETER Okänd ÅRKV VAL3 | VA MER ÄN 2 LÄGENHETER | ÅRKV | Vatten och avlopp mer än 2 lgh | KBMV
;LÄGENHET,CAMPING;2;;;;;;LÄGENHET,CAMPING;RULE:Taxepunkter:16;Campingstuga/-lägenhet Hushåll §2.1 | §2.1 | Campingstuga/-lägenhet |  | st/år |  |  |  |  |  |  | 
ANL36SL;M3;1;;;M3;;;;RULE:Taxa_från_edp:12;Tömning slamanläggning 3,1-6 m³ Okänd KVAN ANL36SL | Tömning slamanläggning 3,1-6 m³ | KVAN | Tömning av slamanlägg. 3,1-6 | ANTL
ANLÖ6SL;M3;1;;;M3;;;;RULE:Taxa_från_edp:14;Tömning slamanläggning över 6 m³ Okänd KVAN ANLÖ6SL | Tömning slamanläggning över 6 m³ | KVAN | Tömning av slamanlägg över 6 m³ | ANTL
AVS03FE;M3;1;;;M3;;;;STANDARD:Standard Slam:114;Avskiljare 0-3 m³, fett KVAN ANTL
AVS03FEB;M3;1;;;M3;;;;STANDARD:Standard Slam:110;Avskiljare 0-3 m³, fett. Budning KVAN ANTL
AVS03FEBUD;M3;1;;;M3;;;;STANDARD:Standard Slam:102;Avskiljare 0-3 m³, fett. Budning ÅRKV 0
AVS03FEO;M3;1;;;M3;;;;STANDARD:Standard Slam:107;Avskiljare 0-3 m³, fett. Ordinarie tur KVAN ANTL
AVS03FEORD;M3;1;;;M3;;;;STANDARD:Standard Slam:99;Avskiljare 0-3 m³, fett. Ordinarie tur ÅRKV 0
AVS03SL;M3;1;;;M3;;;;STANDARD:Standard Slam:76;Avskiljare 0-3 m³, slam KVAN ANTL
AVS03SLB;M3;1;;;M3;;;;STANDARD:Standard Slam:59;Avskiljare 0-3 m³, slam. Budning KVAN ANTL
AVS03SLBUD;M3;1;;;M3;;;;STANDARD:Standard Slam:26;Avskiljare 0-3 m³, slam. Budning ÅRKV 0
AVS03SLO;M3;1;;;M3;;;;STANDARD:Standard Slam:43;Avskiljare 0-3 m³, slam. Ordinarie tur KVAN ANTL
AVS03SLORD;M3;1;;;M3;;;;STANDARD:Standard Slam:10;Avskiljare 0-3 m³, slam. Ordinarie tur ÅRKV 0
AVS36FE;M3;1;;;M3;;;;STANDARD:Standard Slam:115;Avskiljare 3-6 m³, fett KVAN ANTL
AVS36FEB;M3;1;;;M3;;;;STANDARD:Standard Slam:111;Avskiljare 3-6 m³, fett. Budning KVAN ANTL
AVS36FEBUD;M3;1;;;M3;;;;STANDARD:Standard Slam:103;Avskiljare 3-6 m³, fett. Budning ÅRKV 1
AVS36FEO;M3;1;;;M3;;;;STANDARD:Standard Slam:108;Avskiljare 3-6 m³, fett. Ordinarie tur KVAN ANTL
AVS36FEORD;M3;1;;;M3;;;;STANDARD:Standard Slam:100;Avskiljare 3-6 m³, fett. Ordinarie tur ÅRKV 0
AVS36SL;M3;1;;;M3;;;;STANDARD:Standard Slam:77;Avskiljare 3,1-6 m³, slam KVAN ANTL
AVS36SLB;M3;1;;;M3;;;;STANDARD:Standard Slam:60;Avskiljare 3,1-6 m³, slam. Budning KVAN ANTL
AVS36SLBUD;M3;1;;;M3;;;;STANDARD:Standard Slam:27;Avskiljare 3,1-6 m³, slam. Budning ÅRKV 0
AVS36SLO;M3;1;;;M3;;;;STANDARD:Standard Slam:44;Avskiljare 3,1-6 m³, slam. Ordinarie tur KVAN ANTL
AVS36SLORD;M3;1;;;M3;;;;STANDARD:Standard Slam:11;Avskiljare 3,1-6 m³, slam. Ordinarie tur ÅRKV 0
AVSÖ6FE;M3;1;;;M3;;;;STANDARD:Standard Slam:116;Avskiljare över 6 m³, fett KVAN ANTL
AVSÖ6FEB;M3;1;;;M3;;;;STANDARD:Standard Slam:112;Avskiljare över 6 m³, fett. Budning KVAN ANTL
AVSÖ6FEBUD;M3;1;;;M3;;;;STANDARD:Standard Slam:104;Avskiljare över 6 m³, fett. Budning ÅRKV 2
AVSÖ6FEO;M3;1;;;M3;;;;STANDARD:Standard Slam:109;Avskiljare över 6 m³, fett. Ordinarie tur KVAN ANTL
AVSÖ6FEORD;M3;1;;;M3;;;;STANDARD:Standard Slam:101;Avskiljare över 6 m³, fett. Ordinarie tur ÅRKV 0
AVSÖ6SL;M3;1;;;M3;;;;STANDARD:Standard Slam:78;Avskiljare över 6 m³, slam KVAN ANTL
AVSÖ6SLB;M3;1;;;M3;;;;STANDARD:Standard Slam:61;Avskiljare över 6 m³, slam. Budning KVAN ANTL
AVSÖ6SLBUD;M3;1;;;M3;;;;STANDARD:Standard Slam:28;Avskiljare över 6 m³, slam. Budning ÅRKV 0
AVSÖ6SLO;M3;1;;;M3;;;;STANDARD:Standard Slam:45;Avskiljare över 6 m³, slam. Ordinarie tur KVAN ANTL
AVSÖ6SLORD;M3;1;;;M3;;;;STANDARD:Standard Slam:12;Avskiljare över 6 m³, slam. Ordinarie tur ÅRKV 0
BDT03SL;M3;1;;;M3;;;;STANDARD:Standard Slam:85;BDT, 0-3 m³ slam KVAN ANTL
BDT03SLB;M3;1;;;M3;;;;STANDARD:Standard Slam:68;BDT, 0-3 m³ slam. Budning KVAN ANTL
BDT03SLBUD;M3;1;;;M3;;;;RULE:Taxa_från_edp:18;BDT 0-3 m³, slam. Budning Slam Slam ÅRKV BDT03SLBUD | BDT 0-3 m³, slam. Budning | ÅRKV | BDT 0-3 m³, slam. Budning | ANTB
BDT03SLBUD;M3;1;;;M3;;;;STANDARD:Standard Slam:35;BDT, 0-3 m³ slam. Budning ÅRKV 5
BDT03SLO;M3;1;;;M3;;;;STANDARD:Standard Slam:52;BDT, 0-3 m³ slam. Ordinarie tur KVAN ANTL
BDT03SLORD;M3;1;;;M3;;;;RULE:Taxa_från_edp:19;BDT 0-3 m³, slam. Ordinarie tur Slam Slam ÅRKV BDT03SLORD | BDT 0-3 m³, slam. Ordinarie tur | ÅRKV | BDT 0-3 m³, slam. Ord. tur | ANTB
BDT03SLORD;M3;1;;;M3;;;;STANDARD:Standard Slam:19;BDT, 0-3 m³ slam. Ordinarie tur ÅRKV 0
BDT36SL;M3;1;;;M3;;;;STANDARD:Standard Slam:86;BDT, 3,1-6 m³ slam KVAN ANTL
BDT36SLB;M3;1;;;M3;;;;STANDARD:Standard Slam:69;BDT, 3,1-6 m³ slam. Budning KVAN ANTL
BDT36SLBUD;M3;1;;;M3;;;;RULE:Taxa_från_edp:20;BDT 3,1-6 m³, slam. Budning Slam Slam ÅRKV BDT36SLBUD | BDT 3,1-6 m³, slam. Budning | ÅRKV | BDT 3,1-6 m³, slam. Budning | ANTB
BDT36SLBUD;M3;1;;;M3;;;;STANDARD:Standard Slam:36;BDT, 3,1-6 m³ slam. Budning ÅRKV 6
BDT36SLO;M3;1;;;M3;;;;STANDARD:Standard Slam:53;BDT, 3,1-6 m³ slam. Ordinarie tur KVAN ANTL
BDT36SLORD;M3;1;;;M3;;;;RULE:Taxa_från_edp:21;BDT 3,1-6 m³, slam. Ord. tur Slam Slam ÅRKV BDT36SLORD | BDT 3,1-6 m³, slam. Ord. tur | ÅRKV | BDT 3,1-6 m³, slam. Ord. tur | ANTB
BDT36SLORD;M3;1;;;M3;;;;STANDARD:Standard Slam:20;BDT, 3,1-6 m³ slam. Ordinarie tur ÅRKV 0
BDTÖ6SLBUD;M3;1;;;M3;;;;RULE:Taxa_från_edp:22;BDT över 6 m³, slam. Budning Slam Slam ÅRKV BDTÖ6SLBUD | BDT över 6 m³, slam. Budning | ÅRKV | BDT över 6 m³, slam. Budning | ANTB
BDTÖ6SLORD;M3;1;;;M3;;;;RULE:Taxa_från_edp:23;BDT över 6 m³, slam. Ord. tur Slam Slam ÅRKV BDTÖ6SLORD | BDT över 6 m³, slam. Ord. tur | ÅRKV | BDT över 6 m³, slam. Ord. tur | ANTB
BRN03SL;M3;1;;;M3;;;;STANDARD:Standard Slam:73;Brunn 0-3 m³, slam KVAN ANTL
BRN03SLB;M3;1;;;M3;;;;STANDARD:Standard Slam:56;Brunn 0-3 m³, slam. Budning KVAN ANTL
BRN03SLBUD;M3;1;;;M3;;;;RULE:Taxa_från_edp:31;Brunn 0-3 m³, slam. Budning Slam Slam ÅRKV BRN03SLBUD | Brunn 0-3 m³, slam. Budning | ÅRKV | Brunn 0-3 m³, slam. Budning | ANTB
BRN03SLBUD;M3;1;;;M3;;;;STANDARD:Standard Slam:23;Brunn 0-3 m³, slam. Budning ÅRKV 0
BRN03SLO;M3;1;;;M3;;;;STANDARD:Standard Slam:40;Brunn 0-3 m³, Slam. Ordinarie tur KVAN ANTL
BRN03SLORD;M3;1;;;M3;;;;RULE:Taxa_från_edp:32;Brunn 0-3 m³, slam. Ord. tur Slam Slam ÅRKV BRN03SLORD | Brunn 0-3 m³, slam. Ord. tur | ÅRKV | Brunn 0-3 m³, slam. Ord. tur | ANTB
BRN03SLORD;M3;1;;;M3;;;;STANDARD:Standard Slam:7;Brunn 0-3 m³, Slam. Ordinarie tur ÅRKV 0
BRN36SL;M3;1;;;M3;;;;STANDARD:Standard Slam:74;Brunn 3,1-6 m³, slam KVAN ANTL
BRN36SLB;M3;1;;;M3;;;;STANDARD:Standard Slam:57;Brunn 3,1-6 m³, slam. Budning KVAN ANTL
BRN36SLBUD;M3;1;;;M3;;;;RULE:Taxa_från_edp:33;Brunn 3,1-6 m³, slam. Budning Slam Slam ÅRKV BRN36SLBUD | Brunn 3,1-6 m³, slam. Budning | ÅRKV | Brunn 3,1-6 m³, slam. Budning | ANTB
BRN36SLBUD;M3;1;;;M3;;;;STANDARD:Standard Slam:24;Brunn 3,1-6 m³, slam. Budning ÅRKV 0
BRN36SLO;M3;1;;;M3;;;;STANDARD:Standard Slam:41;Brunn 3,1-6 m³, slam. Ordinarie tur KVAN ANTL
BRN36SLORD;M3;1;;;M3;;;;RULE:Taxa_från_edp:34;Brunn 3,1-6 m³, slam. Ord. tur Slam Slam ÅRKV BRN36SLORD | Brunn 3,1-6 m³, slam. Ord. tur | ÅRKV | Brunn över 6 m³, slam. Ord. tur | ANTB
BRN36SLORD;M3;1;;;M3;;;;STANDARD:Standard Slam:8;Brunn 3,1-6 m³, slam. Ordinarie tur ÅRKV 0
BRNÖ6SL;M3;1;;;M3;;;;STANDARD:Standard Slam:75;Brunn över 6 m³, slam KVAN ANTL
BRNÖ6SLB;M3;1;;;M3;;;;STANDARD:Standard Slam:58;Brunn över 6 m³, slam. Budning KVAN ANTL
BRNÖ6SLBUD;M3;1;;;M3;;;;RULE:Taxa_från_edp:35;Brunn över 6 m³, slam. Budning Slam Slam ÅRKV BRNÖ6SLBUD | Brunn över 6 m³, slam. Budning | ÅRKV | Brunn över 6 m³, slam. Budning | ANTB
BRNÖ6SLBUD;M3;1;;;M3;;;;STANDARD:Standard Slam:25;Brunn över 6 m³, slam. Budning ÅRKV 0
BRNÖ6SLO;M3;1;;;M3;;;;STANDARD:Standard Slam:42;Brunn över 6 m³, slam. Ordinarie tur KVAN ANTL
BRNÖ6SLORD;M3;1;;;M3;;;;RULE:Taxa_från_edp:36;Brunn över 6 m³, slam. Ord. tur Slam Slam ÅRKV BRNÖ6SLORD | Brunn över 6 m³, slam. Ord. tur | ÅRKV | Brunn över 6 m³, slam. Ord. tur | ANTB
BRNÖ6SLORD;M3;1;;;M3;;;;STANDARD:Standard Slam:9;Brunn över 6 m³, slam. Ordinarie tur ÅRKV 0
MB1300OS13;M3;1;;;M3;;;;STANDARD:Standard Avfall:244;Markbehållare 1,3 m³, osorterat avfall. Var 4:e vecka ÅRKV ANTB
MB1300OS26;M3;1;;;M3;;;;STANDARD:Standard Avfall:243;Markbehållare 1,3 m³, osorterat avfall. Var 14:e dag ÅRKV ANTB
MB1300OS52;M3;1;;;M3;;;;STANDARD:Standard Avfall:242;Markbehållare 1,3 m³, osorterat avfall. Varje vecka ÅRKV ANTB
MB1300OSBUD;M3;1;;;M3;;;;STANDARD:Standard Avfall:245;Markbehållare 1,3 m³, osorterat avfall. Budning KVAN ANTL
MB1600OS13;M3;1;;;M3;;;;STANDARD:Standard Avfall:256;Markbehållare 1,6 m³, osorterat avfall. Var 4:e vecka ÅRKV ANTB
MB1600OS26;M3;1;;;M3;;;;STANDARD:Standard Avfall:255;Markbehållare 1,6 m³, osorterat avfall. Var 14:e dag ÅRKV ANTB
MB1600OS52;M3;1;;;M3;;;;STANDARD:Standard Avfall:254;Markbehållare 1,6 m³, osorterat avfall. Varje vecka ÅRKV ANTB
MB1600OSBUD;M3;1;;;M3;;;;STANDARD:Standard Avfall:257;Markbehållare 1,6 m³, osorterat avfall. Budning KVAN ANTL
MB2200OS13;M3;1;;;M3;;;;STANDARD:Standard Avfall:262;Markbehållare 2,2 m³, osorterat avfall. Var 4:e vecka ÅRKV ANTB
MB2200OS26;M3;1;;;M3;;;;STANDARD:Standard Avfall:261;Markbehållare 2,2 m³, osorterat avfall. Var 14:e dag ÅRKV ANTB
MB2200OS52;M3;1;;;M3;;;;STANDARD:Standard Avfall:260;Markbehållare 2,2 m³, osorterat avfall. Varje vecka ÅRKV ANTB
MB2200OSBUD;M3;1;;;M3;;;;STANDARD:Standard Avfall:263;Markbehållare 2,2 m³, osorterat avfall. Budning KVAN ANTL
MB3200OS13;M3;1;;;M3;;;;STANDARD:Standard Avfall:268;Markbehållare 3,2 m³, osorterat avfall. Var 4:e vecka ÅRKV ANTB
MB3200OS26;M3;1;;;M3;;;;STANDARD:Standard Avfall:267;Markbehållare 3,2 m³, osorterat avfall. Var 14:e dag ÅRKV ANTB
MB3200OS52;M3;1;;;M3;;;;STANDARD:Standard Avfall:266;Markbehållare 3,2 m³, osorterat avfall. Varje vecka ÅRKV ANTB
MB3200OSBUD;M3;1;;;M3;;;;STANDARD:Standard Avfall:269;Markbehållare 3,2 m³, osorterat avfall. Budning KVAN ANTL
MB5000OS13;M3;1;;;M3;;;;STANDARD:Standard Avfall:274;Markbehållare 5 m³, osorterat avfall. Var 4:e vecka ÅRKV ANTB
MB5000OS26;M3;1;;;M3;;;;STANDARD:Standard Avfall:273;Markbehållare 5 m³, osorterat avfall. Var 14:e dag ÅRKV ANTB
MB5000OS52;M3;1;;;M3;;;;STANDARD:Standard Avfall:272;Markbehållare 5 m³, osorterat avfall. Varje vecka ÅRKV ANTB
MB5000OSBUD;M3;1;;;M3;;;;STANDARD:Standard Avfall:275;Markbehållare 5 m³, osorterat avfall. Budning KVAN ANTL
MRV03SL;M3;1;;;M3;;;;STANDARD:Standard Slam:82;Minireningsverk, 0-3 m³ slam KVAN ANTL
MRV03SLB;M3;1;;;M3;;;;STANDARD:Standard Slam:65;Minireningsverk, 0-3 m³ slam. Budning KVAN ANTL
MRV03SLBUD;M3;1;;;M3;;;;RULE:Taxa_från_edp:157;Minireningsverk 0-3 m³, slam. Budning Slam Slam ÅRKV MRV03SLBUD | Minireningsverk 0-3 m³, slam. Budning | ÅRKV | Minireningsverk 0-3 m³, slam. Budning | ANTB
MRV03SLBUD;M3;1;;;M3;;;;STANDARD:Standard Slam:32;Minireningsverk, 0-3 m³ slam. Budning ÅRKV 2
MRV03SLO;M3;1;;;M3;;;;STANDARD:Standard Slam:49;Minireningsverk, 0-3 m³ slam. Ordinarie tur KVAN ANTL
MRV03SLORD;M3;1;;;M3;;;;RULE:Taxa_från_edp:158;Minireningsverk 0-3 m³, slam. Ordinarie tur Slam Slam ÅRKV MRV03SLORD | Minireningsverk 0-3 m³, slam. Ordinarie tur | ÅRKV | Minireningsverk 0-3 m³, slam. Ordinarie tur | ANTB
MRV03SLORD;M3;1;;;M3;;;;STANDARD:Standard Slam:16;Minireningsverk, 0-3 m³ slam. Ordinarie tur ÅRKV 0
MRV36SL;M3;1;;;M3;;;;STANDARD:Standard Slam:83;Minireningsverk, 3,1-6 m³ slam KVAN ANTL
MRV36SLB;M3;1;;;M3;;;;STANDARD:Standard Slam:66;Minireningsverk, 3,1-6 m³ slam. Budning KVAN ANTL
MRV36SLBUD;M3;1;;;M3;;;;RULE:Taxa_från_edp:159;Minireningsverk 3,1-6 m³, slam. Budning Slam Slam ÅRKV MRV36SLBUD | Minireningsverk 3,1-6 m³, slam. Budning | ÅRKV | Minireningsverk 3,1-6 m³, slam. Budning | ANTB
MRV36SLBUD;M3;1;;;M3;;;;STANDARD:Standard Slam:33;Minireningsverk, 3,1-6 m³ slam. Budning ÅRKV 3
MRV36SLO;M3;1;;;M3;;;;STANDARD:Standard Slam:50;Minireningsverk, 3,1-6 m³ slam. Ordinarie tur KVAN ANTL
MRV36SLORD;M3;1;;;M3;;;;RULE:Taxa_från_edp:160;Minireningsverk 3,1-6 m³, slam. Ordinarie tur Slam Slam ÅRKV MRV36SLORD | Minireningsverk 3,1-6 m³, slam. Ordinarie tur | ÅRKV | Minireningsverk 3,1-6 m³, slam. Ordinarie tur | ANTB
MRV36SLORD;M3;1;;;M3;;;;STANDARD:Standard Slam:17;Minireningsverk, 3,1-6 m³ slam. Ordinarie tur ÅRKV 0
MRVÖ6SL;M3;1;;;M3;;;;STANDARD:Standard Slam:84;Minireningsverk, över 6 m³ slam KVAN ANTL
MRVÖ6SLB;M3;1;;;M3;;;;STANDARD:Standard Slam:67;Minireningsverk, över 6 m³ slam. Budning KVAN ANTL
MRVÖ6SLBUD;M3;1;;;M3;;;;RULE:Taxa_från_edp:161;Minireningsverk över 6 m³, slam. Budning Slam Slam ÅRKV MRVÖ6SLBUD | Minireningsverk över 6 m³, slam. Budning | ÅRKV | Minireningsverk över 6 m³, slam. Budning | ANTB
MRVÖ6SLBUD;M3;1;;;M3;;;;STANDARD:Standard Slam:34;Minireningsverk, över 6 m³ slam. Budning ÅRKV 4
MRVÖ6SLO;M3;1;;;M3;;;;STANDARD:Standard Slam:51;Minireningsverk, över 6 m³ slam. Ordinarie tur KVAN ANTL
MRVÖ6SLORD;M3;1;;;M3;;;;RULE:Taxa_från_edp:162;Minireningsverk över 6 m³, slam. Ordinarie tur Slam Slam ÅRKV MRVÖ6SLORD | Minireningsverk över 6 m³, slam. Ordinarie tur | ÅRKV | Minireningsverk över 6 m³, slam. Ordinarie tur | ANTB
MRVÖ6SLORD;M3;1;;;M3;;;;STANDARD:Standard Slam:18;Minireningsverk, över 6 m³ slam. Ordinarie tur ÅRKV 0
SLT03SL;M3;1;;;M3;;;;STANDARD:Standard Slam:79;Sluten tank 0-3 m³, slam KVAN ANTL
SLT03SLB;M3;1;;;M3;;;;STANDARD:Standard Slam:62;Sluten tank 0-3 m³, slam. Budning KVAN ANTL
SLT03SLBUD;M3;1;;;M3;;;;RULE:Taxa_från_edp:203;Sluten tank 0-3 m³, slam. Budning Slam Slam ÅRKV SLT03SLBUD | Sluten tank 0-3 m³, slam. Budning | ÅRKV | Sluten tank 0-3 m³, slam. Bud | ANTB
SLT03SLBUD;M3;1;;;M3;;;;STANDARD:Standard Slam:29;Sluten tank 0-3 m³, slam. Budning ÅRKV 0
SLT03SLO;M3;1;;;M3;;;;STANDARD:Standard Slam:46;Sluten tank 0-3 m³, slam. Ordinarie tur KVAN ANTL
SLT03SLORD;M3;1;;;M3;;;;RULE:Taxa_från_edp:204;Sluten tank 0-3 m³, slam. Ordinarie tur Slam Slam ÅRKV SLT03SLORD | Sluten tank 0-3 m³, slam. Ordinarie tur | ÅRKV | Sluten tank 0-3 m³, slam. Ord | ANTB
SLT03SLORD;M3;1;;;M3;;;;STANDARD:Standard Slam:13;Sluten tank 0-3 m³, slam. Ordinarie tur ÅRKV 0
SLT36SL;M3;1;;;M3;;;;STANDARD:Standard Slam:80;Sluten tank 3,1-6 m³, slam KVAN ANTL
SLT36SLB;M3;1;;;M3;;;;STANDARD:Standard Slam:63;Sluten tank 3,1-6 m³, slam. Budning KVAN ANTL
SLT36SLBUD;M3;1;;;M3;;;;RULE:Taxa_från_edp:205;Sluten tank 3,1-6 m³, slam. Budning Slam Slam ÅRKV SLT36SLBUD | Sluten tank 3,1-6 m³, slam. Budning | ÅRKV | Sluten tank 3,1-6 m³, slam. Bud | ANTB
SLT36SLBUD;M3;1;;;M3;;;;STANDARD:Standard Slam:30;Sluten tank 3,1-6 m³, slam. Budning ÅRKV 0
SLT36SLO;M3;1;;;M3;;;;STANDARD:Standard Slam:47;Sluten tank 3,1-6 m³, slam. Ordinarie tur KVAN ANTL
SLT36SLORD;M3;1;;;M3;;;;RULE:Taxa_från_edp:206;Sluten tank 3,1-6 m³, slam. Ordinarie tur Slam Slam ÅRKV SLT36SLORD | Sluten tank 3,1-6 m³, slam. Ordinarie tur | ÅRKV | Sluten tank 3,1-6 m³, slam. Ord | ANTB
SLT36SLORD;M3;1;;;M3;;;;STANDARD:Standard Slam:14;Sluten tank 3,1-6 m³, slam. Ordinarie tur ÅRKV 0
SLTÖ6SL;M3;1;;;M3;;;;STANDARD:Standard Slam:81;Sluten tank över 6 m³, slam KVAN ANTL
SLTÖ6SLB;M3;1;;;M3;;;;STANDARD:Standard Slam:64;Sluten tank över 6 m³, slam. Budning KVAN ANTL
SLTÖ6SLBUD;M3;1;;;M3;;;;RULE:Taxa_från_edp:210;Sluten tank över 6 m³, slam. Budning Slam Slam ÅRKV SLTÖ6SLBUD | Sluten tank över 6 m³, slam. Budning | ÅRKV | Sluten tank över 6 m³, slam. Bud | ANTB
SLTÖ6SLBUD;M3;1;;;M3;;;;STANDARD:Standard Slam:31;Sluten tank över 6 m³, slam. Budning ÅRKV 1
SLTÖ6SLO;M3;1;;;M3;;;;STANDARD:Standard Slam:48;Sluten tank över 6 m³, slam. Ordinarie tur KVAN ANTL
SLTÖ6SLORD;M3;1;;;M3;;;;RULE:Taxa_från_edp:211;Sluten tank över 6 m³, slam. Ordinarie tur Slam Slam ÅRKV SLTÖ6SLORD | Sluten tank över 6 m³, slam. Ordinarie tur | ÅRKV | Sluten tank över 6 m³, slam. Ord | ANTB
SLTÖ6SLORD;M3;1;;;M3;;;;STANDARD:Standard Slam:15;Sluten tank över 6 m³, slam. Ordinarie tur ÅRKV 0
;M3,BESÖK|VERKSAMHET;3;;;M3,BESÖK;;;VERKSAMHET;RULE:Taxepunkter:277;Flera fraktioner för egen sortering på ramp max 2 m3 ÅVC/verksamhetsavfall Volym VOLM §6.1.2 | §6.1.2 | Flera fraktioner för egen sortering på ramp max 2 m3 |  | Kr/besök |  |  |  |  |  |  | 
MB1300OS104;M3|2 GGR;2;;;M3;;2 GGR;;STANDARD:Standard Avfall:241;Markbehållare 1,3 m³, osorterat avfall. 2ggr/ vecka ÅRKV ANTB
MB1600OS104;M3|2 GGR;2;;;M3;;2 GGR;;STANDARD:Standard Avfall:253;Markbehållare 1,6 m³, osorterat avfall. 2ggr/ vecka ÅRKV ANTB
MB2200OS104;M3|2 GGR;2;;;M3;;2 GGR;;STANDARD:Standard Avfall:259;Markbehållare 2,2 m³, osorterat avfall. 2ggr/ vecka ÅRKV ANTB
MB3200OS104;M3|2 GGR;2;;;M3;;2 GGR;;STANDARD:Standard Avfall:265;Markbehållare 3,2 m³, osorterat avfall. 2ggr/ vecka ÅRKV ANTB
MB5000OS104;M3|2 GGR;2;;;M3;;2 GGR;;STANDARD:Standard Avfall:271;Markbehållare 5 m³, osorterat avfall. 2ggr/ vecka ÅRKV ANTB
CO08BR52;M3|CONTAINER;2;;;M3;CONTAINER;;;STANDARD:Standard Avfall:416;Container 8 m³, brännbart avfall. Varje vecka ÅRKV ANTB
CO08BR52;M3|CONTAINER;2;;;M3;CONTAINER;;;STANDARD:Standard Avfall:421;Container 8 m³, brännbart avfall. Varje vecka ÅRKV ANTB
CONT12SLBUD;M3|CONTAINER;2;;;M3;CONTAINER;;;RULE:Taxa_från_edp:41;Container 12 m3, Slam Slam Slam Volym ÅRKV CONT12SLBUD | Container 12 m3, Slam | ÅRKV | Container 12 m3, Slam | ANTB
FL04BR26;M3|CONTAINER;2;;;M3;CONTAINER;;;STANDARD:Standard Avfall:417;Frontlastar container 4 m³, brännbart avfall. Var 14:e dag ÅRKV ANTB
HCO03;M3|CONTAINER;2;;;M3;CONTAINER;;;RULE:Taxa_från_edp:83;Hyra container 3 m³ Okänd ÅRKV HCO03 | Hyra container 3 m³ | ÅRKV | Hyra container 3 m³ | ANTB
HCO05;M3|CONTAINER;2;;;M3;CONTAINER;;;RULE:Taxa_från_edp:84;Hyra container 5 m³ Okänd ÅRKV HCO05 | Hyra container 5 m³ | ÅRKV | Hyra container 5 m³ | ANTB
HCO08;M3|CONTAINER;2;;;M3;CONTAINER;;;RULE:Taxa_från_edp:85;Hyra container 8 m³ Okänd ÅRKV HCO08 | Hyra container 8 m³ | ÅRKV | Hyra container 8 m³ | ANTB
HCO08;M3|CONTAINER;2;;;M3;CONTAINER;;;STANDARD:Standard Avfall:425;Hyra container 8 m³ ÅRKV ANTB
HRF20;M3|CONTAINER;2;;;M3;CONTAINER;;;STANDARD:Standard Avfall:467;Hyra rullflak container 10-20 m³ ÅRKV ANTB
HRF20K;M3|CONTAINER;2;;;M3;CONTAINER;;;STANDARD:Standard Avfall:468;Hyra rullflak container 10-20 m³, korttidsHyra ÅRKV ANTB
HRF40;M3|CONTAINER;2;;;M3;CONTAINER;;;STANDARD:Standard Avfall:469;Hyra rullflak container 22-40 m³ ÅRKV ANTB
HRF40K;M3|CONTAINER;2;;;M3;CONTAINER;;;STANDARD:Standard Avfall:470;Hyra rullflak container 22-40 m³, korttidsHyra ÅRKV ANTB
LD06BR13;M3|CONTAINER;2;;;M3;CONTAINER;;;STANDARD:Standard Avfall:419;Liftdumper container 6 m³, brännbart avfall. Var 4:e vecka ÅRKV ANTB
RF30BR52;M3|CONTAINER;2;;;M3;CONTAINER;;;STANDARD:Standard Avfall:418;Rullflak container 30 m³, brännbart avfall. Varje vecka ÅRKV ANTB
;M3|CONTAINER|VERKSAMHET;3;;;M3;CONTAINER;;VERKSAMHET;RULE:Taxepunkter:360;Container 3 m3 Verksamhetsavfall Volym VOLM §6.1.5 | §6.1.5 | Container 3 m3 |  | st/dygn |  |  |  |  |  |  | 
;M3|CONTAINER|VERKSAMHET;3;;;M3;CONTAINER;;VERKSAMHET;RULE:Taxepunkter:361;Container 5 m3 Verksamhetsavfall Volym VOLM §6.1.5 | §6.1.5 | Container 5 m3 |  | st/dygn |  |  |  |  |  |  | 
;M3|CONTAINER|VERKSAMHET;3;;;M3;CONTAINER;;VERKSAMHET;RULE:Taxepunkter:362;Container 8 m3 Verksamhetsavfall Volym VOLM §6.1.5 | §6.1.5 | Container 8 m3 |  | st/dygn |  |  |  |  |  |  | 
;M3|VERKSAMHET;2;;;M3;;;VERKSAMHET;RULE:Taxepunkter:169;Tillägg per m3 över 9 m3 Flerbostad/verksamhet Volym VOLM §3.1.1 | §3.1.1 | Tillägg per m3 över 9 m3 |  | kr/m3 |  |  |  |  |  |  | 
;M3|VERKSAMHET;2;;;M3;;;VERKSAMHET;RULE:Taxepunkter:171;Tilägg per m3 över 3m3 Flerbostad/verksamhet Volym VOLM §3.1.1 | §3.1.1 | Tilägg per m3 över 3m3 |  | kr/m3 |  |  |  |  |  |  | 
;M3|VERKSAMHET;2;;;M3;;;VERKSAMHET;RULE:Taxepunkter:273;Kvistar och grenar ÅVC/verksamhetsavfall Volym VOLM §6.1.2 | §6.1.2 | Kvistar och grenar | 200201 | kr/m3 |  |  |  |  |  |  | 
BDT03SLORD;M3|VERKSAMHET;2;;;M3;;;VERKSAMHET;RULE:Taxepunkter:170;Bad-, disk- och tvättbrunn upp till 3 m3 Flerbostad/verksamhet Volym ÅRKV §3.1.1 | §3.1.1 | Bad-, disk- och tvättbrunn upp till 3 m3 |  | kr/tömning | BDT03SLORD | BDT03SLORD | ÅRKV |  |  |  | 
BDT36SLORD;M3|VERKSAMHET;2;;;M3;;;VERKSAMHET;RULE:Taxepunkter:167;Mellan 3 m3 och 6 m3 Flerbostad/verksamhet Volym ÅRKV §3.1.1 | §3.1.1 | Mellan 3 m3 och 6 m3 |  | kr/tömning | BDT36SLORD | BDT36SLORD | ÅRKV |  |  |  | 
BRN03SLORD;M3|VERKSAMHET;2;;;M3;;;VERKSAMHET;RULE:Taxepunkter:166;Upp till 3 m3 Flerbostad/verksamhet Volym ÅRKV §3.1.1 | §3.1.1 | Upp till 3 m3 |  | kr/tömning | BRN03SLORD | BRN03SLORD | ÅRKV |  |  |  | 
BRNÖ6SLORD;M3|VERKSAMHET;2;;;M3;;;VERKSAMHET;RULE:Taxepunkter:168;Mellan 6 m3 och 9 m3 Flerbostad/verksamhet Volym ÅRKV §3.1.1 | §3.1.1 | Mellan 6 m3 och 9 m3 |  | kr/tömning | BRNÖ6SLORD | BRNÖ6SLORD | ÅRKV |  |  |  | 
MB1600MABUD;MAT;1;;MAT;;;;;STANDARD:Standard Avfall:251;Markbehållare 1,6m³, matavfall. Budning KVAN ANTL
NYMAT;MAT;1;;MAT;;;;;STANDARD:Standard Avfall:311;Dummytaxa, ny tjänst via ändringsorder Matavfall ÅRKV 0
VIKTMA;MAT;1;;MAT;;;;;RULE:Taxa_från_edp:264;Vikt, matavfall Okänd Matavfall KVAN VIKTMA | Vikt, matavfall | KVAN | Vikt, matavfall | VIKG
VIKTMAT;MAT|KG;2;;MAT;KG;;;;RULE:Taxepunkter:106;Viktavgift matavfall Hushåll Matavfall KVAN §2.3.1 | §2.3.1 | Viktavgift matavfall |  | kr/kg | VIKTMAT |  | KVAN |  |  |  | 
;MAT|KG,LITER|KÄRL;4;;MAT;KG,LITER;KÄRL;;;RULE:Taxepunkter:115;Delat kärl 240 l matavfall Hushåll Matavfall Behållarvolym VOLYM/BEHÅLLARE 240 §2.4.2 | §2.4.2 | Delat kärl 240 l matavfall | Över 40 kg | kr/kg |  |  |  |  |  |  | 
KÄ140MA26FV;MAT|KG,LITER|KÄRL;4;;MAT;KG,LITER;KÄRL;;;RULE:Taxa_från_edp:104;Kärl 140 L, matavfall. Var 14:e dag. FLB/VHT Okänd Matavfall Behållarvolym KVAN KÄ140MA26FV | Kärl 140 L, matavfall. Var 14:e dag. FLB/VHT | KVAN | Viktavgift matavfall kr/kg | VIKG,MAX60
KÄ140MA26FV;MAT|KG,LITER|KÄRL;4;;MAT;KG,LITER;KÄRL;;;RULE:Taxa_från_edp:105;Kärl 140 L, matavfall. Var 14:e dag. FLB/VHT Okänd Matavfall Behållarvolym KVAN KÄ140MA26FV | Kärl 140 L, matavfall. Var 14:e dag. FLB/VHT | KVAN | Vikt över 60 kg, matavfall | VIKG-60,MIN0
KÄ140MA26FV_old;MAT|KG,LITER|KÄRL;4;;MAT;KG,LITER;KÄRL;;;RULE:Taxa_från_edp:108;Kärl 140 L, matavfall. Var 14:e dag. FLB/VHT Okänd Matavfall Behållarvolym KVAN KÄ140MA26FV_old | Kärl 140 L, matavfall. Var 14:e dag. FLB/VHT | KVAN | Viktavgift matavfall kr/kg | VIKG
VIKTMAT;MAT|KG,LITER|KÄRL,FACK;5;;MAT;KG,LITER;KÄRL,FACK;;;RULE:Taxa_från_edp:267;Tvåfackskärl 240 liter viktavgift Okänd Behållarvolym KVAN VIKTMAT | Tvåfackskärl 240 liter viktavgift | KVAN | Vikt över 60 kg, matavfall | VIKG-60,MIN0
KÄ240RM26;MAT|KG|KÄRL,FACK;4;;MAT;KG;KÄRL,FACK;;;RULE:Taxa_från_edp:119;Tvåfackskärl , rest/matavfall. Okänd Matavfall KVAN KÄ240RM26 | Tvåfackskärl , rest/matavfall. | KVAN | Viktavgift matavfall kr/kg | 0
KÄ240RM26FV;MAT|KG|KÄRL,FACK;4;;MAT;KG;KÄRL,FACK;;;RULE:Taxa_från_edp:122;Tvåfackskärl, rest/mat FLB/VHT Okänd KVAN KÄ240RM26FV | Tvåfackskärl, rest/mat FLB/VHT | KVAN | Viktavgift matavfall kr/kg | 0
GEMKÄFRI;MAT|KG|KÄRL|FRITIDSHUS;4;;MAT;KG;KÄRL;;FRITIDSHUS;RULE:Taxa_från_edp:59;Gemensam uppsamlingsplats med eget kärl, fritidshus Okänd ÅRKV GEMKÄFRI | Gemensam uppsamlingsplats med eget kärl, fritidshus | ÅRKV | Viktavgift rest- matavfall kr/kg | VIKG
KÄ240RM26;MAT|KÄRL,FACK;3;;MAT;;KÄRL,FACK;;;RULE:Taxa_från_edp:117;Tvåfackskärl , rest/matavfall. Okänd Matavfall ÅRKV KÄ240RM26 | Tvåfackskärl , rest/matavfall. | ÅRKV | Tvåfackskärl , rest/matavfall. | ANTB
NYRFID;MAT|KÄRL,FACK;3;;MAT;;KÄRL,FACK;;;RULE:Taxa_från_edp:163;Mottagarantjänstför okänt RFID Okänd ÅRKV NYRFID | Mottagarantjänstför okänt RFID | ÅRKV | Tvåfackskärl , rest/matavfall. | 0
;MAT|LITER;2;;MAT;LITER;;;;RULE:Taxepunkter:153;Matavfallspåsar 9 L Hushåll Behållarvolym VOLYM/BEHÅLLARE §2.4.11 | §2.4.11 | Matavfallspåsar 9 L |  | bunt |  |  |  |  |  |  | 
;MAT|LITER;2;;MAT;LITER;;;;RULE:Taxepunkter:154;Matavfallspåsar 22 L Hushåll Behållarvolym VOLYM/BEHÅLLARE 22 §2.4.11 | §2.4.11 | Matavfallspåsar 22 L |  | bunt |  |  |  |  |  |  | 
;MAT|LITER,HÄMTNING|KÄRL;4;;MAT;LITER,HÄMTNING;KÄRL;;;RULE:Taxepunkter:47;Kärl 140 l (matavfall) Hushåll Matavfall Behållarvolym VOLYM/BEHÅLLARE 140 §2.2.4 | §2.2.4 | Kärl 140 l (matavfall) | Hämtning varje vecka | st/år |  |  |  |  |  |  | 
;MAT|LITER,HÄMTNING|KÄRL;4;;MAT;LITER,HÄMTNING;KÄRL;;;RULE:Taxepunkter:49;Kärl 140 l (matavfall) Hushåll Matavfall Behållarvolym VOLYM/BEHÅLLARE 140 §2.2.4 | §2.2.4 | Kärl 140 l (matavfall) | Hämtning månadsvis | st/år |  |  |  |  |  |  | 
;MAT|LITER,HÄMTNING|KÄRL;4;;MAT;LITER,HÄMTNING;KÄRL;;;RULE:Taxepunkter:78;Kärl 140 l (matavfall) Hushåll Matavfall Behållarvolym VOLYM/BEHÅLLARE 140 §2.2.5 | §2.2.5 | Kärl 140 l (matavfall) | Hämtning varje vecka | st/år |  |  |  |  |  |  | 
;MAT|LITER,HÄMTNING|KÄRL;4;;MAT;LITER,HÄMTNING;KÄRL;;;RULE:Taxepunkter:80;Kärl 140 l (matavfall) Hushåll Matavfall Behållarvolym VOLYM/BEHÅLLARE 140 §2.2.5 | §2.2.5 | Kärl 140 l (matavfall) | Hämtning månadsvis | st/år |  |  |  |  |  |  | 
;MAT|LITER,HÄMTNING|KÄRL;4;;MAT;LITER,HÄMTNING;KÄRL;;;RULE:Taxepunkter:94;Kärl 140 l (matavfall) Hushåll Matavfall Behållarvolym VOLYM/BEHÅLLARE 140 §2.2.6 | §2.2.6 | Kärl 140 l (matavfall) | Hämtning varje vecka | st/år |  |  |  |  |  |  | 
;MAT|LITER,HÄMTNING|KÄRL;4;;MAT;LITER,HÄMTNING;KÄRL;;;RULE:Taxepunkter:95;Kärl 140 l (matavfall) Hushåll Matavfall Behållarvolym VOLYM/BEHÅLLARE 140 §2.2.6 | §2.2.6 | Kärl 140 l (matavfall) | Hämtning var 14:e dag | st/år |  |  |  |  |  |  | 
;MAT|LITER,HÄMTNING|KÄRL;4;;MAT;LITER,HÄMTNING;KÄRL;;;RULE:Taxepunkter:96;Kärl 140 l (matavfall) Hushåll Matavfall Behållarvolym VOLYM/BEHÅLLARE 140 §2.2.6 | §2.2.6 | Kärl 140 l (matavfall) | Hämtning månadsvis | st/år |  |  |  |  |  |  | 
KÄ140MA26FV;MAT|LITER,HÄMTNING|KÄRL;4;;MAT;LITER,HÄMTNING;KÄRL;;;RULE:Taxepunkter:48;Kärl 140 l (matavfall) Hushåll Matavfall Behållarvolym ÅRKV 140 §2.2.4 | §2.2.4 | Kärl 140 l (matavfall) | Hämtning var 14:e dag | st/år | KÄ140MA26FV | KÄ140MA26FV | ÅRKV |  |  |  | 
KÄ140MA26FV;MAT|LITER,HÄMTNING|KÄRL;4;;MAT;LITER,HÄMTNING;KÄRL;;;RULE:Taxepunkter:79;Kärl 140 l (matavfall) Hushåll Matavfall Behållarvolym ÅRKV 140 §2.2.5 | §2.2.5 | Kärl 140 l (matavfall) | Hämtning var 14:e dag | st/år | KÄ140MA26FV | KÄ140MA26FV | ÅRKV |  |  |  | 
;MAT|LITER|KÄRL;3;;MAT;LITER;KÄRL;;;RULE:Taxepunkter:140;Kärl 140 l matavfall Hushåll Matavfall Behållarvolym VOLYM/BEHÅLLARE 140 §2.4.8 | §2.4.8 | Kärl 140 l matavfall |  | st/period |  |  |  |  |  |  | 
EVEKÄ140MA;MAT|LITER|KÄRL;3;;MAT;LITER;KÄRL;;;RULE:Taxa_från_edp:44;Evenemangskärl 140 L, matavfall Okänd Matavfall Behållarvolym KVAN EVEKÄ140MA | Evenemangskärl 140 L, matavfall | KVAN | Evenemangskärl 140 L, matavfall | ANTL
KÄ140MA11S;MAT|LITER|KÄRL;3;;MAT;LITER;KÄRL;;;STANDARD:Standard Avfall:84;Kärl 140 L, matavfall. Var 14:e dag säsong ÅRKV ANTB
KÄ140MA13;MAT|LITER|KÄRL;3;;MAT;LITER;KÄRL;;;STANDARD:Standard Avfall:81;Kärl 140 L, matavfall. Var 4:e vecka ÅRKV ANTB
KÄ140MA22S;MAT|LITER|KÄRL;3;;MAT;LITER;KÄRL;;;STANDARD:Standard Avfall:83;Kärl 140 L, matavfall. Varje vecka säsong ÅRKV ANTB
KÄ140MA26;MAT|LITER|KÄRL;3;;MAT;LITER;KÄRL;;;STANDARD:Standard Avfall:80;Kärl 140 L, matavfall. Var 14:e dag ÅRKV ANTB
KÄ140MA26FV;MAT|LITER|KÄRL;3;;MAT;LITER;KÄRL;;;RULE:Taxa_från_edp:103;Kärl 140 L, matavfall. Var 14:e dag. FLB/VHT Okänd Matavfall Behållarvolym ÅRKV KÄ140MA26FV | Kärl 140 L, matavfall. Var 14:e dag. FLB/VHT | ÅRKV | Kärl 140 L matavfall FLB/VHT | ANTB
KÄ140MA26FV_old;MAT|LITER|KÄRL;3;;MAT;LITER;KÄRL;;;RULE:Taxa_från_edp:106;Kärl 140 L, matavfall. Var 14:e dag. FLB/VHT Okänd Matavfall Behållarvolym ÅRKV KÄ140MA26FV_old | Kärl 140 L, matavfall. Var 14:e dag. FLB/VHT | ÅRKV | Kärlavgift 140 L kärl, matavfall. Var 14:e dag | ANTB
KÄ140MA52;MAT|LITER|KÄRL;3;;MAT;LITER;KÄRL;;;STANDARD:Standard Avfall:79;Kärl 140 L, matavfall. Varje vecka ÅRKV ANTB
KÄ140MA6S;MAT|LITER|KÄRL;3;;MAT;LITER;KÄRL;;;STANDARD:Standard Avfall:85;Kärl 140 L, matavfall. Var 4:e vecka säsong ÅRKV ANTB
KÄ190MA11S;MAT|LITER|KÄRL;3;;MAT;LITER;KÄRL;;;STANDARD:Standard Avfall:94;Kärl 190 L, matavfall. Var 14:e dag säsong ÅRKV ANTB
KÄ190MA13;MAT|LITER|KÄRL;3;;MAT;LITER;KÄRL;;;STANDARD:Standard Avfall:91;Kärl 190 L, matavfall. Var 4:e vecka ÅRKV ANTB
KÄ190MA22S;MAT|LITER|KÄRL;3;;MAT;LITER;KÄRL;;;STANDARD:Standard Avfall:93;Kärl 190 L, matavfall. Varje vecka säsong ÅRKV ANTB
KÄ190MA26;MAT|LITER|KÄRL;3;;MAT;LITER;KÄRL;;;STANDARD:Standard Avfall:90;Kärl 190 L, matavfall. Var 14:e dag ÅRKV ANTB
KÄ190MA52;MAT|LITER|KÄRL;3;;MAT;LITER;KÄRL;;;STANDARD:Standard Avfall:89;Kärl 190 L, matavfall. Varje vecka ÅRKV ANTB
KÄ190MA6S;MAT|LITER|KÄRL;3;;MAT;LITER;KÄRL;;;STANDARD:Standard Avfall:95;Kärl 190 L, matavfall. Var 4:e vecka säsong ÅRKV ANTB
KÄ240MA11S;MAT|LITER|KÄRL;3;;MAT;LITER;KÄRL;;;STANDARD:Standard Avfall:104;Kärl 240 L, matavfall. Var 14:e dag säsong ÅRKV ANTB
KÄ240MA13;MAT|LITER|KÄRL;3;;MAT;LITER;KÄRL;;;STANDARD:Standard Avfall:101;Kärl 240 L, matavfall. Var 4:e vecka ÅRKV ANTB
KÄ240MA22S;MAT|LITER|KÄRL;3;;MAT;LITER;KÄRL;;;STANDARD:Standard Avfall:103;Kärl 240 L, matavfall. Varje vecka säsong ÅRKV ANTB
KÄ240MA26;MAT|LITER|KÄRL;3;;MAT;LITER;KÄRL;;;STANDARD:Standard Avfall:100;Kärl 240 L, matavfall. Var 14:e dag ÅRKV ANTB
KÄ240MA52;MAT|LITER|KÄRL;3;;MAT;LITER;KÄRL;;;STANDARD:Standard Avfall:99;Kärl 240 L, matavfall. Varje vecka ÅRKV ANTB
KÄ240MA6S;MAT|LITER|KÄRL;3;;MAT;LITER;KÄRL;;;STANDARD:Standard Avfall:105;Kärl 240 L, matavfall. Var 4:e vecka säsong ÅRKV ANTB
KÄ370MA11S;MAT|LITER|KÄRL;3;;MAT;LITER;KÄRL;;;STANDARD:Standard Avfall:114;Kärl 370 L, matavfall. Var 14:e dag säsong ÅRKV ANTB
KÄ370MA13;MAT|LITER|KÄRL;3;;MAT;LITER;KÄRL;;;STANDARD:Standard Avfall:111;Kärl 370 L, matavfall. Var 4:e vecka ÅRKV ANTB
KÄ370MA22S;MAT|LITER|KÄRL;3;;MAT;LITER;KÄRL;;;STANDARD:Standard Avfall:113;Kärl 370 L, matavfall. Varje vecka säsong ÅRKV ANTB
KÄ370MA26;MAT|LITER|KÄRL;3;;MAT;LITER;KÄRL;;;STANDARD:Standard Avfall:110;Kärl 370 L, matavfall. Var 14:e dag ÅRKV ANTB
KÄ370MA52;MAT|LITER|KÄRL;3;;MAT;LITER;KÄRL;;;STANDARD:Standard Avfall:109;Kärl 370 L, matavfall. Varje vecka ÅRKV ANTB
KÄ370MA6S;MAT|LITER|KÄRL;3;;MAT;LITER;KÄRL;;;STANDARD:Standard Avfall:115;Kärl 370 L, matavfall. Var 4:e vecka säsong ÅRKV ANTB
KÄMABUD;MAT|LITER|KÄRL;3;;MAT;LITER;KÄRL;;;STANDARD:Standard Avfall:117;Kärl 140-370 L, matavfall. Budning KVAN ANTL
VIKTMAT;MAT|LITER|KÄRL,FACK;4;;MAT;LITER;KÄRL,FACK;;;RULE:Taxa_från_edp:266;Tvåfackskärl 240 liter viktavgift Okänd Behållarvolym KVAN VIKTMAT | Tvåfackskärl 240 liter viktavgift | KVAN | Viktavgift matavfall | VIKG,MAX60
KÄ140MA104;MAT|LITER|KÄRL|2 GGR;4;;MAT;LITER;KÄRL;2 GGR;;STANDARD:Standard Avfall:78;Kärl 140 L, matavfall. 2ggr/ vecka ÅRKV ANTB
KÄ140MA44S;MAT|LITER|KÄRL|2 GGR;4;;MAT;LITER;KÄRL;2 GGR;;STANDARD:Standard Avfall:82;Kärl 140 L, matavfall. 2ggr/ vecka säsong ÅRKV ANTB
KÄ190MA104;MAT|LITER|KÄRL|2 GGR;4;;MAT;LITER;KÄRL;2 GGR;;STANDARD:Standard Avfall:88;Kärl 190 L, matavfall. 2ggr/ vecka ÅRKV ANTB
KÄ190MA44S;MAT|LITER|KÄRL|2 GGR;4;;MAT;LITER;KÄRL;2 GGR;;STANDARD:Standard Avfall:92;Kärl 190 L, matavfall. 2ggr/ vecka säsong ÅRKV ANTB
KÄ240MA104;MAT|LITER|KÄRL|2 GGR;4;;MAT;LITER;KÄRL;2 GGR;;STANDARD:Standard Avfall:98;Kärl 240 L, matavfall. 2ggr/ vecka ÅRKV ANTB
KÄ240MA44S;MAT|LITER|KÄRL|2 GGR;4;;MAT;LITER;KÄRL;2 GGR;;STANDARD:Standard Avfall:102;Kärl 240 L, matavfall. 2ggr/ vecka säsong ÅRKV ANTB
KÄ370MA104;MAT|LITER|KÄRL|2 GGR;4;;MAT;LITER;KÄRL;2 GGR;;STANDARD:Standard Avfall:108;Kärl 370 L, matavfall. 2ggr/ vecka ÅRKV ANTB
KÄ370MA44S;MAT|LITER|KÄRL|2 GGR;4;;MAT;LITER;KÄRL;2 GGR;;STANDARD:Standard Avfall:112;Kärl 370 L, matavfall. 2ggr/ vecka säsong ÅRKV ANTB
KÄ140MA156;MAT|LITER|KÄRL|3 GGR;4;;MAT;LITER;KÄRL;3 GGR;;STANDARD:Standard Avfall:77;Kärl 140 L, matavfall. 3ggr/ vecka ÅRKV ANTB
KÄ190MA156;MAT|LITER|KÄRL|3 GGR;4;;MAT;LITER;KÄRL;3 GGR;;STANDARD:Standard Avfall:87;Kärl 190 L, matavfall. 3ggr/ vecka ÅRKV ANTB
KÄ240MA156;MAT|LITER|KÄRL|3 GGR;4;;MAT;LITER;KÄRL;3 GGR;;STANDARD:Standard Avfall:97;Kärl 240 L, matavfall. 3ggr/ vecka ÅRKV ANTB
KÄ370MA156;MAT|LITER|KÄRL|3 GGR;4;;MAT;LITER;KÄRL;3 GGR;;STANDARD:Standard Avfall:107;Kärl 370 L, matavfall. 3ggr/ vecka ÅRKV ANTB
MB1300MA13;MAT|M3;2;;MAT;M3;;;;STANDARD:Standard Avfall:238;Markbehållare 1,3 m³, matavfall. Var 4:e vecka ÅRKV ANTB
MB1300MA26;MAT|M3;2;;MAT;M3;;;;STANDARD:Standard Avfall:237;Markbehållare 1,3 m³, matavfall. Var 14:e dag ÅRKV ANTB
MB1300MA52;MAT|M3;2;;MAT;M3;;;;STANDARD:Standard Avfall:236;Markbehållare 1,3 m³, matavfall. Varje vecka ÅRKV ANTB
MB1300MABUD;MAT|M3;2;;MAT;M3;;;;STANDARD:Standard Avfall:239;Markbehållare 1,3 m³, matavfall. Budning KVAN ANTL
MB1400MA;MAT|M3;2;;MAT;M3;;;;RULE:Taxa_från_edp:140;Tömning Markbehållare 1.4 m³, matavfall. Tjänsttaxa Okänd Matavfall ÅRKV MB1400MA | Tömning Markbehållare 1.4 m³, matavfall. Tjänsttaxa | ÅRKV | Tömning Markbehållare 1.4 m³, matavfall. | 0
MB1400MATÖM;MAT|M3;2;;MAT;M3;;;;RULE:Taxa_från_edp:141;Tömning Markbehållare 1.4 m³, matavfall Okänd Matavfall KVAN MB1400MATÖM | Tömning Markbehållare 1.4 m³, matavfall | KVAN | Tömning Markbehållare 1.4 m³, matavfall | ANTL
MB1400TÖM;MAT|M3;2;;MAT;M3;;;;RULE:Taxa_från_edp:146;Tömning Markbehållare 1.4 m³, matavfall Okänd Matavfall KVAN MB1400TÖM | Tömning Markbehållare 1.4 m³, matavfall | KVAN | Tömning Markbehållare 1.4 m³, matavfall | ANTL
MB1600MA13;MAT|M3;2;;MAT;M3;;;;STANDARD:Standard Avfall:250;Markbehållare 1,6 m³, matavfall. Var 4:e vecka ÅRKV ANTB
MB1600MA26;MAT|M3;2;;MAT;M3;;;;STANDARD:Standard Avfall:249;Markbehållare 1,6 m³, matavfall. Var 14:e dag ÅRKV ANTB
MB1600MA52;MAT|M3;2;;MAT;M3;;;;STANDARD:Standard Avfall:248;Markbehållare 1,6 m³, matavfall. Varje vecka ÅRKV ANTB
MB800MA13;MAT|M3;2;;MAT;M3;;;;STANDARD:Standard Avfall:232;Markbehållare 0,8 m³, matavfall. Var 4:e vecka ÅRKV ANTB
MB800MA26;MAT|M3;2;;MAT;M3;;;;STANDARD:Standard Avfall:231;Markbehållare 0,8 m³, matavfall. Var 14:e dag ÅRKV ANTB
MB800MA52;MAT|M3;2;;MAT;M3;;;;STANDARD:Standard Avfall:230;Markbehållare 0,8 m³, matavfall. Varje vecka ÅRKV ANTB
MB800MABUD;MAT|M3;2;;MAT;M3;;;;STANDARD:Standard Avfall:233;Markbehållare 0,8 m³, matavfall. Budning KVAN ANTL
MB1300MA104;MAT|M3|2 GGR;3;;MAT;M3;;2 GGR;;STANDARD:Standard Avfall:235;Markbehållare 1,3 m³, matavfall. 2ggr/ vecka ÅRKV ANTB
MB1600MA104;MAT|M3|2 GGR;3;;MAT;M3;;2 GGR;;STANDARD:Standard Avfall:247;Markbehållare 1,6 m³, matavfall. 2ggr/ vecka ÅRKV ANTB
MB800MA104;MAT|M3|2 GGR;3;;MAT;M3;;2 GGR;;STANDARD:Standard Avfall:229;Markbehållare 0,8 m³, matavfall. 2ggr/ vecka ÅRKV ANTB
METALLSKROT;METALL;1;METALL;;;;;;RULE:Taxa_från_edp:154;Metallskrot- rent Okänd KVAN METALLSKROT | Metallskrot- rent | KVAN | Metallskrot- rent | VITO
VIKTME;METALL;1;METALL;;;;;;RULE:Taxa_från_edp:268;Vikt, metallförpackningar Okänd KVAN VIKTME | Vikt, metallförpackningar | KVAN | Vikt, metallförpackningar | VIKG
ÅBEHME;METALL;1;METALL;;;;;;STANDARD:Standard ÅVS:16;ÅVS behandling metallförpackningar KVAN ANTL
ÅBUDME;METALL;1;METALL;;;;;;STANDARD:Standard ÅVS:27;ÅVS budad tömning metallförpackningar KVAN ANTL
ÅTÖMME;METALL;1;METALL;;;;;;STANDARD:Standard ÅVS:15;ÅVS tömning metallförpackningar KVAN ANTL
ÅVSME;METALL;1;METALL;;;;;;STANDARD:Standard ÅVS:5;ÅVS metallförpackningar. Tjänsttaxa ÅRKV ANTB
;METALL|KG|VERKSAMHET;3;METALL;;KG;;;VERKSAMHET;RULE:Taxepunkter:269;Metall ÅVC/verksamhetsavfall Metall §6.1.2 | §6.1.2 | Metall | 200140 | kr/kg |  |  |  |  |  |  | 
KÄ190ME13;METALL|LITER|KÄRL;3;METALL;;LITER;KÄRL;;;STANDARD:Standard Avfall:346;Kärl 190 L, metallförpackningar. Var 4:e vecka ÅRKV ANTB
KÄ190ME26;METALL|LITER|KÄRL;3;METALL;;LITER;KÄRL;;;STANDARD:Standard Avfall:345;Kärl 190 L, metallförpackningar. Var 14:e dag ÅRKV ANTB
KÄ190ME52;METALL|LITER|KÄRL;3;METALL;;LITER;KÄRL;;;STANDARD:Standard Avfall:344;Kärl 190 L, metallförpackningar. Varje vecka ÅRKV ANTB
KÄ190MEBUD;METALL|LITER|KÄRL;3;METALL;;LITER;KÄRL;;;STANDARD:Standard Avfall:347;Kärl 190 L, metallförpackningar. Budning KVAN ANTL
KÄ370ME13;METALL|LITER|KÄRL;3;METALL;;LITER;KÄRL;;;STANDARD:Standard Avfall:376;Kärl 370 L, metallförpackningar. Var 4:e vecka ÅRKV ANTB
KÄ370ME26;METALL|LITER|KÄRL;3;METALL;;LITER;KÄRL;;;STANDARD:Standard Avfall:375;Kärl 370 L, metallförpackningar. Var 14:e dag ÅRKV ANTB
KÄ370ME52;METALL|LITER|KÄRL;3;METALL;;LITER;KÄRL;;;STANDARD:Standard Avfall:374;Kärl 370 L, metallförpackningar. Varje vecka ÅRKV ANTB
KÄ370MEBUD;METALL|LITER|KÄRL;3;METALL;;LITER;KÄRL;;;STANDARD:Standard Avfall:377;Kärl 370 L, metallförpackningar. Budning KVAN ANTL
KÄ660ME13;METALL|LITER|KÄRL;3;METALL;;LITER;KÄRL;;;STANDARD:Standard Avfall:406;Kärl 660 L, metallförpackningar. Var 4:e vecka ÅRKV ANTB
KÄ660ME26;METALL|LITER|KÄRL;3;METALL;;LITER;KÄRL;;;STANDARD:Standard Avfall:405;Kärl 660 L, metallförpackningar. Var 14:e dag ÅRKV ANTB
KÄ660ME52;METALL|LITER|KÄRL;3;METALL;;LITER;KÄRL;;;STANDARD:Standard Avfall:404;Kärl 660 L, metallförpackningar. Varje vecka ÅRKV ANTB
KÄ660MEBUD;METALL|LITER|KÄRL;3;METALL;;LITER;KÄRL;;;STANDARD:Standard Avfall:407;Kärl 660 L, metallförpackningar. Budning KVAN ANTL
TEST240METE13;METALL|LITER|KÄRL;3;METALL;;LITER;KÄRL;;;RULE:Taxa_från_edp:216;240L 2- delat kärl/4:e vecka metall, textil TEST Okänd Metall Behållarvolym ÅRKV TEST240METE13 | 240L 2- delat kärl/4:e vecka metall, textil TEST | ÅRKV | 240 L kärl/4:e vecka metall textil TEST | ANTB
TEST240METE13;METALL|LITER|KÄRL;3;METALL;;LITER;KÄRL;;;RULE:Taxa_från_edp:217;240L 2- delat kärl/4:e vecka metall, textil TEST Okänd Metall Behållarvolym KVAN TEST240METE13 | 240L 2- delat kärl/4:e vecka metall, textil TEST | KVAN | 240 L kärl viktavgift metall textil TEST | VIKG
KÄ190ME104;METALL|LITER|KÄRL|2 GGR;4;METALL;;LITER;KÄRL;2 GGR;;STANDARD:Standard Avfall:343;Kärl 190 L, metallförpackningar. 2ggr/ vecka ÅRKV ANTB
KÄ370ME104;METALL|LITER|KÄRL|2 GGR;4;METALL;;LITER;KÄRL;2 GGR;;STANDARD:Standard Avfall:373;Kärl 370 L, metallförpackningar. 2ggr/ vecka ÅRKV ANTB
KÄ660ME104;METALL|LITER|KÄRL|2 GGR;4;METALL;;LITER;KÄRL;2 GGR;;STANDARD:Standard Avfall:403;Kärl 660 L, metallförpackningar. 2ggr/ vecka ÅRKV ANTB
MB1400ME;METALL|M3;2;METALL;;M3;;;;RULE:Taxa_från_edp:142;Tömning Markbehållare 1.4 m³, metallförpackningar. Tjänsttaxa Okänd ÅRKV MB1400ME | Tömning Markbehållare 1.4 m³, metallförpackningar. Tjänsttaxa | ÅRKV | Tömning Markbehållare 1.4 m³, metallförpackningar. | 0
MB1400METÖM;METALL|M3;2;METALL;;M3;;;;RULE:Taxa_från_edp:143;Tömning Markbehållare 1.4 m³, metallförpackningar. Okänd KVAN MB1400METÖM | Tömning Markbehållare 1.4 m³, metallförpackningar. | KVAN | Tömning Markbehållare 1.4 m³, metallförpackningar. | ANTL
;NO_ATTRIBUTES;0;;;;;;;RULE:Dokumentation_Taxa_Saknas:1;Kolumn | Rubrik | Typ | Källa/beroende | Regel/användning | Får ändras manuellt
;NO_ATTRIBUTES;0;;;;;;;RULE:Dokumentation_Taxa_Saknas:10;I | Taxepunkt | Arbetskolumn | Taxepunkter | Paragrafnamn / Taxapunkt. | Ja
;NO_ATTRIBUTES;0;;;;;;;RULE:Dokumentation_Taxa_Saknas:11;J:Y | EDP-kolumner | Importstruktur | Taxa_från_edp | Samma struktur som Taxa_från_edp för att kunna skapa/importera nya taxor. | Ja, men följ EDP-format
;NO_ATTRIBUTES;0;;;;;;;RULE:Dokumentation_Taxa_Saknas:13;Automationsmall | Rad 72:200 | Typ | Källa/beroende | Regel/användning | Får ändras manuellt
;NO_ATTRIBUTES;0;;;;;;;RULE:Dokumentation_Taxa_Saknas:14;Input 1 | Rad i Taxepunkter | Manuell | Taxepunkter | Fyll kolumn C med radnummer från Taxepunkter. | Ja
;NO_ATTRIBUTES;0;;;;;;;RULE:Dokumentation_Taxa_Saknas:15;Input 2 | FöreslagenTaxekod | Manuell | Kodregler | Fyll kolumn G med föreslagen taxekod. | Ja
;NO_ATTRIBUTES;0;;;;;;;RULE:Dokumentation_Taxa_Saknas:16;Automatiskt | Övriga fält | Formler | Taxepunkter + standardvärden | Kolumner A, D:F, H:Y fylls automatiskt utifrån C och G. | Nej/vid behov
;NO_ATTRIBUTES;0;;;;;;;RULE:Dokumentation_Taxa_Saknas:2;A | Källparagraf | Arbetskolumn | Word/Taxepunkter | Paragraf där raden hör hemma. | Ja
;NO_ATTRIBUTES;0;;;;;;;RULE:Dokumentation_Taxa_Saknas:3;B | Källpunkt | Arbetskolumn | Granskningslista | Punktnummer i löpande Word-Excel-kontroll om tillgängligt. | Ja
;NO_ATTRIBUTES;0;;;;;;;RULE:Dokumentation_Taxa_Saknas:4;C | Rad i Taxepunkter | Arbetskolumn | Taxepunkter | Radnummer i Taxepunkter för felsökning. | Ja
;NO_ATTRIBUTES;0;;;;;;;RULE:Dokumentation_Taxa_Saknas:5;D | Wordtext | Arbetskolumn | Word | Kort beskrivning av texten/raden i Word. | Ja
;NO_ATTRIBUTES;0;;;;;;;RULE:Dokumentation_Taxa_Saknas:6;E | Status | Arbetskolumn | Projektet | Saknas i EDP, osäker, åtgärdad, etc. | Ja
;NO_ATTRIBUTES;0;;;;;;;RULE:Dokumentation_Taxa_Saknas:7;F | Matchmetod | Arbetskolumn | Projektet | Hur förslaget togs fram: strTaxebenamning, strTaxedelAvser, kodregel, etc. | Ja
;NO_ATTRIBUTES;0;;;;;;;RULE:Dokumentation_Taxa_Saknas:8;G | FöreslagenTaxekod | Förslag | Taxekod_Tolkning/projektregler | Taxekod som föreslås om ingen bekräftad EDP-kod finns. | Ja
;NO_ATTRIBUTES;0;;;;;;;RULE:Dokumentation_Taxa_Saknas:9;H | intRecnum | Arbetsnyckel | Taxepunkter | Ska vara radnumret i Taxepunkter, inte EDP:s intRecnum. | Ja
;NO_ATTRIBUTES;0;;;;;;;RULE:Dokumentation_Taxa_från_edp:1;Kolumn | Rubrik | Användning i projektet | Regel
;NO_ATTRIBUTES;0;;;;;;;RULE:Dokumentation_Taxa_från_edp:10;K | curNuvarandePris | Aktuellt pris exkl. moms | Enda källa till Aktuellt pris i Taxepunkter. Får inte ändras manuellt.
;NO_ATTRIBUTES;0;;;;;;;RULE:Dokumentation_Taxa_från_edp:11;Q | strFormel | Beräkningsformel/faktor | Används för att förstå enhet och beräkning, t.ex. ANTB, VIKG, DR10.
;NO_ATTRIBUTES;0;;;;;;;RULE:Dokumentation_Taxa_från_edp:2;A | intRecnum | EDP:s interna rad-ID | Läses som källdata men används inte som nyckel i Taxa_Saknas.
;NO_ATTRIBUTES;0;;;;;;;RULE:Dokumentation_Taxa_från_edp:3;B | strTaxekod | Primär nyckel för bekräftade taxor | Taxakod i Taxepunkter måste vara exakt värdet härifrån.
;NO_ATTRIBUTES;0;;;;;;;RULE:Dokumentation_Taxa_från_edp:4;C | strTaxebenamning | Matchning och dokumentation | Kontrolleras alltid innan nya taxor föreslås.
;NO_ATTRIBUTES;0;;;;;;;RULE:Dokumentation_Taxa_från_edp:5;D | strProdukt | EDP-produkt | Behålls vid förslag i Taxa_Saknas där möjligt.
;NO_ATTRIBUTES;0;;;;;;;RULE:Dokumentation_Taxa_från_edp:6;E | strDelProdukt | EDP-delprodukt | Används för kategori, t.ex. HUSH, ÅVC, SLAM.
;NO_ATTRIBUTES;0;;;;;;;RULE:Dokumentation_Taxa_från_edp:7;F | bytDelradnr | Delrad i EDP-taxa | Nya föreslagna taxor får ofta 1 om endast en grundrad skapas.
;NO_ATTRIBUTES;0;;;;;;;RULE:Dokumentation_Taxa_från_edp:8;G | strFaktor | Faktor/beräkningsgrund | Tolkning hämtas från Källa_Kvantitetskoder och Taxekod_Tolkning.
;NO_ATTRIBUTES;0;;;;;;;RULE:Dokumentation_Taxa_från_edp:9;H | strTaxedelAvser | Viktig matchningskolumn | Används före frågor ställs. Ofta tydligast för vad delraden avser.
;NO_ATTRIBUTES;0;;;;;;;RULE:Dokumentation_Taxepunkter:1;Kolumn | Rubrik | Typ | Källa/beroende | Formel/regel för en normalrad | Får ändras manuellt
;NO_ATTRIBUTES;0;;;;;;;RULE:Dokumentation_Taxepunkter:10;I | Faktor | Automatisk | Taxa_från_edp[strFaktor] | Slår upp Taxakod och returnerar strFaktor. | Nej
;NO_ATTRIBUTES;0;;;;;;;RULE:Dokumentation_Taxepunkter:11;J | Aktuellt pris (exkl m) | Automatisk | Taxa_från_edp[curNuvarandePris] | Slår upp Taxakod och returnerar aktuellt pris exkl. moms. Får aldrig redigeras manuellt. | Nej
;NO_ATTRIBUTES;0;;;;;;;RULE:Dokumentation_Taxepunkter:12;K | Föreslaget pris | Manuell/beräknad arbetskolumn | Projektdata/DH-prislista/bedömning | Används bara när Aktuellt pris saknas. DH-priser får endast användas för DH. | Ja
;NO_ATTRIBUTES;0;;;;;;;RULE:Dokumentation_Taxepunkter:14;M | Pris kr (inkl.) | Automatisk | J eller K + moms | Nej
;NO_ATTRIBUTES;0;;;;;;;RULE:Dokumentation_Taxepunkter:17;Beroende | Beskrivning
;NO_ATTRIBUTES;0;;;;;;;RULE:Dokumentation_Taxepunkter:18;F påverkar G/H/I/J | Taxakod styr föreslagen taxa, taxabeskrivning, faktor och aktuellt pris.
;NO_ATTRIBUTES;0;;;;;;;RULE:Dokumentation_Taxepunkter:19;G hämtar från Taxa_Saknas | Om Taxakod saknas används intRecnum/radnummer för att hämta föreslagen taxa.
;NO_ATTRIBUTES;0;;;;;;;RULE:Dokumentation_Taxepunkter:2;A | Paragraf | Manuell | Word | Anges utifrån paragraf i Word. | Ja
;NO_ATTRIBUTES;0;;;;;;;RULE:Dokumentation_Taxepunkter:20;J är låst principmässigt | Aktuellt pris är alltid EDP-pris och får inte ändras manuellt.
;NO_ATTRIBUTES;0;;;;;;;RULE:Dokumentation_Taxepunkter:21;K är arbetspris | Föreslaget pris används endast som arbetsunderlag när J saknas.
;NO_ATTRIBUTES;0;;;;;;;RULE:Dokumentation_Taxepunkter:22;Radtyp | Kännetecken | Format | Regel | Exempel | Får ändras manuellt
;NO_ATTRIBUTES;0;;;;;;;RULE:Dokumentation_Taxepunkter:23;Underrubrik | Endast kolumn A har text, B:E är tomma | A:E sammanslaget, enfärgad ljusblå rad | Används för avsnittsrubriker | §2.1 Grundavgift | Nej
;NO_ATTRIBUTES;0;;;;;;;RULE:Dokumentation_Taxepunkter:3;B | Paragrafnamn | Manuell | Word | Anges utifrån rubrik i Word. | Ja
;NO_ATTRIBUTES;0;;;;;;;RULE:Dokumentation_Taxepunkter:7;F | Taxakod | Manuell med dropdown | Taxa_från_edp | Endast bekräftad exakt strTaxekod från Taxa_från_edp. | Ja
;NO_ATTRIBUTES;0;;;;;;;RULE:Dokumentation_Taxepunkter:8;G | Föreslagen Taxa | Automatisk | Taxakod + Taxa_Saknas | Ja | Nej
;NO_ATTRIBUTES;0;;;;;;;RULE:Dokumentation_Taxepunkter:9;H | Taxabeskrivning | Automatisk | Taxa_från_edp[strTaxebenamning] | Slår upp Taxakod i Taxa_från_edp kolumn strTaxekod och returnerar strTaxebenamning. | Nej
;NO_ATTRIBUTES;0;;;;;;;RULE:Färgstandard:1;Färgtyp | Hex | Användning | Exempel
;NO_ATTRIBUTES;0;;;;;;;RULE:Färgstandard:11;Border-standard | Värde | Användning | Kommentar
;NO_ATTRIBUTES;0;;;;;;;RULE:Färgstandard:12;Rutnätslinjer | #D9D9D9 | Alla celler i använda tabellområden | Tunn ljusgrå kant runt varje cell, både inne i och runt tabellen.
;NO_ATTRIBUTES;0;;;;;;;RULE:Färgstandard:13;Ytterkant | #7F7F7F | Runt hela tabellområden | Tunn mörkare grå kant runt tabellens ytterkant.
;NO_ATTRIBUTES;0;;;;;;;RULE:Färgstandard:14;Rubrikrad | #7F7F7F | Rubrikrader | Rubrikrad får mörkblå fyllning och konsekvent rutnät.
;NO_ATTRIBUTES;0;;;;;;;RULE:Färgstandard:15;Underrubrik i Taxepunkter | #BDD7EE | Rader där A har paragraf+text och B:E är tomma | A:E sammanslaget, hela raden färgad och samma rutnät.
;NO_ATTRIBUTES;0;;;;;;;RULE:Färgstandard:2;Rubrik | #1F4E78 | Tabellrubriker och huvudrubriker | Rad 1/5 i arbets- och dokumentationsflikar
;NO_ATTRIBUTES;0;;;;;;;RULE:Färgstandard:4;Automatisk uppslagning | #DDEBF7 | Formler och uppslag mot Taxa_från_edp | Taxepunkter H–J
;NO_ATTRIBUTES;0;;;;;;;RULE:Färgstandard:5;Förslag | #FCE4D6 | Föreslagna taxekoder och arbetspris | Taxepunkter G och K, Taxa_Saknas FöreslagenTaxekod
;NO_ATTRIBUTES;0;;;;;;;RULE:Färgstandard:6;Beräkning | #E2F0D9 | Beräknade värden | Taxepunkter M–N
;NO_ATTRIBUTES;0;;;;;;;RULE:Färgstandard:7;Kontroll krävs | #F4CCCC | Fel, saknad match eller manuellt beslut | Kontrollrapport och statusrader
;NO_ATTRIBUTES;0;;;;;;;RULE:Färgstandard:8;Dokumentation | #E7E6E6 | Regel- och dokumentationsflikar | Projektregler, Arbetsflöde, Dokumentation_*
;NO_ATTRIBUTES;0;;;;;;;RULE:Färgstandard:9;Import/referens | #D9EAD3 | Importerade eller externa källflikar | Taxa_från_edp, Källa_Prislista_DH
;NO_ATTRIBUTES;0;;;;;;;RULE:Taxepunkter:103;Egen överlämning av förbrukat matfett enligt anvisning Hushåll §2.2.7 | §2.2.7 | Egen överlämning av förbrukat matfett enligt anvisning | Avgift per tömning | st/tömning |  |  |  |  |  |  | 
;NO_ATTRIBUTES;0;;;;;;;RULE:Taxepunkter:104;Hushåll §2.3 Rörlig avgift (gäller ej gemensam uppsamlingsplats) | §2.3 Rörlig avgift (gäller ej gemensam uppsamlingsplats) |  |  |  |  |  |  |  |  |  | 
;NO_ATTRIBUTES;0;;;;;;;RULE:Taxepunkter:105;Hushåll §2.3.1 Rörlig avgift (gäller ej gemensam uppsamlingsplats) | §2.3.1 Rörlig avgift (gäller ej gemensam uppsamlingsplats) |  |  |  |  |  |  |  |  |  | 
;NO_ATTRIBUTES;0;;;;;;;RULE:Taxepunkter:109;Hushåll §2.4 Tillägg och avgifter för avfall | §2.4 Tillägg och avgifter för avfall |  |  |  |  |  |  |  |  |  | 
;NO_ATTRIBUTES;0;;;;;;;RULE:Taxepunkter:110;Hushåll §2.4.1 Fakturaavgift | §2.4.1 Fakturaavgift |  |  |  |  |  |  |  |  |  | 
;NO_ATTRIBUTES;0;;;;;;;RULE:Taxepunkter:111;Fakturaavgift Hushåll §2.4.1 | §2.4.1 | Fakturaavgift | Avgift per faktura | kr/st |  |  |  |  |  |  | 
;NO_ATTRIBUTES;0;;;;;;;RULE:Taxepunkter:112;Fakturaavgift Hushåll §2.4.1 | §2.4.1 | Fakturaavgift | Avgift per faktura | kr/st |  |  |  |  |  |  | 
;NO_ATTRIBUTES;0;;;;;;;RULE:Taxepunkter:120;Hushåll §2.4.3 Överfull behållare | §2.4.3 Överfull behållare |  |  |  |  |  |  |  |  |  | 
;NO_ATTRIBUTES;0;;;;;;;RULE:Taxepunkter:122;Överfull bottentömmande behållare Hushåll Tillfälle TILLFÄLLE §2.4.3 | §2.4.3 | Överfull bottentömmande behållare |  | st/tillfälle/behållare |  |  |  |  |  |  | 
;NO_ATTRIBUTES;0;;;;;;;RULE:Taxepunkter:126;Hushåll §2.4.5 Byte av abonnemang | §2.4.5 Byte av abonnemang |  |  |  |  |  |  |  |  |  | 
;NO_ATTRIBUTES;0;;;;;;;RULE:Taxepunkter:130;Hushåll §2.4.6 Felsorteringsavgift | §2.4.6 Felsorteringsavgift |  |  |  |  |  |  |  |  |  | 
;NO_ATTRIBUTES;0;;;;;;;RULE:Taxepunkter:133;Hushåll §2.4.7 Dragväg och avfallsutrymmen | §2.4.7 Dragväg och avfallsutrymmen |  |  |  |  |  |  |  |  |  | 
;NO_ATTRIBUTES;0;;;;;;;RULE:Taxepunkter:137;Avfallsport eller dörr Hushåll §2.4.7 | §2.4.7 | Avfallsport eller dörr |  | st/år |  |  |  |  |  |  | 
;NO_ATTRIBUTES;0;;;;;;;RULE:Taxepunkter:138;Låst dörr, med kod Hushåll §2.4.7 | §2.4.7 | Låst dörr, med kod |  | st/år |  |  |  |  |  |  | 
;NO_ATTRIBUTES;0;;;;;;;RULE:Taxepunkter:139;Hushåll §2.4.8 Evenemang och andra tillfälliga händelser | §2.4.8 Evenemang och andra tillfälliga händelser |  |  |  |  |  |  |  |  |  | 
;NO_ATTRIBUTES;0;;;;;;;RULE:Taxepunkter:14;Anläggning Hushåll §2.1 | §2.1 | Anläggning |  | st/år |  |  |  |  |  |  | 
;NO_ATTRIBUTES;0;;;;;;;RULE:Taxepunkter:144;Bottemtömmande behållare Hushåll §2.4.8 | §2.4.8 | Bottemtömmande behållare |  | st/period |  |  |  |  |  |  | 
;NO_ATTRIBUTES;0;;;;;;;RULE:Taxepunkter:146;Sidlastande fordon Hushåll Tillfälle TILLFÄLLE §2.4.9 | §2.4.9 | Sidlastande fordon |  | st/tillfälle |  |  |  |  |  |  | 
;NO_ATTRIBUTES;0;;;;;;;RULE:Taxepunkter:147;Bottentömmande fordon Hushåll Tillfälle TILLFÄLLE §2.4.9 | §2.4.9 | Bottentömmande fordon |  | st/tillfälle |  |  |  |  |  |  | 
;NO_ATTRIBUTES;0;;;;;;;RULE:Taxepunkter:148;Tömningsavgift per behållare Hushåll Tillfälle TILLFÄLLE §2.4.9 | §2.4.9 | Tömningsavgift per behållare |  | st/tillfälle |  |  |  |  |  |  | 
;NO_ATTRIBUTES;0;;;;;;;RULE:Taxepunkter:15;Säsongsbaserad uppställningsplats Hushåll §2.1 | §2.1 | Säsongsbaserad uppställningsplats |  | st/år |  |  |  |  |  |  | 
;NO_ATTRIBUTES;0;;;;;;;RULE:Taxepunkter:152;Hushåll §2.4.11 Tillbehör | §2.4.11 Tillbehör |  |  |  |  |  |  |  |  |  | 
;NO_ATTRIBUTES;0;;;;;;;RULE:Taxepunkter:157;Hushåll §2.5 Övrigt avfall under kommunalt ansvar från hushåll | §2.5 Övrigt avfall under kommunalt ansvar från hushåll |  |  |  |  |  |  |  |  |  | 
;NO_ATTRIBUTES;0;;;;;;;RULE:Taxepunkter:159;Kommunalt avfall Hushåll Tillfälle TILLFÄLLE §2.5.1 | §2.5.1 | Kommunalt avfall |  | st/tillfälle |  |  |  |  |  |  | 
;NO_ATTRIBUTES;0;;;;;;;RULE:Taxepunkter:18;Hushåll §2.2 Årlig hämtningsavgift per abonnemangstyp | §2.2 Årlig hämtningsavgift per abonnemangstyp |  |  |  |  |  |  |  |  |  | 
;NO_ATTRIBUTES;0;;;;;;;RULE:Taxepunkter:206;Tilläggstjänst §4.2 Tilläggstjänster fosforfilter | §4.2 Tilläggstjänster fosforfilter |  |  |  |  |  |  |  |  |  | 
;NO_ATTRIBUTES;0;;;;;;;RULE:Taxepunkter:207;Tilläggstjänst §4.2.1 Tilläggstjänster fosforfilter | §4.2.1 Tilläggstjänster fosforfilter |  |  |  |  |  |  |  |  |  | 
;NO_ATTRIBUTES;0;;;;;;;RULE:Taxepunkter:208;Krav på information om hämtningstid Tilläggstjänst Tillfälle TILLFÄLLE §4.2.1 | §4.2.1 | Krav på information om hämtningstid |  | kr/tillfälle |  |  |  |  |  |  | 
;NO_ATTRIBUTES;0;;;;;;;RULE:Taxepunkter:209;Krav på närvaro vid specificerad hämtningstid Tilläggstjänst Tillfälle TILLFÄLLE §4.2.1 | §4.2.1 | Krav på närvaro vid specificerad hämtningstid |  | kr/tillfälle |  |  |  |  |  |  | 
;NO_ATTRIBUTES;0;;;;;;;RULE:Taxepunkter:210;Hantering av kod för kodlås Tilläggstjänst Tillfälle TILLFÄLLE §4.2.1 | §4.2.1 | Hantering av kod för kodlås |  | kr/tillfälle |  |  |  |  |  |  | 
;NO_ATTRIBUTES;0;;;;;;;RULE:Taxepunkter:212;Slam §5 Tömning av fettavskiljare | §5 Tömning av fettavskiljare |  |  |  |  |  |  |  |  |  | 
;NO_ATTRIBUTES;0;;;;;;;RULE:Taxepunkter:213;Slam §5.1 Ordinarie tömning av fettavskiljare | §5.1 Ordinarie tömning av fettavskiljare |  |  |  |  |  |  |  |  |  | 
;NO_ATTRIBUTES;0;;;;;;;RULE:Taxepunkter:214;Slam §5.1.1 Ordinarie tömning av fettavskiljare | §5.1.1 Ordinarie tömning av fettavskiljare |  |  |  |  |  |  |  |  |  | 
;NO_ATTRIBUTES;0;;;;;;;RULE:Taxepunkter:221;Slam §5.2 Tilläggstjänster fettavskiljare | §5.2 Tilläggstjänster fettavskiljare |  |  |  |  |  |  |  |  |  | 
;NO_ATTRIBUTES;0;;;;;;;RULE:Taxepunkter:222;Slam §5.2.1 Tilläggstjänster fettavskiljare | §5.2.1 Tilläggstjänster fettavskiljare |  |  |  |  |  |  |  |  |  | 
;NO_ATTRIBUTES;0;;;;;;;RULE:Taxepunkter:228;Krav på information om tömningstid Slam Tillfälle TILLFÄLLE §5.2.1 | §5.2.1 | Krav på information om tömningstid |  | kr/tillfälle |  |  |  |  |  |  | 
;NO_ATTRIBUTES;0;;;;;;;RULE:Taxepunkter:229;Krav på närvaro vid specifiserad tömningstid Slam Tillfälle TILLFÄLLE §5.2.1 | §5.2.1 | Krav på närvaro vid specifiserad tömningstid |  | kr/tillfälle |  |  |  |  |  |  | 
;NO_ATTRIBUTES;0;;;;;;;RULE:Taxepunkter:230;Hantering av kod för kodlås vid tömning Slam Tillfälle TILLFÄLLE §5.2.1 | §5.2.1 | Hantering av kod för kodlås vid tömning |  | kr/tillfälle |  |  |  |  |  |  | 
;NO_ATTRIBUTES;0;;;;;;;RULE:Taxepunkter:231;Hetvattentvätt med spolbil, timersättning Slam Tillfälle TILLFÄLLE §5.2.1 | §5.2.1 | Hetvattentvätt med spolbil, timersättning |  | kr/tillfälle |  |  |  |  |  |  | 
;NO_ATTRIBUTES;0;;;;;;;RULE:Taxepunkter:232;Silikontätning per lock Slam Tillfälle TILLFÄLLE §5.2.1 | §5.2.1 | Silikontätning per lock |  | kr/tillfälle |  |  |  |  |  |  | 
;NO_ATTRIBUTES;0;;;;;;;RULE:Taxepunkter:235;Slam §5.3 Övriga avgifter och tillägg fettavskiljare | §5.3 Övriga avgifter och tillägg fettavskiljare |  |  |  |  |  |  |  |  |  | 
;NO_ATTRIBUTES;0;;;;;;;RULE:Taxepunkter:236;Slam §5.3.1 Övriga avgifter och tillägg fettavskiljare | §5.3.1 Övriga avgifter och tillägg fettavskiljare |  |  |  |  |  |  |  |  |  | 
;NO_ATTRIBUTES;0;;;;;;;RULE:Taxepunkter:237;Budning inom ordinarie tömningsperiod (1 maj- 31 oktober) Slam Tillfälle TILLFÄLLE §5.3.1 | §5.3.1 | Budning inom ordinarie tömningsperiod (1 maj- 31 oktober) | Inom 48 timmar | kr/tillfälle |  |  |  |  |  |  | 
;NO_ATTRIBUTES;0;;;;;;;RULE:Taxepunkter:238;Budning utanför ordinarie tömningsperiod Slam Tillfälle TILLFÄLLE §5.3.1 | §5.3.1 | Budning utanför ordinarie tömningsperiod | Inom 48 timmar | kr/tillfälle |  |  |  |  |  |  | 
;NO_ATTRIBUTES;0;;;;;;;RULE:Taxepunkter:239;Budning inom ordinarie tömningsperiod (1 maj- 31 oktober) Slam Tillfälle TILLFÄLLE §5.3.1 | §5.3.1 | Budning inom ordinarie tömningsperiod (1 maj- 31 oktober) | Inom 8 arbetsdagar | kr/tillfälle |  |  |  |  |  |  | 
;NO_ATTRIBUTES;0;;;;;;;RULE:Taxepunkter:240;Budning utanför ordinarie tömningsperiod Slam Tillfälle TILLFÄLLE §5.3.1 | §5.3.1 | Budning utanför ordinarie tömningsperiod | Inom 8 arbetsdagar | kr/tillfälle |  |  |  |  |  |  | 
;NO_ATTRIBUTES;0;;;;;;;RULE:Taxepunkter:241;Framkörningsavgift då ordinarie tömning inte skett på grund av hinder, abonnenten vägrar, bristfällig väg eller annat Slam Tillfälle TILLFÄLLE §5.3.1 | §5.3.1 | Framkörningsavgift då ordinarie tömning inte skett på grund av hinder, abonnenten vägrar, bristfällig väg eller annat |  | kr/tillfälle |  |  |  |  |  |  | 
;NO_ATTRIBUTES;0;;;;;;;RULE:Taxepunkter:242;Sen anmälan om förändringar av tömningsintervall. Om förändring, nyanmälan eller avbokning av tömning meddelas efter 1 april innevarande år. Slam Tillfälle TILLFÄLLE §5.3.1 | §5.3.1 | Sen anmälan om förändringar av tömningsintervall. Om förändring, nyanmälan eller avbokning av tömning meddelas efter 1 april innevarande år. |  | kr/tillfälle |  |  |  |  |  |  | 
;NO_ATTRIBUTES;0;;;;;;;RULE:Taxepunkter:30;Hushåll §2.2.3 Gemensam uppsamlingsplats inom hämtningsområde X | §2.2.3 Gemensam uppsamlingsplats inom hämtningsområde X |  |  |  |  |  |  |  |  |  | 
;NO_ATTRIBUTES;0;;;;;;;RULE:Taxepunkter:32;Gemensam uppsamlingsplats för förpackningar Hushåll Förpackningar §2.2.3 | §2.2.3 | Gemensam uppsamlingsplats för förpackningar | Kostnadsfritt | st/år |  |  |  |  |  |  | 
;NO_ATTRIBUTES;0;;;;;;;RULE:Taxepunkter:34;Fysisk nyckel, kallad fob (engångskostnad) Hushåll Tillfälle TILLFÄLLE §2.2.3 | §2.2.3 | Fysisk nyckel, kallad fob (engångskostnad) |  | st/tillfälle |  |  |  |  |  |  | 
;NO_ATTRIBUTES;0;;;;;;;RULE:Taxepunkter:35;Byte av telefonnummer kopplat till licens Hushåll Tillfälle TILLFÄLLE §2.2.3 | §2.2.3 | Byte av telefonnummer kopplat till licens |  | st/tillfälle |  |  |  |  |  |  | 
;NO_ATTRIBUTES;0;;;;;;;RULE:Taxepunkter:36;Kostnad för öppning av behållare Hushåll Tillfälle TILLFÄLLE §2.2.3 | §2.2.3 | Kostnad för öppning av behållare |  | st/tillfälle |  |  |  |  |  |  | 
;NO_ATTRIBUTES;0;;;;;;;RULE:Taxepunkter:37;Hushåll §2.2.4 Hämtningsavgift per år för flerbostadshus inom hämtningsområde X | §2.2.4 Hämtningsavgift per år för flerbostadshus inom hämtningsområde X |  |  |  |  |  |  |  |  |  | 
;NO_ATTRIBUTES;0;;;;;;;RULE:Taxepunkter:7;Hushåll §2.1 Grundavgifter | §2.1 Grundavgifter |  |  |  |  |  |  |  |  |  | 
;NO_ATTRIBUTES;0;;;;;;;RULE:Taxepunkter:8;Hushåll §2.1.1 Grundavgifter | §2.1.1 Grundavgifter |  |  |  |  |  |  |  |  |  | 
A;NO_ATTRIBUTES;0;;;;;;;RULE:Taxa_från_edp:2;AVLOPP BOSTADSHUS Okänd ÅRPR A | AVLOPP BOSTADSHUS | ÅRPR | Avlopp bostadshus | 
AMOAVISER;NO_ATTRIBUTES;0;;;;;;;RULE:Taxa_från_edp:7;Amorteringsplanavisering Okänd KVAN AMOAVISER | Amorteringsplanavisering | KVAN | Amorteringsplanavisering | 
AMOPLAN;NO_ATTRIBUTES;0;;;;;;;RULE:Taxa_från_edp:8;Amorteringsplan Okänd KVAN AMOPLAN | Amorteringsplan | KVAN | Amorteringsplan | ANTL
AMORÄNTA;NO_ATTRIBUTES;0;;;;;;;RULE:Taxa_från_edp:9;Amorteringsplanränta Okänd KVAN AMORÄNTA | Amorteringsplanränta | KVAN | Amorteringsplanränta | 
AMOUPP;NO_ATTRIBUTES;0;;;;;;;RULE:Taxa_från_edp:10;Amorteringsplansuppläggning Okänd KVAN AMOUPP | Amorteringsplansuppläggning | KVAN | Amorteringsplansuppläggning | 
ANL03SL;NO_ATTRIBUTES;0;;;;;;;RULE:Taxa_från_edp:11;Tömning slamanläggning Okänd KVAN ANL03SL | Tömning slamanläggning | KVAN | Tömning av slamanläggning | ANTL
ANLSLBASTÖM;NO_ATTRIBUTES;0;;;;;;;RULE:Taxa_från_edp:13;Tömning slam från Reningsverksbassäng Slam Slam KVAN ANLSLBASTÖM | Tömning slam från Reningsverksbassäng | KVAN | Tömning slam från Reningsverksbassäng | ANTL
AOBF;NO_ATTRIBUTES;0;;;;;;;RULE:Taxa_från_edp:15;A, OBEBYGGD FAST. INOM DETALJPLAN Okänd ÅRPR AOBF | A, OBEBYGGD FAST. INOM DETALJPLAN | ÅRPR | Avlopp obebygg inom detaljp | 
AVSLUTA_TJÄNST;NO_ATTRIBUTES;0;;;;;;;RULE:Taxa_från_edp:16;Dummy för avslut av tjänst via order Okänd KVAN AVSLUTA_TJÄNST | Dummy för avslut av tjänst via order | KVAN | Avslut av tjänst | 0
B100;NO_ATTRIBUTES;0;;;;;;;STANDARD:Standard Avfall:447;Behandling brännbart avfall, pris per kilo KVAN VIKG
BASSLORDKOM;NO_ATTRIBUTES;0;;;;;;;RULE:Taxa_från_edp:17;Reningsverksbassäng, slam. Ord. tur Kommunal Slam Slam ÅRKV BASSLORDKOM | Reningsverksbassäng, slam. Ord. tur Kommunal | ÅRKV | Reningsverksbassäng, slam. Ord. tur Kommunal | ANTB
BBRÄNNBART;NO_ATTRIBUTES;0;;;;;;;STANDARD:Standard Avfall:448;Behandling brännbart avfall, pris per kilo KVAN VIKG
BEHASKA;NO_ATTRIBUTES;0;;;;;;;RULE:Taxa_från_edp:24;Behandlingsavgift Aska Okänd KVAN BEHASKA | Behandlingsavgift Aska | KVAN | Behandlingsavgift Aska | KBM
BEHSLAM;NO_ATTRIBUTES;0;;;;;;;RULE:Taxa_från_edp:26;Behandlingsavgift Slam Slam Slam KVAN BEHSLAM | Behandlingsavgift Slam | KVAN | Behandlingsavgift Slam | KBM
BEHSLAMSTAT;NO_ATTRIBUTES;0;;;;;;;RULE:Taxa_från_edp:27;Behandlingsavgift Slam Statistik Slam Slam KVAN BEHSLAMSTAT | Behandlingsavgift Slam Statistik | KVAN | Behandlingsavgift Slam | KBM
BINI1000;NO_ATTRIBUTES;0;;;;;;;RULE:Taxa_från_edp:29;Bini 1000 lastväxlare- Okänd KVAN BINI1000 | Bini 1000 lastväxlare- | KVAN | Bini 1000 lastväxlare | TIMT
BINI500;NO_ATTRIBUTES;0;;;;;;;RULE:Taxa_från_edp:30;Bini 610/500 Okänd KVAN BINI500 | Bini 610/500 | KVAN | Bini 610/500 | TIMT
BRÄNNBART;NO_ATTRIBUTES;0;;;;;;;RULE:Taxa_från_edp:37;Brännbart avfall Okänd KVAN BRÄNNBART | Brännbart avfall | KVAN | Brännbart avfall | VITO
BUDNING;NO_ATTRIBUTES;0;;;;;;;STANDARD:Standard Avfall:200;Budningsavgift KVAN ANTL
DRÖJRÄNTA;NO_ATTRIBUTES;0;;;;;;;RULE:Taxa_från_edp:43;Dröjsmålsränta Okänd KVAN DRÖJRÄNTA | Dröjsmålsränta | KVAN | Dröjsmålsränta | 
FASTFE;NO_ATTRIBUTES;0;;;;;;;STANDARD:Standard Slam:4;Fast grundavgift, fett ÅRKV FAST/GRUND/ANTL
FASTFLB;NO_ATTRIBUTES;0;;;;;;;STANDARD:Standard Avfall:4;Fast grundavgift,  flerbostadshus per bostadsenhet ÅRKV FAST
FASTSL;NO_ATTRIBUTES;0;;;;;;;STANDARD:Standard Slam:3;Fast grundavgift, slam ÅRKV FAST/GRUND/ANTL
FBATTLÅDA;NO_ATTRIBUTES;0;;;;;;;STANDARD:Standard Avfall:288;Försäljning batterilåda, inkl. stativ KVAN ANTL
FDEKALL;NO_ATTRIBUTES;0;;;;;;;STANDARD:Standard Avfall:285;Försäljning dekal, liten KVAN ANTL
FDEKALS;NO_ATTRIBUTES;0;;;;;;;STANDARD:Standard Avfall:286;Försäljning dekal, stor KVAN ANTL
FEAKUT;NO_ATTRIBUTES;0;;;;;;;STANDARD:Standard Slam:119;Fett, akuttömning KVAN ANTL
FEBEHAVG;NO_ATTRIBUTES;0;;;;;;;STANDARD:Standard Slam:120;Fett, behandlingsavgift KVAN VITO eller KBMF
FEBUD;NO_ATTRIBUTES;0;;;;;;;STANDARD:Standard Slam:118;Fett, tillägg budning KVAN ANTL
FELSORT;NO_ATTRIBUTES;0;;;;;;;RULE:Taxepunkter:132;Bottentömmande behållare Hushåll Tillfälle KVAN §2.4.6 | §2.4.6 | Bottentömmande behållare |  | st/tillfälle | FELSORT | FELSORT | KVAN |  |  |  | 
FELSORTAVG;NO_ATTRIBUTES;0;;;;;;;STANDARD:Standard Avfall:303;Felsorteringsavgift KVAN ANTL
FEÖVERKBM;NO_ATTRIBUTES;0;;;;;;;STANDARD:Standard Slam:121;Fett, tillägg överkbm KVAN KBMÖ
FILMBESIKT;NO_ATTRIBUTES;0;;;;;;;RULE:Taxa_från_edp:51;Filmning/besiktning Okänd KVAN FILMBESIKT | Filmning/besiktning | KVAN | Filmning/besiktning | TIMT
FJ;NO_ATTRIBUTES;0;;;;;;;RULE:Taxa_från_edp:52;FJÄRRVÄRME Okänd FÖRB FJ | FJÄRRVÄRME | FÖRB | Fjärrvärme | 
FRAMKAVG;NO_ATTRIBUTES;0;;;;;;;RULE:Taxa_från_edp:53;Framkörningsavgift Okänd KVAN FRAMKAVG | Framkörningsavgift | KVAN | Framkörningsavgift | ANTL
FRIFAKTURA;NO_ATTRIBUTES;0;;;;;;;RULE:Taxa_från_edp:54;Fri faktura, standard Okänd KVAN FRIFAKTURA | Fri faktura, standard | KVAN | Fri faktura, standard | 
FRIKV;NO_ATTRIBUTES;0;;;;;;;RULE:Taxa_från_edp:55;FRI KVANTITET Okänd KVAN FRIKV | FRI KVANTITET | KVAN |  | ANTB
FRIUT;NO_ATTRIBUTES;0;;;;;;;RULE:Taxa_från_edp:56;FRITT UTFÖRANDE Okänd KVAN FRIUT | FRITT UTFÖRANDE | KVAN |  | ANTL
FRUSEN;NO_ATTRIBUTES;0;;;;;;;RULE:Taxa_från_edp:57;BYTE AV FRUSEN MÄTARE Okänd KVAN FRUSEN | BYTE AV FRUSEN MÄTARE | KVAN | Byte av frusen mätare | ANTL
FSKYLT;NO_ATTRIBUTES;0;;;;;;;STANDARD:Standard Avfall:287;Försäljning skylt KVAN ANTL
GEMNYCKEL3;NO_ATTRIBUTES;0;;;;;;;RULE:Taxa_från_edp:61;Telefonnyckel nr 3 Gemlipfri Okänd ÅRPR GEMNYCKEL3 | Telefonnyckel nr 3 Gemlipfri | ÅRPR | Telefonnyckel nr 3 Gemlipfri | 
GEMNYCKEL4;NO_ATTRIBUTES;0;;;;;;;RULE:Taxa_från_edp:62;Telefonnyckel nr 4 Gemlipfri Okänd ÅRPR GEMNYCKEL4 | Telefonnyckel nr 4 Gemlipfri | ÅRPR | Telefonnyckel nr 4 Gemlipfri | 
GEMNYCKELTAGG;NO_ATTRIBUTES;0;;;;;;;RULE:Taxa_från_edp:63;Tagg Gemlipfri Okänd ÅRPR GEMNYCKELTAGG | Tagg Gemlipfri | ÅRPR | Tagg Gemlipfri | 
GM;NO_ATTRIBUTES;0;;;;;;;RULE:Taxa_från_edp:64;GRUND OCH MÄTARAVGIFT Okänd ÅRPR GM | GRUND OCH MÄTARAVGIFT | ÅRPR | Grund och mätaravgift | 
GRUNDFÖR1;NO_ATTRIBUTES;0;;;;;;;RULE:Taxa_från_edp:69;Grundavgift nivå 1, små/medel Okänd ÅRPR GRUNDFÖR1 | Grundavgift nivå 1, små/medel | ÅRPR | Grundavgift nivå 1 | 
GRUNDFÖR2;NO_ATTRIBUTES;0;;;;;;;RULE:Taxa_från_edp:70;Grundavgift nivå 2, större företag Okänd ÅRPR GRUNDFÖR2 | Grundavgift nivå 2, större företag | ÅRPR | Grundavgift nivå 2 | 
GRUNDLOK;NO_ATTRIBUTES;0;;;;;;;RULE:Taxa_från_edp:71;Grundavgift lokaler, föreningar etc. Okänd ÅRPR GRUNDLOK | Grundavgift lokaler, föreningar etc. | ÅRPR | Grundavgift | 
GRUNDPER;NO_ATTRIBUTES;0;;;;;;;RULE:Taxa_från_edp:73;Grundavgift permanentboende Okänd ÅRPR GRUNDPER | Grundavgift permanentboende | ÅRPR | Grundavgift renhållning perm. | 
GRUNDPERM;NO_ATTRIBUTES;0;;;;;;;RULE:Taxa_från_edp:74;Grundavgift permanentboende *ska upphöra* Okänd ÅRPR GRUNDPERM | Grundavgift permanentboende *ska upphöra* | ÅRPR | Grundavgift permanentboende | 
HBL;NO_ATTRIBUTES;0;;;;;;;STANDARD:Standard Avfall:457;Hyra batterilåda ÅRKV ANTB
HBP;NO_ATTRIBUTES;0;;;;;;;STANDARD:Standard Avfall:458;Hyra balpress ÅRKV ANTB
HEMKOMP;NO_ATTRIBUTES;0;;;;;;;STANDARD:Standard Avfall:315;Dummytaxa hemkompost ÅRKV 0
HSK2;NO_ATTRIBUTES;0;;;;;;;STANDARD:Standard Avfall:459;Hyra sopskåp, 2 luckor ÅRKV ANTB
HSK3;NO_ATTRIBUTES;0;;;;;;;STANDARD:Standard Avfall:460;Hyra sopskåp, 3 luckor ÅRKV ANTB
INERTAVFALL;NO_ATTRIBUTES;0;;;;;;;RULE:Taxa_från_edp:100;Inert avfall. Tex klinker, porslin, toalettstolar Okänd KVAN INERTAVFALL | Inert avfall. Tex klinker, porslin, toalettstolar | KVAN | Inert avfall. Tex klinker, porslin, toalettstolar | VITO
INKASSO;NO_ATTRIBUTES;0;;;;;;;RULE:Taxa_från_edp:101;Inkassoavgift Okänd KVAN INKASSO | Inkassoavgift | KVAN | Inkassoavgift | 
KONTRAVG;NO_ATTRIBUTES;0;;;;;;;STANDARD:Standard Avfall:302;Kontrollavgift KVAN ANTL
KREDGRUNDPER;NO_ATTRIBUTES;0;;;;;;;RULE:Taxa_från_edp:102;Kreditering av grundavgifter april/maj 2023 Okänd KVAN KREDGRUNDPER | Kreditering av grundavgifter april/maj 2023 | KVAN | Kreditering av grundavgifter april/maj 2023 | ANTL
KÖKSL;NO_ATTRIBUTES;0;;;;;;;STANDARD:Standard Slam:88;Köksavlopp, slam KVAN ANTL
KÖKSLB;NO_ATTRIBUTES;0;;;;;;;STANDARD:Standard Slam:71;Köksavlopp, slam. Budning KVAN ANTL
KÖKSLBUD;NO_ATTRIBUTES;0;;;;;;;STANDARD:Standard Slam:38;Köksavlopp, slam. Budning ÅRKV 8
KÖKSLO;NO_ATTRIBUTES;0;;;;;;;STANDARD:Standard Slam:55;Köksavlopp, slam. Ordinarie tur KVAN ANTL
KÖKSLORD;NO_ATTRIBUTES;0;;;;;;;STANDARD:Standard Slam:22;Köksavlopp, slam. Ordinarie tur ÅRKV 0
LATKOMP;NO_ATTRIBUTES;0;;;;;;;STANDARD:Standard Avfall:317;Dummytaxa latrinkompost ÅRKV 0
LATRINBEHÅLL;NO_ATTRIBUTES;0;;;;;;;RULE:Taxa_från_edp:134;Avgift för latrinbehållare Okänd KVAN LATRINBEHÅLL | Avgift för latrinbehållare | KVAN | Avgift för latrinbehållare | ANTL
MANLASTBIL;NO_ATTRIBUTES;0;;;;;;;RULE:Taxa_från_edp:135;MAN Lastbil- externa tjänster Okänd KVAN MANLASTBIL | MAN Lastbil- externa tjänster | KVAN | MAN Lastbil | TIMT
MBSPRINTER;NO_ATTRIBUTES;0;;;;;;;RULE:Taxa_från_edp:153;MB Sprinter- externa tjänster Okänd KVAN MBSPRINTER | MB Sprinter- externa tjänster | KVAN | MB Sprinter | TIMT
NYOSO;NO_ATTRIBUTES;0;;;;;;;STANDARD:Standard Avfall:310;Dummytaxa, ny tjänst via ändringsorder Osorterat avfall ÅRKV 0
NYTJÄNST;NO_ATTRIBUTES;0;;;;;;;RULE:Taxa_från_edp:164;Dummytaxa, ny tjänst via ändringsorder Okänd ÅRKV NYTJÄNST | Dummytaxa, ny tjänst via ändringsorder | ÅRKV | Dummytaxa, ny tjänst via ändringsorder | ANTB
NYTJÄNST;NO_ATTRIBUTES;0;;;;;;;STANDARD:Standard Avfall:314;Dummytaxa, ny tjänst via ändringsorder ÅRKV 0
OA;NO_ATTRIBUTES;0;;;;;;;RULE:Taxa_från_edp:165;OBEBOTT AVLOPP Okänd ÅRPR OA | OBEBOTT AVLOPP | ÅRPR | Obebott, avlopp | 
OV;NO_ATTRIBUTES;0;;;;;;;RULE:Taxa_från_edp:168;OBEBOTT VATTEN Okänd ÅRPR OV | OBEBOTT VATTEN | ÅRPR | Obebott, vatten | 
OVA;NO_ATTRIBUTES;0;;;;;;;RULE:Taxa_från_edp:169;OBEBOTT VA Okänd ÅRPR OVA | OBEBOTT VA | ÅRPR | Obebott, vatten och avlopp | 
PERSONAL;NO_ATTRIBUTES;0;;;;;;;RULE:Taxa_från_edp:170;Personal- externa tjänster Okänd KVAN PERSONAL | Personal- externa tjänster | KVAN | Personal | TIMT
PERSONBIL;NO_ATTRIBUTES;0;;;;;;;RULE:Taxa_från_edp:171;Personbil- externa tjänster Okänd KVAN PERSONBIL | Personbil- externa tjänster | KVAN | Personbil | TIMT
PÅMINN;NO_ATTRIBUTES;0;;;;;;;RULE:Taxa_från_edp:172;Påminnelsavgift Okänd KVAN PÅMINN | Påminnelsavgift | KVAN | Påminnelsavgift | 
RBRSL;NO_ATTRIBUTES;0;;;;;;;STANDARD:Standard Slam:87;Rensbrunn, slam KVAN ANTL
RBRSLB;NO_ATTRIBUTES;0;;;;;;;STANDARD:Standard Slam:70;Rensbrunn, slam. Budning KVAN ANTL
RBRSLBUD;NO_ATTRIBUTES;0;;;;;;;STANDARD:Standard Slam:37;Rensbrunn, slam. Budning ÅRKV 7
RBRSLO;NO_ATTRIBUTES;0;;;;;;;STANDARD:Standard Slam:54;Rensbrunn, slam. Ordinarie tur KVAN ANTL
RBRSLORD;NO_ATTRIBUTES;0;;;;;;;STANDARD:Standard Slam:21;Rensbrunn, slam. Ordinarie tur ÅRKV 0
RENH0;NO_ATTRIBUTES;0;;;;;;;STANDARD:Standard Avfall:307;Dummytaxa för tjänst ÅRKV 0
RESTSKULD;NO_ATTRIBUTES;0;;;;;;;RULE:Taxa_från_edp:174;Restskuld Okänd KVAN RESTSKULD | Restskuld | KVAN | Restskuld | 
RHKORR;NO_ATTRIBUTES;0;;;;;;;STANDARD:Standard Avfall:304;Korrigering av händelse, konto och pris sätts manuellt KVAN ANTL
RHTILLAV;NO_ATTRIBUTES;0;;;;;;;RULE:Taxa_från_edp:175;Renh, tillägg-avdrag Okänd KVAN RHTILLAV | Renh, tillägg-avdrag | KVAN | Renh, tillägg-avdrag | 
SLAKUT;NO_ATTRIBUTES;0;;;;;;;RULE:Taxa_från_edp:184;Slam, tillägg för akut tömning Slam Slam KVAN SLAKUT | Slam, tillägg för akut tömning | KVAN | Tillägg för akut tömning | ANTL
SLAKUT;NO_ATTRIBUTES;0;;;;;;;STANDARD:Standard Slam:91;Slam, tillägg akuttömning KVAN ANTL
SLAM;NO_ATTRIBUTES;0;;;;;;;RULE:Taxa_från_edp:185;SLAM Slam Slam KVAN SLAM | SLAM | KVAN | Tömning av slambrunn | ANTL
SLAM3;NO_ATTRIBUTES;0;;;;;;;RULE:Taxa_från_edp:186;SLAM MER ÄN 3 kbm Slam Slam KVAN SLAM3 | SLAM MER ÄN 3 kbm | KVAN | Tömning av slambrunn | ANTL
SLAM3D;NO_ATTRIBUTES;0;;;;;;;RULE:Taxa_från_edp:187;Slam3 dummy Okänd KVAN SLAM3D | Slam3 dummy | KVAN | Slam >3 kbm | ANTB
SLAM6;NO_ATTRIBUTES;0;;;;;;;RULE:Taxa_från_edp:189;SLAMBRUNN ÖVER 6 KBM Okänd KVAN SLAM6 | SLAMBRUNN ÖVER 6 KBM | KVAN | Tömn av slambrunn över 6 kbm | ANTL
SLAM6D;NO_ATTRIBUTES;0;;;;;;;RULE:Taxa_från_edp:190;Slam6 dummy Okänd KVAN SLAM6D | Slam6 dummy | KVAN | Slam >6 kbm | ANTB
SLAMD;NO_ATTRIBUTES;0;;;;;;;RULE:Taxa_från_edp:192;Slam dummy Slam Slam KVAN SLAMD | Slam dummy | KVAN | Slam <3 kbm | ANTB
SLAMKOMP;NO_ATTRIBUTES;0;;;;;;;STANDARD:Standard Avfall:316;Dummytaxa slamkompost ÅRKV 0
SLAMTUNNA;NO_ATTRIBUTES;0;;;;;;;RULE:Taxa_från_edp:196;Rolba slamtunna- externa tjänster Okänd KVAN SLAMTUNNA | Rolba slamtunna- externa tjänster | KVAN | Rolba slamtunna | TIMT
SLAVROP;NO_ATTRIBUTES;0;;;;;;;RULE:Taxa_från_edp:197;Slam, tillägg för avropad/budad tömning Slam Slam KVAN SLAVROP | Slam, tillägg för avropad/budad tömning | KVAN | Tillägg för avropad/budad tömning | ANTL
SLAVSTEG;NO_ATTRIBUTES;0;;;;;;;RULE:Taxa_från_edp:198;Slam, avgift avsteg från gällande abonnemang Slam Slam KVAN SLAVSTEG | Slam, avgift avsteg från gällande abonnemang | KVAN | Avgift avsteg från gällande abonnemang | ANTL
SLBEHAVG;NO_ATTRIBUTES;0;;;;;;;STANDARD:Standard Slam:93;Slam, behandlingsavgift KVAN VITO/KBMS
SLBOM;NO_ATTRIBUTES;0;;;;;;;STANDARD:Standard Slam:92;Slam, bomkörning KVAN ANTL
SLBUD;NO_ATTRIBUTES;0;;;;;;;STANDARD:Standard Slam:90;Slam, tillägg budning KVAN ANTL
SLFRAMKÖR;NO_ATTRIBUTES;0;;;;;;;RULE:Taxa_från_edp:199;Slam, framkörningsavgift Slam Slam KVAN SLFRAMKÖR | Slam, framkörningsavgift | KVAN | Framkörningsavgift slam | ANTL
SLMEDDELANDE;NO_ATTRIBUTES;0;;;;;;;RULE:Taxa_från_edp:200;Avgift för ej uppfyllt meddelaransvar Okänd KVAN SLMEDDELANDE | Avgift för ej uppfyllt meddelaransvar | KVAN | Avgift för ej uppfyllt meddelaransvar | ANTL
SLSLANG;NO_ATTRIBUTES;0;;;;;;;RULE:Taxa_från_edp:201;Slam, tillägg för slangdragning Slam Slam KVAN SLSLANG | Slam, tillägg för slangdragning | KVAN | Slam, tillägg för slangdragning | ANTL
SLSLANG;NO_ATTRIBUTES;0;;;;;;;STANDARD:Standard Slam:95;Slam, tillägg slanglängd KVAN SLNG
SLSLANGSTAT;NO_ATTRIBUTES;0;;;;;;;RULE:Taxa_från_edp:202;Slam, tillägg för slangdragning Slam Slam KVAN SLSLANGSTAT | Slam, tillägg för slangdragning | KVAN | Slam, tillägg för slangdragning | SLNG
SLTIMTID;NO_ATTRIBUTES;0;;;;;;;RULE:Taxa_från_edp:207;Slam, tillägg timtid för tömning överstigande 1 timme Slam Slam KVAN SLTIMTID | Slam, tillägg timtid för tömning överstigande 1 timme | KVAN | Tömning överstigande 1 timme | TIMT
SLTOAVAGN;NO_ATTRIBUTES;0;;;;;;;RULE:Taxa_från_edp:208;Tömning av toalettvagn eller liknande Okänd KVAN SLTOAVAGN | Tömning av toalettvagn eller liknande | KVAN | Tömning av toalettvagn eller liknande | ANTL
SLTUNGTL;NO_ATTRIBUTES;0;;;;;;;STANDARD:Standard Slam:96;Slam, tillägg tungt lock KVAN ANTL
SLÖVERKBM;NO_ATTRIBUTES;0;;;;;;;STANDARD:Standard Slam:94;Slam, tillägg överkbm KVAN KBMÖ
SPOLVAGN;NO_ATTRIBUTES;0;;;;;;;RULE:Taxa_från_edp:213;Spolvagn- externa tjänster Okänd KVAN SPOLVAGN | Spolvagn- externa tjänster | KVAN | Spolvagn | TIMT
SlamInfo;NO_ATTRIBUTES;0;;;;;;;RULE:Taxa_från_edp:194;SLAM Slam Slam KVAN SlamInfo | SLAM | KVAN | Tömning av slambrunn | ANTL
SlamInfo;NO_ATTRIBUTES;0;;;;;;;RULE:Taxa_från_edp:195;SLAM Slam Slam KVAN SlamInfo | SLAM | KVAN | Slanglängd | SLNG
TILLGODO;NO_ATTRIBUTES;0;;;;;;;RULE:Taxa_från_edp:220;Kreditavdrag Okänd KRED TILLGODO | Kreditavdrag | KRED | Kreditavdrag | 
UTEDASS;NO_ATTRIBUTES;0;;;;;;;RULE:Taxa_från_edp:243;Utedass Okänd ÅRKV UTEDASS | Utedass | ÅRKV | Utedass | ANTL
V;NO_ATTRIBUTES;0;;;;;;;RULE:Taxa_från_edp:244;VATTEN BOSTADSHUS Okänd ÅRPR V | VATTEN BOSTADSHUS | ÅRPR | Vatten bostadshus | 
VA;NO_ATTRIBUTES;0;;;;;;;RULE:Taxa_från_edp:245;VA-AVGIFTER Okänd FÖRB VA | VA-AVGIFTER | FÖRB | Förbrukning | 
VA;NO_ATTRIBUTES;0;;;;;;;RULE:Taxa_från_edp:246;VA-AVGIFTER Okänd ÅRPR VA | VA-AVGIFTER | ÅRPR | Grund och mätaravgift | 
VAF;NO_ATTRIBUTES;0;;;;;;;RULE:Taxa_från_edp:247;VA-ENDAST FÖRBRUKNING Okänd FÖRB VAF | VA-ENDAST FÖRBRUKNING | FÖRB | Förbrukning | 
VAK;NO_ATTRIBUTES;0;;;;;;;RULE:Taxa_från_edp:249;VA MAX 200 kvm Okänd ÅRPR VAK | VA MAX 200 kvm | ÅRPR | Vatten och avlopp | 
VAK2;NO_ATTRIBUTES;0;;;;;;;RULE:Taxa_från_edp:250;VA MER ÄN 200 kvm Okänd ÅRPR VAK2 | VA MER ÄN 200 kvm | ÅRPR | Vatten och avlopp | 
VAOB;NO_ATTRIBUTES;0;;;;;;;RULE:Taxa_från_edp:254;PERMANENTHUS, OBEBOTT LÄNGRE ÄN 3 MÅN Okänd ÅRPR VAOB | PERMANENTHUS, OBEBOTT LÄNGRE ÄN 3 MÅN | ÅRPR | Vatten avlopp obebott | 
VAOBF;NO_ATTRIBUTES;0;;;;;;;RULE:Taxa_från_edp:255;VA, OBEBYGGD FASTIGHET INOM DETALJLAGT OMRÅDE Okänd ÅRPR VAOBF | VA, OBEBYGGD FASTIGHET INOM DETALJLAGT OMRÅDE | ÅRPR | VA inom detaljplan obebyggd | 
VATILLAV;NO_ATTRIBUTES;0;;;;;;;RULE:Taxa_från_edp:256;VA, tillägg-avdrag Okänd KVAN VATILLAV | VA, tillägg-avdrag | KVAN | VA, tillägg-avdrag | 
VAUM;NO_ATTRIBUTES;0;;;;;;;RULE:Taxa_från_edp:257;VA Permanentboende Okänd ÅRPR VAUM | VA Permanentboende | ÅRPR | VA Fast avgift - permanentbo. | 
VIKTMAREST;NO_ATTRIBUTES;0;;;;;;;RULE:Taxa_från_edp:265;Vikt hushållsavfall ma/rest Okänd KVAN VIKTMAREST | Vikt hushållsavfall ma/rest | KVAN | Viktavgift hushållsavfall | VIKG
VOBF;NO_ATTRIBUTES;0;;;;;;;RULE:Taxa_från_edp:275;V, OBEBYGGD FASTIGHET Okänd ÅRPR VOBF | V, OBEBYGGD FASTIGHET | ÅRPR | Vatten obebygg. inom detaljp. | 
VOLVOL60G;NO_ATTRIBUTES;0;;;;;;;RULE:Taxa_från_edp:276;Volvo L60G- externa tjänster Okänd KVAN VOLVOL60G | Volvo L60G- externa tjänster | KVAN | Volvo L60G | TIMT
ÄNDRAVG;NO_ATTRIBUTES;0;;;;;;;STANDARD:Standard Avfall:300;Ändringsavgift KVAN ANTL
ÄNDRING;NO_ATTRIBUTES;0;;;;;;;RULE:Taxa_från_edp:277;Ändring på kund Okänd KVAN ÄNDRING | Ändring på kund | KVAN | Ändring på kund | ANTL
ÅBUDRE;NO_ATTRIBUTES;0;;;;;;;STANDARD:Standard ÅVS:30;ÅVS budad renhållning KVAN ANTL
ÅBUDVI;NO_ATTRIBUTES;0;;;;;;;STANDARD:Standard ÅVS:31;ÅVS budad vinterhållning KVAN ANTL
ÅFYLL;NO_ATTRIBUTES;0;;;;;;;STANDARD:Standard ÅVS:23;ÅVS fyllnadsgrad x - y KVAN ANTL
ÅRENH;NO_ATTRIBUTES;0;;;;;;;STANDARD:Standard ÅVS:21;ÅVS renhållning KVAN ANTL
ÅVINH;NO_ATTRIBUTES;0;;;;;;;STANDARD:Standard ÅVS:22;ÅVS vinterhållning KVAN ANTL
ÅVSRE;NO_ATTRIBUTES;0;;;;;;;STANDARD:Standard ÅVS:8;ÅVS renhållning. Tjänsttaxa ÅRKV ANTB
ÅVSVI;NO_ATTRIBUTES;0;;;;;;;STANDARD:Standard ÅVS:9;ÅVS vinterhållning. Tjänsttaxa ÅRKV ANTB
;PAPPER;1;PAPPER;;;;;;RULE:Taxepunkter:102;Egen överlämning av förbrukat kontors-/returpapper enligt anvisning Hushåll §2.2.7 | §2.2.7 | Egen överlämning av förbrukat kontors-/returpapper enligt anvisning | Avgift per tömning | st/tömning |  |  |  |  |  |  | 
VIKTPA;PAPPER;1;PAPPER;;;;;;RULE:Taxa_från_edp:269;Vikt, pappersförpackningar Okänd KVAN VIKTPA | Vikt, pappersförpackningar | KVAN | Vikt, pappersförpackningar | VIKG
ÅBEHPA;PAPPER;1;PAPPER;;;;;;STANDARD:Standard ÅVS:18;ÅVS behandling pappersförpackningar KVAN ANTL
ÅBUDPA;PAPPER;1;PAPPER;;;;;;STANDARD:Standard ÅVS:28;ÅVS budad tömning pappersförpackningar KVAN ANTL
ÅTÖMPA;PAPPER;1;PAPPER;;;;;;STANDARD:Standard ÅVS:17;ÅVS tömning pappersförpackningar KVAN ANTL
ÅVSPA;PAPPER;1;PAPPER;;;;;;STANDARD:Standard ÅVS:6;ÅVS pappersförpackningar. Tjänsttaxa ÅRKV ANTB
;PAPPER|LITER|KÄRL;3;PAPPER;;LITER;KÄRL;;;RULE:Taxepunkter:101;Kärl 140 l (kontors-/returpapper) Hushåll Behållarvolym VOLYM/BEHÅLLARE 140 §2.2.7 | §2.2.7 | Kärl 140 l (kontors-/returpapper) | Avgift per tömning | st/tömning |  |  |  |  |  |  | 
KÄ190PA13;PAPPER|LITER|KÄRL;3;PAPPER;;LITER;KÄRL;;;STANDARD:Standard Avfall:340;Kärl 190 L, pappersförpackningar. Var 4:e vecka ÅRKV ANTB
KÄ190PA26;PAPPER|LITER|KÄRL;3;PAPPER;;LITER;KÄRL;;;STANDARD:Standard Avfall:339;Kärl 190 L, pappersförpackningar. Var 14:e dag ÅRKV ANTB
KÄ190PA52;PAPPER|LITER|KÄRL;3;PAPPER;;LITER;KÄRL;;;STANDARD:Standard Avfall:338;Kärl 190 L, pappersförpackningar. Varje vecka ÅRKV ANTB
KÄ190PABUD;PAPPER|LITER|KÄRL;3;PAPPER;;LITER;KÄRL;;;STANDARD:Standard Avfall:341;Kärl 190 L, pappersförpackningar. Budning KVAN ANTL
KÄ370PA13;PAPPER|LITER|KÄRL;3;PAPPER;;LITER;KÄRL;;;STANDARD:Standard Avfall:370;Kärl 370 L, pappersförpackningar. Var 4:e vecka ÅRKV ANTB
KÄ370PA26;PAPPER|LITER|KÄRL;3;PAPPER;;LITER;KÄRL;;;STANDARD:Standard Avfall:369;Kärl 370 L, pappersförpackningar. Var 14:e dag ÅRKV ANTB
KÄ370PA52;PAPPER|LITER|KÄRL;3;PAPPER;;LITER;KÄRL;;;STANDARD:Standard Avfall:368;Kärl 370 L, pappersförpackningar. Varje vecka ÅRKV ANTB
KÄ370PABUD;PAPPER|LITER|KÄRL;3;PAPPER;;LITER;KÄRL;;;STANDARD:Standard Avfall:371;Kärl 370 L, pappersförpackningar. Budning KVAN ANTL
KÄ660PA13;PAPPER|LITER|KÄRL;3;PAPPER;;LITER;KÄRL;;;STANDARD:Standard Avfall:400;Kärl 660 L, pappersförpackningar. Var 4:e vecka ÅRKV ANTB
KÄ660PA26;PAPPER|LITER|KÄRL;3;PAPPER;;LITER;KÄRL;;;STANDARD:Standard Avfall:399;Kärl 660 L, pappersförpackningar. Var 14:e dag ÅRKV ANTB
KÄ660PA52;PAPPER|LITER|KÄRL;3;PAPPER;;LITER;KÄRL;;;STANDARD:Standard Avfall:398;Kärl 660 L, pappersförpackningar. Varje vecka ÅRKV ANTB
KÄ660PABUD;PAPPER|LITER|KÄRL;3;PAPPER;;LITER;KÄRL;;;STANDARD:Standard Avfall:401;Kärl 660 L, pappersförpackningar. Budning KVAN ANTL
KÄ190PA104;PAPPER|LITER|KÄRL|2 GGR;4;PAPPER;;LITER;KÄRL;2 GGR;;STANDARD:Standard Avfall:337;Kärl 190 L, pappersförpackningar. 2ggr/ vecka ÅRKV ANTB
KÄ370PA104;PAPPER|LITER|KÄRL|2 GGR;4;PAPPER;;LITER;KÄRL;2 GGR;;STANDARD:Standard Avfall:367;Kärl 370 L, pappersförpackningar. 2ggr/ vecka ÅRKV ANTB
KÄ660PA104;PAPPER|LITER|KÄRL|2 GGR;4;PAPPER;;LITER;KÄRL;2 GGR;;STANDARD:Standard Avfall:397;Kärl 660 L, pappersförpackningar. 2ggr/ vecka ÅRKV ANTB
FPASÄCK125;PAPPER|LITER|SÄCK;3;PAPPER;;LITER;SÄCK;;;STANDARD:Standard Avfall:289;Försäljning pappersäck, 125 L KVAN ANTL
FPASÄCK160;PAPPER|LITER|SÄCK;3;PAPPER;;LITER;SÄCK;;;STANDARD:Standard Avfall:290;Försäljning pappersäck, 160 L KVAN ANTL
FPASÄCK240;PAPPER|LITER|SÄCK;3;PAPPER;;LITER;SÄCK;;;STANDARD:Standard Avfall:291;Försäljning pappersäck, 240 L KVAN ANTL
FPASÄCK350;PAPPER|LITER|SÄCK;3;PAPPER;;LITER;SÄCK;;;STANDARD:Standard Avfall:292;Försäljning pappersäck, 350 L KVAN ANTL
MB2600PA;PAPPER|M3;2;PAPPER;;M3;;;;RULE:Taxa_från_edp:147;Tömning Markbehållare 2,6 m³, pappersförpackningar. Tjänsttaxa Okänd ÅRKV MB2600PA | Tömning Markbehållare 2,6 m³, pappersförpackningar. Tjänsttaxa | ÅRKV | Tömning Markbehållare 2,6 m³, pappersförpackningar. | 0
MB2600PATÖM;PAPPER|M3;2;PAPPER;;M3;;;;RULE:Taxa_från_edp:148;Tömning Markbehållare 2,6 m³, pappersförpackningar. Okänd KVAN MB2600PATÖM | Tömning Markbehållare 2,6 m³, pappersförpackningar. | KVAN | Tömning Markbehållare 2,6 m³, pappersförpackningar. | ANTL
;PAPPER|TIDNING|LITER,HÄMTNING|KÄRL;5;PAPPER;TIDNING;LITER,HÄMTNING;KÄRL;;;RULE:Taxepunkter:59;Kärl 190 l (tidningar och returpapper) Hushåll Behållarvolym VOLYM/BEHÅLLARE 190 §2.2.4 | §2.2.4 | Kärl 190 l (tidningar och returpapper) | Hämtning varje vecka | st/år |  |  |  |  |  |  | 
;PAPPER|TIDNING|LITER,HÄMTNING|KÄRL;5;PAPPER;TIDNING;LITER,HÄMTNING;KÄRL;;;RULE:Taxepunkter:60;Kärl 190 l (tidningar och returpapper) Hushåll Behållarvolym VOLYM/BEHÅLLARE 190 §2.2.4 | §2.2.4 | Kärl 190 l (tidningar och returpapper) | Hämtning var 14:e dag | st/år |  |  |  |  |  |  | 
;PAPPER|TIDNING|LITER,HÄMTNING|KÄRL;5;PAPPER;TIDNING;LITER,HÄMTNING;KÄRL;;;RULE:Taxepunkter:61;Kärl 190 l (tidningar och returpapper) Hushåll Behållarvolym VOLYM/BEHÅLLARE 190 §2.2.4 | §2.2.4 | Kärl 190 l (tidningar och returpapper) | Hämtning månadsvis | st/år |  |  |  |  |  |  | 
;PAPPER|TIDNING|LITER,HÄMTNING|KÄRL;5;PAPPER;TIDNING;LITER,HÄMTNING;KÄRL;;;RULE:Taxepunkter:62;Kärl 370 l (tidningar och returpapper) Hushåll Behållarvolym VOLYM/BEHÅLLARE 370 §2.2.4 | §2.2.4 | Kärl 370 l (tidningar och returpapper) | Hämtning varje vecka | st/år |  |  |  |  |  |  | 
;PAPPER|TIDNING|LITER,HÄMTNING|KÄRL;5;PAPPER;TIDNING;LITER,HÄMTNING;KÄRL;;;RULE:Taxepunkter:63;Kärl 370 l (tidningar och returpapper) Hushåll Behållarvolym VOLYM/BEHÅLLARE 370 §2.2.4 | §2.2.4 | Kärl 370 l (tidningar och returpapper) | Hämtning var 14:e dag | st/år |  |  |  |  |  |  | 
;PAPPER|TIDNING|LITER,HÄMTNING|KÄRL;5;PAPPER;TIDNING;LITER,HÄMTNING;KÄRL;;;RULE:Taxepunkter:64;Kärl 370 l (tidningar och returpapper) Hushåll Behållarvolym VOLYM/BEHÅLLARE 370 §2.2.4 | §2.2.4 | Kärl 370 l (tidningar och returpapper) | Hämtning månadsvis | st/år |  |  |  |  |  |  | 
;PAPPER|VERKSAMHET;2;PAPPER;;;;;VERKSAMHET;RULE:Taxepunkter:100;Hushåll §2.2.7 Verksamheter med beviljad hantering av förbrukat matfett, kontorspapper eller returpapper | §2.2.7 Verksamheter med beviljad hantering av förbrukat matfett, kontorspapper eller returpapper |  |  |  |  |  |  |  |  |  | 
VIKTPL;PLAST;1;PLAST;;;;;;RULE:Taxa_från_edp:270;Vikt, plastförpackningar Okänd KVAN VIKTPL | Vikt, plastförpackningar | KVAN | Vikt, plastförpackningar | VIKG
ÅBEHPL;PLAST;1;PLAST;;;;;;STANDARD:Standard ÅVS:20;ÅVS behandling plastförpackningar KVAN ANTL
ÅBUDPL;PLAST;1;PLAST;;;;;;STANDARD:Standard ÅVS:29;ÅVS budad tömning plastförpackningar KVAN ANTL
ÅTÖMPL;PLAST;1;PLAST;;;;;;STANDARD:Standard ÅVS:19;ÅVS tömning plastförpackningar KVAN ANTL
ÅVSPL;PLAST;1;PLAST;;;;;;STANDARD:Standard ÅVS:7;ÅVS plastförpackningar. Tjänsttaxa ÅRKV ANTB
;PLAST,PAPPER|LITER|KÄRL;4;PLAST,PAPPER;;LITER;KÄRL;;;RULE:Taxepunkter:24;Kärl 370 l (papper-/plastförpackningar) Hushåll Behållarvolym VOLYM/BEHÅLLARE 370 §2.2.1 | §2.2.1 | Kärl 370 l (papper-/plastförpackningar) | Kostnadsfritt | st/år |  |  |  |  |  |  | 
;PLAST,PAPPER|LITER|KÄRL;4;PLAST,PAPPER;;LITER;KÄRL;;;RULE:Taxepunkter:29;Kärl 370 l (papper-/plastförpackningar) Hushåll Behållarvolym VOLYM/BEHÅLLARE 370 §2.2.2 | §2.2.2 | Kärl 370 l (papper-/plastförpackningar) | Kostnadsfritt | st/år |  |  |  |  |  |  | 
TEST 370VV;PLAST,PAPPER|LITER|KÄRL;4;PLAST,PAPPER;;LITER;KÄRL;;;RULE:Taxa_från_edp:214;370 L KÄRL/14 DGR 2-DELAT PAPPER OCH PLAST Okänd Plast Behållarvolym ÅRKV TEST 370VV | 370 L KÄRL/14 DGR 2-DELAT PAPPER OCH PLAST | ÅRKV | Kärl 370 L kärl test papper plast | ANTB
TEST 370VV;PLAST,PAPPER|LITER|KÄRL;4;PLAST,PAPPER;;LITER;KÄRL;;;RULE:Taxa_från_edp:215;370 L KÄRL/14 DGR 2-DELAT PAPPER OCH PLAST Okänd Plast Behållarvolym KVAN TEST 370VV | 370 L KÄRL/14 DGR 2-DELAT PAPPER OCH PLAST | KVAN | Kärl 370 L kärl test viktavgift papper plast | VIKG
;PLAST|KG|VERKSAMHET;3;PLAST;;KG;;;VERKSAMHET;RULE:Taxepunkter:264;Plast ÅVC/verksamhetsavfall Plast §6.1.2 | §6.1.2 | Plast |  | kr/kg |  |  |  |  |  |  | 
KÄ190PL13;PLAST|LITER|KÄRL;3;PLAST;;LITER;KÄRL;;;STANDARD:Standard Avfall:352;Kärl 190 L, plastförpackningar. Var 4:e vecka ÅRKV ANTB
KÄ190PL26;PLAST|LITER|KÄRL;3;PLAST;;LITER;KÄRL;;;STANDARD:Standard Avfall:351;Kärl 190 L, plastförpackningar. Var 14:e dag ÅRKV ANTB
KÄ190PL52;PLAST|LITER|KÄRL;3;PLAST;;LITER;KÄRL;;;STANDARD:Standard Avfall:350;Kärl 190 L, plastförpackningar. Varje vecka ÅRKV ANTB
KÄ190PLBUD;PLAST|LITER|KÄRL;3;PLAST;;LITER;KÄRL;;;STANDARD:Standard Avfall:353;Kärl 190 L, plastförpackningar. Budning KVAN ANTL
KÄ370PL13;PLAST|LITER|KÄRL;3;PLAST;;LITER;KÄRL;;;STANDARD:Standard Avfall:382;Kärl 370 L, plastförpackningar. Var 4:e vecka ÅRKV ANTB
KÄ370PL26;PLAST|LITER|KÄRL;3;PLAST;;LITER;KÄRL;;;STANDARD:Standard Avfall:381;Kärl 370 L, plastförpackningar. Var 14:e dag ÅRKV ANTB
KÄ370PL52;PLAST|LITER|KÄRL;3;PLAST;;LITER;KÄRL;;;STANDARD:Standard Avfall:380;Kärl 370 L, plastförpackningar. Varje vecka ÅRKV ANTB
KÄ370PLBUD;PLAST|LITER|KÄRL;3;PLAST;;LITER;KÄRL;;;STANDARD:Standard Avfall:383;Kärl 370 L, plastförpackningar. Budning KVAN ANTL
KÄ660PL13;PLAST|LITER|KÄRL;3;PLAST;;LITER;KÄRL;;;STANDARD:Standard Avfall:412;Kärl 660 L, plastförpackningar. Var 4:e vecka ÅRKV ANTB
KÄ660PL26;PLAST|LITER|KÄRL;3;PLAST;;LITER;KÄRL;;;STANDARD:Standard Avfall:411;Kärl 660 L, plastförpackningar. Var 14:e dag ÅRKV ANTB
KÄ660PL52;PLAST|LITER|KÄRL;3;PLAST;;LITER;KÄRL;;;STANDARD:Standard Avfall:410;Kärl 660 L, plastförpackningar. Varje vecka ÅRKV ANTB
KÄ660PLBUD;PLAST|LITER|KÄRL;3;PLAST;;LITER;KÄRL;;;STANDARD:Standard Avfall:413;Kärl 660 L, plastförpackningar. Budning KVAN ANTL
KÄ190PL104;PLAST|LITER|KÄRL|2 GGR;4;PLAST;;LITER;KÄRL;2 GGR;;STANDARD:Standard Avfall:349;Kärl 190 L, plastförpackningar. 2ggr/ vecka ÅRKV ANTB
KÄ370PL104;PLAST|LITER|KÄRL|2 GGR;4;PLAST;;LITER;KÄRL;2 GGR;;STANDARD:Standard Avfall:379;Kärl 370 L, plastförpackningar. 2ggr/ vecka ÅRKV ANTB
KÄ660PL104;PLAST|LITER|KÄRL|2 GGR;4;PLAST;;LITER;KÄRL;2 GGR;;STANDARD:Standard Avfall:409;Kärl 660 L, plastförpackningar. 2ggr/ vecka ÅRKV ANTB
FPLSÄCK240;PLAST|LITER|SÄCK;3;PLAST;;LITER;SÄCK;;;STANDARD:Standard Avfall:293;Försäljning plastsäck, 240 L KVAN ANTL
FPLSÄCK350;PLAST|LITER|SÄCK;3;PLAST;;LITER;SÄCK;;;STANDARD:Standard Avfall:294;Försäljning plastsäck, 350 L KVAN ANTL
MB2600PL;PLAST|M3;2;PLAST;;M3;;;;RULE:Taxa_från_edp:149;Tömning Markbehållare 2,6 m³, plastförpackning. Tjänsttaxa Okänd ÅRKV MB2600PL | Tömning Markbehållare 2,6 m³, plastförpackning. Tjänsttaxa | ÅRKV | Tömning Markbehållare 2,6 m³, plastförpackning. | 0
MB2600PLTÖM;PLAST|M3;2;PLAST;;M3;;;;RULE:Taxa_från_edp:150;Tömning Markbehållare 2,6 m³, plastförpackning. Okänd KVAN MB2600PLTÖM | Tömning Markbehållare 2,6 m³, plastförpackning. | KVAN | Tömning Markbehållare 2,6 m³, plastförpackning. | ANTL
;REST;1;;REST;;;;;RULE:Taxepunkter:145;Hushåll Restavfall §2.4.9 Budning av mat- och restavfall | §2.4.9 Budning av mat- och restavfall |  |  |  |  |  |  |  |  |  | 
;REST;1;;REST;;;;;RULE:Taxepunkter:65;Bottentömmande behållare (mat-/restavfall, förpackningar) Hushåll Restavfall §2.2.4 | §2.2.4 | Bottentömmande behållare (mat-/restavfall, förpackningar) | Avgift per tömning | st/tömning |  |  |  |  |  |  | 
;REST;1;;REST;;;;;RULE:Taxepunkter:66;Bottentömmande behållare (mat-/restavfall, förpackningar) Hushåll Restavfall §2.2.4 | §2.2.4 | Bottentömmande behållare (mat-/restavfall, förpackningar) | Tillägg för två tömningar per vecka | st/tömning |  |  |  |  |  |  | 
;REST;1;;REST;;;;;RULE:Taxepunkter:81;Bottentömmande behållare (mat-/restavfall) Hushåll Restavfall §2.2.5 | §2.2.5 | Bottentömmande behållare (mat-/restavfall) | Avgift per tömning | st/tömning |  |  |  |  |  |  | 
;REST;1;;REST;;;;;RULE:Taxepunkter:82;Lastväxlarflak (restavfall) Hushåll Restavfall §2.2.5 | §2.2.5 | Lastväxlarflak (restavfall) | Avgift per tömning | st/tömning |  |  |  |  |  |  | 
;REST;1;;REST;;;;;RULE:Taxepunkter:83;Bottentömmande behållare (mat-/restavfall) Hushåll Restavfall §2.2.5 | §2.2.5 | Bottentömmande behållare (mat-/restavfall) | Tillägg för två tömningar per vecka | st/tömning |  |  |  |  |  |  | 
;REST;1;;REST;;;;;RULE:Taxepunkter:97;Bottentömmande behållare (mat-/restavfall) Hushåll Restavfall §2.2.6 | §2.2.6 | Bottentömmande behållare (mat-/restavfall) | Avgift per tömning | st/tömning |  |  |  |  |  |  | 
;REST;1;;REST;;;;;RULE:Taxepunkter:98;Lastväxlarflak (restavfall) Hushåll Restavfall §2.2.6 | §2.2.6 | Lastväxlarflak (restavfall) | Avgift per tömning | st/tömning |  |  |  |  |  |  | 
;REST;1;;REST;;;;;RULE:Taxepunkter:99;Bottentömmande behållare (mat-/restavfall) Hushåll Restavfall §2.2.6 | §2.2.6 | Bottentömmande behållare (mat-/restavfall) | Tillägg för två tömningar per vecka | st/tömning |  |  |  |  |  |  | 
BEHREST;REST;1;;REST;;;;;RULE:Taxa_från_edp:25;Behandlingsavgift Restavfall Okänd Restavfall KVAN BEHREST | Behandlingsavgift Restavfall | KVAN | Behandlingsavgift Restavfall | VITO
GEMUPPFRI;REST;1;;REST;;;;;RULE:Taxepunkter:31;Gemensam uppsamlingsplats för mat-/restavfall Hushåll Restavfall §2.2.3 | §2.2.3 | Gemensam uppsamlingsplats för mat-/restavfall |  | st/år | GEMUPPFRI | GEMUPPFRI |  |  |  |  | 
NYRES;REST;1;;REST;;;;;STANDARD:Standard Avfall:309;Dummytaxa, ny tjänst via ändringsorder Restavfall ÅRKV 0
VIKTRE;REST;1;;REST;;;;;RULE:Taxa_från_edp:271;Vikt, restavfall Okänd Restavfall KVAN VIKTRE | Vikt, restavfall | KVAN | Vikt, restavfall | VIKG
KÄ140MA26FV_old;REST,MAT|KG,LITER|KÄRL;5;;REST,MAT;KG,LITER;KÄRL;;;RULE:Taxa_från_edp:107;Kärl 140 L, matavfall. Var 14:e dag. FLB/VHT Okänd Matavfall Behållarvolym KVAN KÄ140MA26FV_old | Kärl 140 L, matavfall. Var 14:e dag. FLB/VHT | KVAN | Viktavgift restavfall kr/kg | 0
KÄ240RM26;REST,MAT|KG|KÄRL,FACK;5;;REST,MAT;KG;KÄRL,FACK;;;RULE:Taxa_från_edp:118;Tvåfackskärl , rest/matavfall. Okänd Matavfall KVAN KÄ240RM26 | Tvåfackskärl , rest/matavfall. | KVAN | Viktavgift restavfall kr/kg | 0
CONT12_6FREBUD;REST|CONTAINER,FACK;3;;REST;;CONTAINER,FACK;;;RULE:Taxa_från_edp:40;Container 12m3 6-fack Restavfall Okänd Restavfall ÅRKV CONT12_6FREBUD | Container 12m3 6-fack Restavfall | ÅRKV | Container 12m3 6-fack | ANTB
GEMLIPFRI;REST|FRITIDSHUS;2;;REST;;;;FRITIDSHUS;RULE:Taxa_från_edp:60;Gemensam uppsamlingsplats (LIP), fritidshus Okänd ÅRKV GEMLIPFRI | Gemensam uppsamlingsplats (LIP), fritidshus | ÅRKV | LIP, mat- och restavfall | FAST
VIKTREST;REST|KG;2;;REST;KG;;;;RULE:Taxepunkter:107;Viktavgift restavfall Hushåll Restavfall KVAN §2.3.1 | §2.3.1 | Viktavgift restavfall |  | kr/kg | VIKTREST |  | KVAN |  |  |  | 
;REST|KG,LITER|KÄRL;4;;REST;KG,LITER;KÄRL;;;RULE:Taxepunkter:114;Delat kärl 240 l restavfall Hushåll Restavfall Behållarvolym VOLYM/BEHÅLLARE 240 §2.4.2 | §2.4.2 | Delat kärl 240 l restavfall | Över 40 kg | kr/kg |  |  |  |  |  |  | 
;REST|KG,LITER|KÄRL;4;;REST;KG,LITER;KÄRL;;;RULE:Taxepunkter:118;Kärl 370 l restavfall Hushåll Restavfall Behållarvolym VOLYM/BEHÅLLARE 370 §2.4.2 | §2.4.2 | Kärl 370 l restavfall | Över 60 kg | kr/kg |  |  |  |  |  |  | 
;REST|KG,LITER|KÄRL;4;;REST;KG,LITER;KÄRL;;;RULE:Taxepunkter:119;Kärl 660 l restavfall Hushåll Restavfall Behållarvolym VOLYM/BEHÅLLARE 660 §2.4.2 | §2.4.2 | Kärl 660 l restavfall | Över 100 kg | kr/kg |  |  |  |  |  |  | 
KÄ370RE26FV;REST|KG,LITER|KÄRL;4;;REST;KG,LITER;KÄRL;;;RULE:Taxa_från_edp:124;Kärl 370 L, rest. FLB/VHT Okänd Behållarvolym KVAN KÄ370RE26FV | Kärl 370 L, rest. FLB/VHT | KVAN | Viktavgift restavfall kr/kg | VIKG,MAX60
KÄ370RE26FV;REST|KG,LITER|KÄRL;4;;REST;KG,LITER;KÄRL;;;RULE:Taxa_från_edp:125;Kärl 370 L, rest. FLB/VHT Okänd Behållarvolym KVAN KÄ370RE26FV | Kärl 370 L, rest. FLB/VHT | KVAN | Avgift över 60 kg, restavfall | VIKG-60,MIN0
KÄ660RE26FV;REST|KG,LITER|KÄRL;4;;REST;KG,LITER;KÄRL;;;RULE:Taxa_från_edp:127;Kärl 660 L, rest. FLB/VHT Okänd Behållarvolym KVAN KÄ660RE26FV | Kärl 660 L, rest. FLB/VHT | KVAN | Viktavgift restavfall kr/kg | VIKG,MAX60
KÄ660RE26FV;REST|KG,LITER|KÄRL;4;;REST;KG,LITER;KÄRL;;;RULE:Taxa_från_edp:128;Kärl 660 L, rest. FLB/VHT Okänd Behållarvolym KVAN KÄ660RE26FV | Kärl 660 L, rest. FLB/VHT | KVAN | Avgift över 60 kg, restavfall | VIKG-60,MIN0
KÄ240RK26;REST|KG|KÄRL,FACK;4;;REST;KG;KÄRL,FACK;;;RULE:Taxa_från_edp:116;Tvåfackskärl, rest/kompost. Okänd KVAN KÄ240RK26 | Tvåfackskärl, rest/kompost. | KVAN | Viktavgift restavfall kr/kg | VIKG
KÄ240RM26FV;REST|KG|KÄRL,FACK;4;;REST;KG;KÄRL,FACK;;;RULE:Taxa_från_edp:121;Tvåfackskärl, rest/mat FLB/VHT Okänd KVAN KÄ240RM26FV | Tvåfackskärl, rest/mat FLB/VHT | KVAN | Viktavgift restavfall kr/kg | 0
VIKTREST;REST|KG|KÄRL,FACK;4;;REST;KG;KÄRL,FACK;;;RULE:Taxa_från_edp:273;Tvåfackskärl, viktavgift rest Okänd KVAN VIKTREST | Tvåfackskärl, viktavgift rest | KVAN | Vikt över 60 kg, restavfall | VIKG-60,MIN0
KÄ240RK26;REST|KÄRL,FACK;3;;REST;;KÄRL,FACK;;;RULE:Taxa_från_edp:115;Tvåfackskärl, rest/kompost. Okänd ÅRKV KÄ240RK26 | Tvåfackskärl, rest/kompost. | ÅRKV | Kärl 240L , restavfall/kompost | ANTB
VIKTREST;REST|KÄRL,FACK;3;;REST;;KÄRL,FACK;;;RULE:Taxa_från_edp:272;Tvåfackskärl, viktavgift rest Okänd KVAN VIKTREST | Tvåfackskärl, viktavgift rest | KVAN | Viktavgift restavfall | VIKG,MAX60
;REST|LITER,HÄMTNING|KÄRL;4;;REST;LITER,HÄMTNING;KÄRL;;;RULE:Taxepunkter:21;Kärl 240 l (mat-/restavfall) Hushåll Restavfall Behållarvolym VOLYM/BEHÅLLARE 240 §2.2.1 | §2.2.1 | Kärl 240 l (mat-/restavfall) | Hämtning månadsvis | st/år |  |  |  |  |  |  | 
;REST|LITER,HÄMTNING|KÄRL;4;;REST;LITER,HÄMTNING;KÄRL;;;RULE:Taxepunkter:27;Kärl 240 l (mat-/restavfall) Hushåll Restavfall Behållarvolym VOLYM/BEHÅLLARE 240 §2.2.2 | §2.2.2 | Kärl 240 l (mat-/restavfall) | Hämtning månadsvis | st/år |  |  |  |  |  |  | 
;REST|LITER,HÄMTNING|KÄRL;4;;REST;LITER,HÄMTNING;KÄRL;;;RULE:Taxepunkter:38;Kärl 240 l (mat-/restavfall) Hushåll Restavfall Behållarvolym VOLYM/BEHÅLLARE 240 §2.2.4 | §2.2.4 | Kärl 240 l (mat-/restavfall) | Hämtning varje vecka | st/år |  |  |  |  |  |  | 
;REST|LITER,HÄMTNING|KÄRL;4;;REST;LITER,HÄMTNING;KÄRL;;;RULE:Taxepunkter:40;Kärl 240 l (mat-/restavfall) Hushåll Restavfall Behållarvolym VOLYM/BEHÅLLARE 240 §2.2.4 | §2.2.4 | Kärl 240 l (mat-/restavfall) | Hämtning månadsvis | st/år |  |  |  |  |  |  | 
;REST|LITER,HÄMTNING|KÄRL;4;;REST;LITER,HÄMTNING;KÄRL;;;RULE:Taxepunkter:41;Kärl 370 l (restavfall) Hushåll Restavfall Behållarvolym VOLYM/BEHÅLLARE 370 §2.2.4 | §2.2.4 | Kärl 370 l (restavfall) | Hämtning varje vecka | st/år |  |  |  |  |  |  | 
;REST|LITER,HÄMTNING|KÄRL;4;;REST;LITER,HÄMTNING;KÄRL;;;RULE:Taxepunkter:43;Kärl 370 l (restavfall) Hushåll Restavfall Behållarvolym VOLYM/BEHÅLLARE 370 §2.2.4 | §2.2.4 | Kärl 370 l (restavfall) | Hämtning månadsvis | st/år |  |  |  |  |  |  | 
;REST|LITER,HÄMTNING|KÄRL;4;;REST;LITER,HÄMTNING;KÄRL;;;RULE:Taxepunkter:44;Kärl 660 l (restavfall) Hushåll Restavfall Behållarvolym VOLYM/BEHÅLLARE 660 §2.2.4 | §2.2.4 | Kärl 660 l (restavfall) | Hämtning varje vecka | st/år |  |  |  |  |  |  | 
;REST|LITER,HÄMTNING|KÄRL;4;;REST;LITER,HÄMTNING;KÄRL;;;RULE:Taxepunkter:46;Kärl 660 l (restavfall) Hushåll Restavfall Behållarvolym VOLYM/BEHÅLLARE 660 §2.2.4 | §2.2.4 | Kärl 660 l (restavfall) | Hämtning månadsvis | st/år |  |  |  |  |  |  | 
;REST|LITER,HÄMTNING|KÄRL;4;;REST;LITER,HÄMTNING;KÄRL;;;RULE:Taxepunkter:69;Kärl 240 l (mat-/restavfall) Hushåll Restavfall Behållarvolym VOLYM/BEHÅLLARE 240 §2.2.5 | §2.2.5 | Kärl 240 l (mat-/restavfall) | Hämtning varje vecka | st/år |  |  |  |  |  |  | 
;REST|LITER,HÄMTNING|KÄRL;4;;REST;LITER,HÄMTNING;KÄRL;;;RULE:Taxepunkter:71;Kärl 240 l (mat-/restavfall) Hushåll Restavfall Behållarvolym VOLYM/BEHÅLLARE 240 §2.2.5 | §2.2.5 | Kärl 240 l (mat-/restavfall) | Hämtning månadsvis | st/år |  |  |  |  |  |  | 
;REST|LITER,HÄMTNING|KÄRL;4;;REST;LITER,HÄMTNING;KÄRL;;;RULE:Taxepunkter:72;Kärl 370 l (restavfall) Hushåll Restavfall Behållarvolym VOLYM/BEHÅLLARE 370 §2.2.5 | §2.2.5 | Kärl 370 l (restavfall) | Hämtning varje vecka | st/år |  |  |  |  |  |  | 
;REST|LITER,HÄMTNING|KÄRL;4;;REST;LITER,HÄMTNING;KÄRL;;;RULE:Taxepunkter:74;Kärl 370 l (restavfall) Hushåll Restavfall Behållarvolym VOLYM/BEHÅLLARE 370 §2.2.5 | §2.2.5 | Kärl 370 l (restavfall) | Hämtning månadsvis | st/år |  |  |  |  |  |  | 
;REST|LITER,HÄMTNING|KÄRL;4;;REST;LITER,HÄMTNING;KÄRL;;;RULE:Taxepunkter:75;Kärl 660 l (restavfall) Hushåll Restavfall Behållarvolym VOLYM/BEHÅLLARE 660 §2.2.5 | §2.2.5 | Kärl 660 l (restavfall) | Hämtning varje vecka | st/år |  |  |  |  |  |  | 
;REST|LITER,HÄMTNING|KÄRL;4;;REST;LITER,HÄMTNING;KÄRL;;;RULE:Taxepunkter:77;Kärl 660 l (restavfall) Hushåll Restavfall Behållarvolym VOLYM/BEHÅLLARE 660 §2.2.5 | §2.2.5 | Kärl 660 l (restavfall) | Hämtning månadsvis | st/år |  |  |  |  |  |  | 
;REST|LITER,HÄMTNING|KÄRL;4;;REST;LITER,HÄMTNING;KÄRL;;;RULE:Taxepunkter:85;Kärl 240 l (mat-/restavfall) Hushåll Restavfall Behållarvolym VOLYM/BEHÅLLARE 240 §2.2.6 | §2.2.6 | Kärl 240 l (mat-/restavfall) | Hämtning varje vecka | st/år |  |  |  |  |  |  | 
;REST|LITER,HÄMTNING|KÄRL;4;;REST;LITER,HÄMTNING;KÄRL;;;RULE:Taxepunkter:86;Kärl 240 l (mat-/restavfall) Hushåll Restavfall Behållarvolym VOLYM/BEHÅLLARE 240 §2.2.6 | §2.2.6 | Kärl 240 l (mat-/restavfall) | Hämtning var 14:e dag | st/år |  |  |  |  |  |  | 
;REST|LITER,HÄMTNING|KÄRL;4;;REST;LITER,HÄMTNING;KÄRL;;;RULE:Taxepunkter:87;Kärl 240 l (mat-/restavfall) Hushåll Restavfall Behållarvolym VOLYM/BEHÅLLARE 240 §2.2.6 | §2.2.6 | Kärl 240 l (mat-/restavfall) | Hämtning månadsvis | st/år |  |  |  |  |  |  | 
;REST|LITER,HÄMTNING|KÄRL;4;;REST;LITER,HÄMTNING;KÄRL;;;RULE:Taxepunkter:88;Kärl 370 l (restavfall) Hushåll Restavfall Behållarvolym VOLYM/BEHÅLLARE 370 §2.2.6 | §2.2.6 | Kärl 370 l (restavfall) | Hämtning varje vecka | st/år |  |  |  |  |  |  | 
;REST|LITER,HÄMTNING|KÄRL;4;;REST;LITER,HÄMTNING;KÄRL;;;RULE:Taxepunkter:89;Kärl 370 l (restavfall) Hushåll Restavfall Behållarvolym VOLYM/BEHÅLLARE 370 §2.2.6 | §2.2.6 | Kärl 370 l (restavfall) | Hämtning var 14:e dag | st/år |  |  |  |  |  |  | 
;REST|LITER,HÄMTNING|KÄRL;4;;REST;LITER,HÄMTNING;KÄRL;;;RULE:Taxepunkter:90;Kärl 370 l (restavfall) Hushåll Restavfall Behållarvolym VOLYM/BEHÅLLARE 370 §2.2.6 | §2.2.6 | Kärl 370 l (restavfall) | Hämtning månadsvis | st/år |  |  |  |  |  |  | 
;REST|LITER,HÄMTNING|KÄRL;4;;REST;LITER,HÄMTNING;KÄRL;;;RULE:Taxepunkter:91;Kärl 660 l (restavfall) Hushåll Restavfall Behållarvolym VOLYM/BEHÅLLARE 660 §2.2.6 | §2.2.6 | Kärl 660 l (restavfall) | Hämtning varje vecka | st/år |  |  |  |  |  |  | 
;REST|LITER,HÄMTNING|KÄRL;4;;REST;LITER,HÄMTNING;KÄRL;;;RULE:Taxepunkter:92;Kärl 660 l (restavfall) Hushåll Restavfall Behållarvolym VOLYM/BEHÅLLARE 660 §2.2.6 | §2.2.6 | Kärl 660 l (restavfall) | Hämtning var 14:e dag | st/år |  |  |  |  |  |  | 
;REST|LITER,HÄMTNING|KÄRL;4;;REST;LITER,HÄMTNING;KÄRL;;;RULE:Taxepunkter:93;Kärl 660 l (restavfall) Hushåll Restavfall Behållarvolym VOLYM/BEHÅLLARE 660 §2.2.6 | §2.2.6 | Kärl 660 l (restavfall) | Hämtning månadsvis | st/år |  |  |  |  |  |  | 
KÄ240RM26;REST|LITER,HÄMTNING|KÄRL;4;;REST;LITER,HÄMTNING;KÄRL;;;RULE:Taxepunkter:20;Kärl 240 l (mat-/restavfall) Hushåll Restavfall Behållarvolym ÅRKV 240 §2.2.1 | §2.2.1 | Kärl 240 l (mat-/restavfall) | Hämtning var 14:e dag | st/år | KÄ240RM26 | KÄ240RM26 | ÅRKV |  |  |  | 
KÄ240RM26;REST|LITER,HÄMTNING|KÄRL;4;;REST;LITER,HÄMTNING;KÄRL;;;RULE:Taxepunkter:26;Kärl 240 l (mat-/restavfall) Hushåll Restavfall Behållarvolym ÅRKV 240 §2.2.2 | §2.2.2 | Kärl 240 l (mat-/restavfall) | Hämtning var 14:e dag | st/år | KÄ240RM26 | KÄ240RM26 | ÅRKV |  |  |  | 
KÄ240RM26FV;REST|LITER,HÄMTNING|KÄRL;4;;REST;LITER,HÄMTNING;KÄRL;;;RULE:Taxepunkter:39;Kärl 240 l (mat-/restavfall) Hushåll Restavfall Behållarvolym ÅRKV 240 §2.2.4 | §2.2.4 | Kärl 240 l (mat-/restavfall) | Hämtning var 14:e dag | st/år | KÄ240RM26FV | KÄ240RM26FV | ÅRKV |  |  |  | 
KÄ240RM26FV;REST|LITER,HÄMTNING|KÄRL;4;;REST;LITER,HÄMTNING;KÄRL;;;RULE:Taxepunkter:70;Kärl 240 l (mat-/restavfall) Hushåll Restavfall Behållarvolym ÅRKV 240 §2.2.5 | §2.2.5 | Kärl 240 l (mat-/restavfall) | Hämtning var 14:e dag | st/år | KÄ240RM26FV | KÄ240RM26FV | ÅRKV |  |  |  | 
KÄ370RE26FV;REST|LITER,HÄMTNING|KÄRL;4;;REST;LITER,HÄMTNING;KÄRL;;;RULE:Taxepunkter:42;Kärl 370 l (restavfall) Hushåll Restavfall Behållarvolym ÅRKV 370 §2.2.4 | §2.2.4 | Kärl 370 l (restavfall) | Hämtning var 14:e dag | st/år | KÄ370RE26FV | KÄ370RE26FV | ÅRKV |  |  |  | 
KÄ370RE26FV;REST|LITER,HÄMTNING|KÄRL;4;;REST;LITER,HÄMTNING;KÄRL;;;RULE:Taxepunkter:73;Kärl 370 l (restavfall) Hushåll Restavfall Behållarvolym ÅRKV 370 §2.2.5 | §2.2.5 | Kärl 370 l (restavfall) | Hämtning var 14:e dag | st/år | KÄ370RE26FV | KÄ370RE26FV | ÅRKV |  |  |  | 
KÄ660RE26FV;REST|LITER,HÄMTNING|KÄRL;4;;REST;LITER,HÄMTNING;KÄRL;;;RULE:Taxepunkter:45;Kärl 660 l (restavfall) Hushåll Restavfall Behållarvolym ÅRKV 660 §2.2.4 | §2.2.4 | Kärl 660 l (restavfall) | Hämtning var 14:e dag | st/år | KÄ660RE26FV | KÄ660RE26FV | ÅRKV |  |  |  | 
KÄ660RE26FV;REST|LITER,HÄMTNING|KÄRL;4;;REST;LITER,HÄMTNING;KÄRL;;;RULE:Taxepunkter:76;Kärl 660 l (restavfall) Hushåll Restavfall Behållarvolym ÅRKV 660 §2.2.5 | §2.2.5 | Kärl 660 l (restavfall) | Hämtning var 14:e dag | st/år | KÄ660RE26FV | KÄ660RE26FV | ÅRKV |  |  |  | 
;REST|LITER|KÄRL;3;;REST;LITER;KÄRL;;;RULE:Taxepunkter:141;Kärl 190 l restavfall Hushåll Restavfall Behållarvolym VOLYM/BEHÅLLARE 190 §2.4.8 | §2.4.8 | Kärl 190 l restavfall |  | st/period |  |  |  |  |  |  | 
;REST|LITER|KÄRL;3;;REST;LITER;KÄRL;;;RULE:Taxepunkter:142;Kärl 370 l restavfall Hushåll Restavfall Behållarvolym VOLYM/BEHÅLLARE 370 §2.4.8 | §2.4.8 | Kärl 370 l restavfall |  | st/period |  |  |  |  |  |  | 
;REST|LITER|KÄRL;3;;REST;LITER;KÄRL;;;RULE:Taxepunkter:143;Kärl 660 l restavfall Hushåll Restavfall Behållarvolym VOLYM/BEHÅLLARE 660 §2.4.8 | §2.4.8 | Kärl 660 l restavfall |  | st/period |  |  |  |  |  |  | 
EVEKÄ190RE;REST|LITER|KÄRL;3;;REST;LITER;KÄRL;;;RULE:Taxa_från_edp:45;Evenemangskärl 190 L, restavfall Okänd Restavfall Behållarvolym KVAN EVEKÄ190RE | Evenemangskärl 190 L, restavfall | KVAN | Evenemangskärl 190 L, restavfall | ANTL
EVEKÄ660RE;REST|LITER|KÄRL;3;;REST;LITER;KÄRL;;;RULE:Taxa_från_edp:46;Evenemangskärl 660 L, restavfall Okänd Restavfall Behållarvolym KVAN EVEKÄ660RE | Evenemangskärl 660 L, restavfall | KVAN | Evenemangskärl 660 L, restavfall | ANTL
KÄ140RE11S;REST|LITER|KÄRL;3;;REST;LITER;KÄRL;;;STANDARD:Standard Avfall:32;Kärl 140 L, restavfall. Var 14:e dag säsong ÅRKV ANTB
KÄ140RE13;REST|LITER|KÄRL;3;;REST;LITER;KÄRL;;;STANDARD:Standard Avfall:29;Kärl 140 L, restavfall. Var 4:e vecka ÅRKV ANTB
KÄ140RE22S;REST|LITER|KÄRL;3;;REST;LITER;KÄRL;;;STANDARD:Standard Avfall:31;Kärl 140 L, restavfall. Varje vecka säsong ÅRKV ANTB
KÄ140RE26;REST|LITER|KÄRL;3;;REST;LITER;KÄRL;;;STANDARD:Standard Avfall:28;Kärl 140 L, restavfall. Var 14:e dag ÅRKV ANTB
KÄ140RE26F;REST|LITER|KÄRL;3;;REST;LITER;KÄRL;;;STANDARD:Standard Avfall:15;Kärl 140 L, restavfall. Var 14:e dag. Flerbostadshus ÅRKV ANTB
KÄ140RE26H;REST|LITER|KÄRL;3;;REST;LITER;KÄRL;;;STANDARD:Standard Avfall:19;Kärl 140 L, restavfall. Var 14:e dag. Hemkomposterare ÅRKV ANTB
KÄ140RE52;REST|LITER|KÄRL;3;;REST;LITER;KÄRL;;;STANDARD:Standard Avfall:27;Kärl 140 L, restavfall. Varje vecka ÅRKV ANTB
KÄ140RE6S;REST|LITER|KÄRL;3;;REST;LITER;KÄRL;;;STANDARD:Standard Avfall:33;Kärl 140 L, restavfall. Var 4:e vecka säsong ÅRKV ANTB
KÄ190RE11S;REST|LITER|KÄRL;3;;REST;LITER;KÄRL;;;STANDARD:Standard Avfall:42;Kärl 190 L, restavfall. Var 14:e dag säsong ÅRKV ANTB
KÄ190RE13;REST|LITER|KÄRL;3;;REST;LITER;KÄRL;;;STANDARD:Standard Avfall:39;Kärl 190 L, restavfall. Var 4:e vecka ÅRKV ANTB
KÄ190RE22S;REST|LITER|KÄRL;3;;REST;LITER;KÄRL;;;STANDARD:Standard Avfall:41;Kärl 190 L, restavfall. Varje vecka säsong ÅRKV ANTB
KÄ190RE26;REST|LITER|KÄRL;3;;REST;LITER;KÄRL;;;STANDARD:Standard Avfall:38;Kärl 190 L, restavfall. Var 14:e dag ÅRKV ANTB
KÄ190RE52;REST|LITER|KÄRL;3;;REST;LITER;KÄRL;;;STANDARD:Standard Avfall:37;Kärl 190 L, restavfall. Varje vecka ÅRKV ANTB
KÄ190RE6S;REST|LITER|KÄRL;3;;REST;LITER;KÄRL;;;STANDARD:Standard Avfall:43;Kärl 190 L, restavfall. Var 4:e vecka säsong ÅRKV ANTB
KÄ240RE11S;REST|LITER|KÄRL;3;;REST;LITER;KÄRL;;;STANDARD:Standard Avfall:52;Kärl 240 L, restavfall. Var 14:e dag säsong ÅRKV ANTB
KÄ240RE13;REST|LITER|KÄRL;3;;REST;LITER;KÄRL;;;STANDARD:Standard Avfall:49;Kärl 240 L, restavfall. Var 4:e vecka ÅRKV ANTB
KÄ240RE22S;REST|LITER|KÄRL;3;;REST;LITER;KÄRL;;;STANDARD:Standard Avfall:51;Kärl 240 L, restavfall. Varje vecka säsong ÅRKV ANTB
KÄ240RE26;REST|LITER|KÄRL;3;;REST;LITER;KÄRL;;;STANDARD:Standard Avfall:48;Kärl 240 L, restavfall. Var 14:e dag ÅRKV ANTB
KÄ240RE52;REST|LITER|KÄRL;3;;REST;LITER;KÄRL;;;STANDARD:Standard Avfall:47;Kärl 240 L, restavfall. Varje vecka ÅRKV ANTB
KÄ240RE6S;REST|LITER|KÄRL;3;;REST;LITER;KÄRL;;;STANDARD:Standard Avfall:53;Kärl 240 L, restavfall. Var 4:e vecka säsong ÅRKV ANTB
KÄ370RE11S;REST|LITER|KÄRL;3;;REST;LITER;KÄRL;;;STANDARD:Standard Avfall:62;Kärl 370 L, restavfall. Var 14:e dag säsong ÅRKV ANTB
KÄ370RE13;REST|LITER|KÄRL;3;;REST;LITER;KÄRL;;;STANDARD:Standard Avfall:59;Kärl 370 L, restavfall. Var 4:e vecka ÅRKV ANTB
KÄ370RE22S;REST|LITER|KÄRL;3;;REST;LITER;KÄRL;;;STANDARD:Standard Avfall:61;Kärl 370 L, restavfall. Varje vecka säsong ÅRKV ANTB
KÄ370RE26;REST|LITER|KÄRL;3;;REST;LITER;KÄRL;;;STANDARD:Standard Avfall:58;Kärl 370 L, restavfall. Var 14:e dag ÅRKV ANTB
KÄ370RE52;REST|LITER|KÄRL;3;;REST;LITER;KÄRL;;;STANDARD:Standard Avfall:57;Kärl 370 L, restavfall. Varje vecka ÅRKV ANTB
KÄ370RE6S;REST|LITER|KÄRL;3;;REST;LITER;KÄRL;;;STANDARD:Standard Avfall:63;Kärl 370 L, restavfall. Var 4:e vecka säsong ÅRKV ANTB
KÄ660RE026;REST|LITER|KÄRL;3;;REST;LITER;KÄRL;;;STANDARD:Standard Avfall:68;Kärl 660 L, restavfall. Var 14:e dag ÅRKV ANTB
KÄ660RE11S;REST|LITER|KÄRL;3;;REST;LITER;KÄRL;;;STANDARD:Standard Avfall:72;Kärl 660 L, restavfall. Var 14:e dag säsong ÅRKV ANTB
KÄ660RE13;REST|LITER|KÄRL;3;;REST;LITER;KÄRL;;;STANDARD:Standard Avfall:69;Kärl 660 L, restavfall. Var 4:e vecka ÅRKV ANTB
KÄ660RE13D2;REST|LITER|KÄRL;3;;REST;LITER;KÄRL;;;STANDARD:Standard Avfall:9;Kärl 660 L, restavfall. Var 4:e vecka. 2 hh ÅRKV ANTB
KÄ660RE22S;REST|LITER|KÄRL;3;;REST;LITER;KÄRL;;;STANDARD:Standard Avfall:71;Kärl 660 L, restavfall. Varje vecka säsong ÅRKV ANTB
KÄ660RE52;REST|LITER|KÄRL;3;;REST;LITER;KÄRL;;;STANDARD:Standard Avfall:67;Kärl 660 L, restavfall. Varje vecka ÅRKV ANTB
KÄ660RE6S;REST|LITER|KÄRL;3;;REST;LITER;KÄRL;;;STANDARD:Standard Avfall:73;Kärl 660 L, restavfall. Var 4:e vecka säsong ÅRKV ANTB
KÄREBUD;REST|LITER|KÄRL;3;;REST;LITER;KÄRL;;;STANDARD:Standard Avfall:74;Kärl 140-660 L, restavfall. Budning KVAN ANTL
KÄ140RE104;REST|LITER|KÄRL|2 GGR;4;;REST;LITER;KÄRL;2 GGR;;STANDARD:Standard Avfall:26;Kärl 140 L, restavfall. 2ggr/ vecka ÅRKV ANTB
KÄ140RE44S;REST|LITER|KÄRL|2 GGR;4;;REST;LITER;KÄRL;2 GGR;;STANDARD:Standard Avfall:30;Kärl 140 L, restavfall. 2ggr/ vecka säsong ÅRKV ANTB
KÄ190RE104;REST|LITER|KÄRL|2 GGR;4;;REST;LITER;KÄRL;2 GGR;;STANDARD:Standard Avfall:36;Kärl 190 L, restavfall. 2ggr/ vecka ÅRKV ANTB
KÄ190RE44S;REST|LITER|KÄRL|2 GGR;4;;REST;LITER;KÄRL;2 GGR;;STANDARD:Standard Avfall:40;Kärl 190 L, restavfall. 2ggr/ vecka säsong ÅRKV ANTB
KÄ240RE104;REST|LITER|KÄRL|2 GGR;4;;REST;LITER;KÄRL;2 GGR;;STANDARD:Standard Avfall:46;Kärl 240 L, restavfall. 2ggr/ vecka ÅRKV ANTB
KÄ240RE44S;REST|LITER|KÄRL|2 GGR;4;;REST;LITER;KÄRL;2 GGR;;STANDARD:Standard Avfall:50;Kärl 240 L, restavfall. 2ggr/ vecka säsong ÅRKV ANTB
KÄ370RE104;REST|LITER|KÄRL|2 GGR;4;;REST;LITER;KÄRL;2 GGR;;STANDARD:Standard Avfall:56;Kärl 370 L, restavfall. 2ggr/ vecka ÅRKV ANTB
KÄ370RE44S;REST|LITER|KÄRL|2 GGR;4;;REST;LITER;KÄRL;2 GGR;;STANDARD:Standard Avfall:60;Kärl 370 L, restavfall. 2ggr/ vecka säsong ÅRKV ANTB
KÄ660RE104;REST|LITER|KÄRL|2 GGR;4;;REST;LITER;KÄRL;2 GGR;;STANDARD:Standard Avfall:66;Kärl 660 L, restavfall. 2ggr/ vecka ÅRKV ANTB
KÄ660RE44S;REST|LITER|KÄRL|2 GGR;4;;REST;LITER;KÄRL;2 GGR;;STANDARD:Standard Avfall:70;Kärl 660 L, restavfall. 2ggr/vecka säsong ÅRKV ANTB
KÄ660RE44SD4;REST|LITER|KÄRL|2 GGR;4;;REST;LITER;KÄRL;2 GGR;;STANDARD:Standard Avfall:11;Kärl 660 L, restavfall. 2ggr/vecka säsong. 4 hh ÅRKV ANTB
KÄ140RE156;REST|LITER|KÄRL|3 GGR;4;;REST;LITER;KÄRL;3 GGR;;STANDARD:Standard Avfall:22;Kärl 140 L, restavfall. 3ggr/ vecka ÅRKV ANTB
KÄ190RE156;REST|LITER|KÄRL|3 GGR;4;;REST;LITER;KÄRL;3 GGR;;STANDARD:Standard Avfall:35;Kärl 190 L, restavfall. 3ggr/ vecka ÅRKV ANTB
KÄ240RE156;REST|LITER|KÄRL|3 GGR;4;;REST;LITER;KÄRL;3 GGR;;STANDARD:Standard Avfall:45;Kärl 240 L, restavfall. 3ggr/ vecka ÅRKV ANTB
KÄ370RE156;REST|LITER|KÄRL|3 GGR;4;;REST;LITER;KÄRL;3 GGR;;STANDARD:Standard Avfall:55;Kärl 370 L, restavfall. 3ggr/ vecka ÅRKV ANTB
KÄ660RE156;REST|LITER|KÄRL|3 GGR;4;;REST;LITER;KÄRL;3 GGR;;STANDARD:Standard Avfall:65;Kärl 660 L, restavfall. 3ggr/ vecka ÅRKV ANTB
KÄ140RE26V;REST|LITER|KÄRL|VERKSAMHET;4;;REST;LITER;KÄRL;;VERKSAMHET;STANDARD:Standard Avfall:13;Kärl 140 L, restavfall. Var 14:e dag. Verksamheter ÅRKV ANTB
KÄ660RE52FV;REST|LITER|KÄRL|VERKSAMHET;4;;REST;LITER;KÄRL;;VERKSAMHET;STANDARD:Standard Avfall:17;Kärl 660 L, restavfall. Varje vecka. Flerb.hus/Verksamheter ÅRKV ANTB
;REST|LÄGENHET;2;;REST;;;;LÄGENHET;RULE:Taxepunkter:67;Gemensam uppsamlingsplats för mat-/restavfall, förpackningar Hushåll Restavfall §2.2.4 | §2.2.4 | Gemensam uppsamlingsplats för mat-/restavfall, förpackningar | Avgift per lägenhet | lägenhet/år |  |  |  |  |  |  | 
MB1300RE13;REST|M3;2;;REST;M3;;;;STANDARD:Standard Avfall:214;Markbehållare 1,3 m³, restavfall. Var 4:e vecka ÅRKV ANTB
MB1300RE26;REST|M3;2;;REST;M3;;;;STANDARD:Standard Avfall:213;Markbehållare 1,3 m³, restavfall. Var 14:e dag ÅRKV ANTB
MB1300RE52;REST|M3;2;;REST;M3;;;;STANDARD:Standard Avfall:212;Markbehållare 1,3 m³, restavfall. Varje vecka ÅRKV ANTB
MB1300REBUD;REST|M3;2;;REST;M3;;;;STANDARD:Standard Avfall:215;Markbehållare 1,3 m³, restavfall. Budning KVAN ANTL
MB2200RE13;REST|M3;2;;REST;M3;;;;STANDARD:Standard Avfall:220;Markbehållare 2,2 m³, restavfall. Var 4:e vecka ÅRKV ANTB
MB2200RE26;REST|M3;2;;REST;M3;;;;STANDARD:Standard Avfall:219;Markbehållare 2,2 m³, restavfall. Var 14:e dag ÅRKV ANTB
MB2200RE52;REST|M3;2;;REST;M3;;;;STANDARD:Standard Avfall:218;Markbehållare 2,2 m³, restavfall. Varje vecka ÅRKV ANTB
MB2200REBUD;REST|M3;2;;REST;M3;;;;STANDARD:Standard Avfall:221;Markbehållare 2,2 m³, restavfall. Budning KVAN ANTL
MB2600RE;REST|M3;2;;REST;M3;;;;RULE:Taxa_från_edp:151;Tömning Markbehållare 2,6 m³, restavfall. Tjänsttaxa Okänd Restavfall ÅRKV MB2600RE | Tömning Markbehållare 2,6 m³, restavfall. Tjänsttaxa | ÅRKV | Tömning Markbehållare 2,6 m³, restavfall. | 0
MB2600RETÖM;REST|M3;2;;REST;M3;;;;RULE:Taxa_från_edp:152;Tömning Markbehållare 2,6 m³, restavfall. Okänd Restavfall KVAN MB2600RETÖM | Tömning Markbehållare 2,6 m³, restavfall. | KVAN | Tömning Markbehållare 2,6 m³, restavfall. | ANTL
MB5000RE13;REST|M3;2;;REST;M3;;;;STANDARD:Standard Avfall:226;Markbehållare 5 m³, restavfall. Var 4:e vecka ÅRKV ANTB
MB5000RE26;REST|M3;2;;REST;M3;;;;STANDARD:Standard Avfall:225;Markbehållare 5 m³, restavfall. Var 14:e dag ÅRKV ANTB
MB5000RE52;REST|M3;2;;REST;M3;;;;STANDARD:Standard Avfall:224;Markbehållare 5 m³, restavfall. Varje vecka ÅRKV ANTB
MB5000REBUD;REST|M3;2;;REST;M3;;;;STANDARD:Standard Avfall:227;Markbehållare 5 m³, restavfall. Budning KVAN ANTL
MB1300RE104;REST|M3|2 GGR;3;;REST;M3;;2 GGR;;STANDARD:Standard Avfall:211;Markbehållare 1,3 m³, restavfall. 2ggr/ vecka ÅRKV ANTB
MB2200RE104;REST|M3|2 GGR;3;;REST;M3;;2 GGR;;STANDARD:Standard Avfall:217;Markbehållare 2,2 m³, restavfall. 2ggr/ vecka ÅRKV ANTB
MB5000RE104;REST|M3|2 GGR;3;;REST;M3;;2 GGR;;STANDARD:Standard Avfall:223;Markbehållare 5 m³, restavfall. 2ggr/ vecka ÅRKV ANTB
;SMÅHUS;1;;;;;;SMÅHUS;RULE:Dokumentation_Taxepunkter:24;Taxerad | A:E innehåller uppdelade fält | A:E ej sammanslaget, vit bakgrund | Används för faktiska taxepunkter | §2.1 | Grundavgift | En- och tvåbostadshus | st/år | Ja
;SMÅHUS;1;;;;;;SMÅHUS;RULE:Taxepunkter:19;Hushåll §2.2.1 Hämtningsavgift per år för en- och tvåbostadshus | §2.2.1 Hämtningsavgift per år för en- och tvåbostadshus |  |  |  |  |  |  |  |  |  | 
FASTSMÅ;SMÅHUS;1;;;;;;SMÅHUS;STANDARD:Standard Avfall:3;Fast grundavgift, småhus ÅRKV FAST
GRUNDPER;SMÅHUS;1;;;;;;SMÅHUS;RULE:Taxepunkter:9;En- och tvåbostadshus Hushåll ÅRPR §2.1 | §2.1 | En- och tvåbostadshus |  | st/år | GRUNDPER | GRUNDPER | ÅRPR |  |  |  | 
;STEN;1;STEN;;;;;;RULE:Dokumentation_Taxepunkter:4;C | Taxapunkt | Manuell | Word | Anges utifrån raden/tjänsten i Word. | Ja
;STEN|M3|VERKSAMHET;3;STEN;;M3;;;VERKSAMHET;RULE:Taxepunkter:275;Sten ÅVC/verksamhetsavfall Volym VOLM §6.1.2 | §6.1.2 | Sten |  | kr/m3 |  |  |  |  |  |  | 
;STUBBAR/RÖTTER|KG|VERKSAMHET;3;STUBBAR/RÖTTER;;KG;;;VERKSAMHET;RULE:Taxepunkter:276;Stubbar rötter för krossning ÅVC/verksamhetsavfall §6.1.2 | §6.1.2 | Stubbar rötter för krossning |  | kr/kg |  |  |  |  |  |  | 
;SÄCK;1;;;;SÄCK;;;RULE:Taxepunkter:149;Hushåll §2.4.10 Betalsäck och akutsäck | §2.4.10 Betalsäck och akutsäck |  |  |  |  |  |  |  |  |  | 
AKUTSÄCK;SÄCK;1;;;;SÄCK;;;RULE:Taxa_från_edp:6;Avgift för akutsäck Okänd KVAN AKUTSÄCK | Avgift för akutsäck | KVAN | Avgift för akutsäck | ANTL
AKUTSÄCK;SÄCK;1;;;;SÄCK;;;RULE:Taxepunkter:151;Akutsäck Hushåll KVAN §2.4.10 | §2.4.10 | Akutsäck |  | st/säck | AKUTSÄCK | AKUTSÄCK | KVAN |  |  |  | 
BETALSÄCK;SÄCK;1;;;;SÄCK;;;RULE:Taxa_från_edp:28;Betalsäck, pris per säck Okänd KVAN BETALSÄCK | Betalsäck, pris per säck | KVAN | Betalsäck, pris per säck | ANTL
BETALSÄCK;SÄCK;1;;;;SÄCK;;;RULE:Taxepunkter:150;Betalsäck Hushåll KVAN §2.4.10 | §2.4.10 | Betalsäck |  | st/säck | BETALSÄCK | BETALSÄCK | KVAN |  |  |  | 
FSÄMB;SÄCK;1;;;;SÄCK;;;STANDARD:Standard Avfall:295;Försäljning säck, markbehållare. Pris per st KVAN ANTL
FSÄMB52;SÄCK;1;;;;SÄCK;;;STANDARD:Standard Avfall:296;Försäljning säck, markbehållare. Varje vecka KVAN ANTL
VIKTTI;TIDNING;1;;TIDNING;;;;;RULE:Taxa_från_edp:274;Vikt, tidningar Okänd KVAN VIKTTI | Vikt, tidningar | KVAN | Vikt, tidningar | VIKG
KÄ190TI13;TIDNING|LITER|KÄRL;3;;TIDNING;LITER;KÄRL;;;STANDARD:Standard Avfall:334;Kärl 190 L, tidningar. Var 4:e vecka ÅRKV ANTB
KÄ190TI26;TIDNING|LITER|KÄRL;3;;TIDNING;LITER;KÄRL;;;STANDARD:Standard Avfall:333;Kärl 190 L, tidningar. Var 14:e dag ÅRKV ANTB
KÄ190TI52;TIDNING|LITER|KÄRL;3;;TIDNING;LITER;KÄRL;;;STANDARD:Standard Avfall:332;Kärl 190 L, tidningar. Varje vecka ÅRKV ANTB
KÄ190TIBUD;TIDNING|LITER|KÄRL;3;;TIDNING;LITER;KÄRL;;;STANDARD:Standard Avfall:335;Kärl 190 L, tidningar. Budning KVAN ANTB
KÄ370TI13;TIDNING|LITER|KÄRL;3;;TIDNING;LITER;KÄRL;;;STANDARD:Standard Avfall:364;Kärl 370 L, tidningar. Var 4:e vecka ÅRKV ANTB
KÄ370TI26;TIDNING|LITER|KÄRL;3;;TIDNING;LITER;KÄRL;;;STANDARD:Standard Avfall:363;Kärl 370 L, tidningar. Var 14:e dag ÅRKV ANTB
KÄ370TI52;TIDNING|LITER|KÄRL;3;;TIDNING;LITER;KÄRL;;;STANDARD:Standard Avfall:362;Kärl 370 L, tidningar. Varje vecka ÅRKV ANTB
KÄ370TIBUD;TIDNING|LITER|KÄRL;3;;TIDNING;LITER;KÄRL;;;STANDARD:Standard Avfall:365;Kärl 370 L, tidningar. Budning KVAN ANTL
KÄ660TI13;TIDNING|LITER|KÄRL;3;;TIDNING;LITER;KÄRL;;;STANDARD:Standard Avfall:394;Kärl 660 L, tidningar. Var 4:e vecka ÅRKV ANTB
KÄ660TI26;TIDNING|LITER|KÄRL;3;;TIDNING;LITER;KÄRL;;;STANDARD:Standard Avfall:393;Kärl 660 L, tidningar. Var 14:e dag ÅRKV ANTB
KÄ660TI52;TIDNING|LITER|KÄRL;3;;TIDNING;LITER;KÄRL;;;STANDARD:Standard Avfall:392;Kärl 660 L, tidningar. Varje vecka ÅRKV ANTB
KÄ660TIBUD;TIDNING|LITER|KÄRL;3;;TIDNING;LITER;KÄRL;;;STANDARD:Standard Avfall:395;Kärl 660 L, tidningar. Budning KVAN ANTL
KÄ190TI104;TIDNING|LITER|KÄRL|2 GGR;4;;TIDNING;LITER;KÄRL;2 GGR;;STANDARD:Standard Avfall:331;Kärl 190 L, tidningar. 2ggr/ vecka ÅRKV ANTB
KÄ370TI104;TIDNING|LITER|KÄRL|2 GGR;4;;TIDNING;LITER;KÄRL;2 GGR;;STANDARD:Standard Avfall:361;Kärl 370 L, tidningar. 2ggr/ vecka ÅRKV ANTB
KÄ660TI104;TIDNING|LITER|KÄRL|2 GGR;4;;TIDNING;LITER;KÄRL;2 GGR;;STANDARD:Standard Avfall:391;Kärl 660 L, tidningar. 2ggr/ vecka ÅRKV ANTB
MB1400TI;TIDNING|M3;2;;TIDNING;M3;;;;RULE:Taxa_från_edp:144;Tömning Markbehållare 1.4 m³, tidningar. Tjänsttaxa Okänd ÅRKV MB1400TI | Tömning Markbehållare 1.4 m³, tidningar. Tjänsttaxa | ÅRKV | Tömning Markbehållare 1.4 m³, tidningar. | 0
MB1400TITÖM;TIDNING|M3;2;;TIDNING;M3;;;;RULE:Taxa_från_edp:145;Tömning Markbehållare 1.4 m³, tidningar. Okänd KVAN MB1400TITÖM | Tömning Markbehållare 1.4 m³, tidningar. | KVAN | Tömning Markbehållare 1.4 m³, tidningar. | ANTL
;TRÄ;1;TRÄ;;;;;;RULE:Taxa_Saknas:1;Källparagraf | Källpunkt | Rad i Taxepunkter | Wordtext | Status | Matchmetod | FöreslagenTaxekod | intRecnum | Taxepunkt | strTaxekod | strTaxebenamning | strProdukt | strDelProdukt | bytDelradnr | strFaktor | strTaxedelAvser | strEntreprenorkod | strRenhDistrKod | curNuvarandePris | datNuvarandePrisDatum | bolPrisPerTomning | strAvvikandeFormel | bolPriserInklMoms | bytMomskod | strFormel
;TRÄ;1;TRÄ;;;;;;RULE:Taxa_till_edp:1;intRecnum | strTaxekod | strTaxebenamning | strProdukt | strDelProdukt | bytDelradnr | strFaktor | strTaxedelAvser | strEntreprenorkod | strRenhDistrKod | curNuvarandePris | datNuvarandePrisDatum | bolPrisPerTomning | strAvvikandeFormel | bolPriserInklMoms | bytMomskod | strFormel
;TRÄ;1;TRÄ;;;;;;RULE:Taxepunkter:156;Extra nyckel till gravitationslås Hushåll Styck ST §2.4.11 | §2.4.11 | Extra nyckel till gravitationslås |  | st |  |  |  |  |  |  | 
;TRÄ;1;TRÄ;;;;;;RULE:Taxepunkter:223;Dragning av extra slang vid 5-25 m Slam Tillfälle TILLFÄLLE §5.2.1 | §5.2.1 | Dragning av extra slang vid 5-25 m |  | kr/tillfälle |  |  |  |  |  |  | 
;TRÄ;1;TRÄ;;;;;;RULE:Taxepunkter:224;Dragning av extra slang vid 25-35 m Slam Tillfälle TILLFÄLLE §5.2.1 | §5.2.1 | Dragning av extra slang vid 25-35 m |  | kr/tillfälle |  |  |  |  |  |  | 
;TRÄ;1;TRÄ;;;;;;RULE:Taxepunkter:225;Dragning av extra slang vid 36-45 m Slam Tillfälle TILLFÄLLE §5.2.1 | §5.2.1 | Dragning av extra slang vid 36-45 m |  | kr/tillfälle |  |  |  |  |  |  | 
;TRÄ;1;TRÄ;;;;;;RULE:Taxepunkter:226;Dragning av extra slang vid 46-55 m Slam Tillfälle TILLFÄLLE §5.2.1 | §5.2.1 | Dragning av extra slang vid 46-55 m |  | kr/tillfälle |  |  |  |  |  |  | 
;TRÄ;1;TRÄ;;;;;;RULE:Taxepunkter:33;Extra digital licens (årskostnad) Hushåll §2.2.3 | §2.2.3 | Extra digital licens (årskostnad) |  | st/år |  |  |  |  |  |  | 
AKUT;TRÄ;1;TRÄ;;;;;;RULE:Taxa_från_edp:5;EXTRAAVGIFT AKUT SLAMTÖMNING Slam Slam KVAN AKUT | EXTRAAVGIFT AKUT SLAMTÖMNING | KVAN | Extraavg akut slamtömning | ANTL
EXTRA;TRÄ;1;TRÄ;;;;;;RULE:Taxa_från_edp:48;Efteranmälan slamtömning Slam Slam KVAN EXTRA | Efteranmälan slamtömning | KVAN | Förseningsavgift efteranmälan | ANTL
SLAM3D;TRÄ;1;TRÄ;;;;;;RULE:Taxa_från_edp:188;Slam3 dummy Okänd KVAN SLAM3D | Slam3 dummy | KVAN | Extra slang > 5 m | SLNG
SLAM6D;TRÄ;1;TRÄ;;;;;;RULE:Taxa_från_edp:191;Slam6 dummy Okänd KVAN SLAM6D | Slam6 dummy | KVAN | Extra slang > 5 m | SLNG
SLAMD;TRÄ;1;TRÄ;;;;;;RULE:Taxa_från_edp:193;Slam dummy Slam Slam KVAN SLAMD | Slam dummy | KVAN | Extra slang > 5 m | SLNG
TBL;TRÄ;1;TRÄ;;;;;;STANDARD:Standard Avfall:442;Transport/ tömning baklastarbil KVAN ANTL
TBOM;TRÄ;1;TRÄ;;;;;;STANDARD:Standard Avfall:432;Transport, bomkörning KVAN ANTL
TFB;TRÄ;1;TRÄ;;;;;;STANDARD:Standard Avfall:441;Transport/ tömning flakbil KVAN ANTL
TFL;TRÄ;1;TRÄ;;;;;;STANDARD:Standard Avfall:440;Transport/ tömning frontlastarbil KVAN ANTL
TLD;TRÄ;1;TRÄ;;;;;;STANDARD:Standard Avfall:443;Transport/ tömning liftdumperbil KVAN ANTL
TLEVERANS;TRÄ;1;TRÄ;;;;;;STANDARD:Standard Avfall:433;Transport, leveranskostnad KVAN ANTL
TLV;TRÄ;1;TRÄ;;;;;;STANDARD:Standard Avfall:444;Transport/ tömning lastväxlarbil KVAN ANTL
TSBTIM;TRÄ;1;TRÄ;;;;;;STANDARD:Standard Avfall:439;Transport/ tömning sopbil, timtid KVAN ANTL
VAK2;TRÄ;1;TRÄ;;;;;;RULE:Taxa_från_edp:251;VA MER ÄN 200 kvm Okänd ÅRKV VAK2 | VA MER ÄN 200 kvm | ÅRKV | Extra avgift per 100kvm över 200kvm | KVM
TRÄBEHANDL;TRÄ,PLAST;2;TRÄ,PLAST;;;;;;RULE:Taxa_från_edp:221;Träavfall- behandlat utan tapet, plastmatta, tjärpapp Okänd KVAN TRÄBEHANDL | Träavfall- behandlat utan tapet, plastmatta, tjärpapp | KVAN | Träavfall- behandlat | VITO
TRÄRENT;TRÄ,PLAST;2;TRÄ,PLAST;;;;;;RULE:Taxa_från_edp:223;Träavfall- rent utan tapet, plastmatta, tjärpapp Okänd KVAN TRÄRENT | Träavfall- rent utan tapet, plastmatta, tjärpapp | KVAN | Träavfall- rent | VITO
;TRÄ,PLAST|KG|VERKSAMHET;4;TRÄ,PLAST;;KG;;;VERKSAMHET;RULE:Taxepunkter:256;Träavfall – obehandlat, utan tapet, plastmatta, tjärpapp ÅVC/verksamhetsavfall §6.1.2 | §6.1.2 | Träavfall – obehandlat, utan tapet, plastmatta, tjärpapp | 170201 | kr/kg |  |  |  |  |  |  | 
;TRÄ,PLAST|KG|VERKSAMHET;4;TRÄ,PLAST;;KG;;;VERKSAMHET;RULE:Taxepunkter:257;Träavfall – behandlat, utan tapet, plastmatta, tjärpapp ÅVC/verksamhetsavfall §6.1.2 | §6.1.2 | Träavfall – behandlat, utan tapet, plastmatta, tjärpapp | 170201 | kr/kg |  |  |  |  |  |  | 
TCOTIM;TRÄ|CONTAINER;2;TRÄ;;;CONTAINER;;;STANDARD:Standard Avfall:438;Transport/tömning container, timtid KVAN ANTL
TINTAGCO;TRÄ|CONTAINER;2;TRÄ;;;CONTAINER;;;STANDARD:Standard Avfall:437;Transport, intagskostnad container KVAN ANTL
TUTSTÄLLCO;TRÄ|CONTAINER;2;TRÄ;;;CONTAINER;;;STANDARD:Standard Avfall:436;Transport, utställningskostnad container KVAN ANTL
VAUMC;TRÄ|FRITIDSHUS,CAMPING;3;TRÄ;;;;;FRITIDSHUS,CAMPING;RULE:Taxa_från_edp:259;VA FRITIDSHUS CAMPING Okänd ÅRKV VAUMC | VA FRITIDSHUS CAMPING | ÅRKV | Extra för varje stuga | STUG
;TRÄ|HÄMTNING;2;TRÄ;;HÄMTNING;;;;RULE:Taxepunkter:17;Administrativ avgift vid beviljad dispens om uppehåll i hämtning eller eget omhändertagande av avfall under kommunalt ansvar Hushåll §2.1 | §2.1 | Administrativ avgift vid beviljad dispens om uppehåll i hämtning eller eget omhändertagande av avfall under kommunalt ansvar |  | st/år |  |  |  |  |  |  | 
KÄLAEXTORD;TRÄ|HÄMTNING|KÄRL;3;TRÄ;;HÄMTNING;KÄRL;;;STANDARD:Standard Avfall:208;Kärl, latrin. Extrakärl, ordinarie hämtning KVAN ANTL
;TRÄ|KG;2;TRÄ;;KG;;;;RULE:Taxepunkter:204;Filtermassor upp till 500 kg Tilläggstjänst Tillfälle TILLFÄLLE §4.1.1 | §4.1.1 | Filtermassor upp till 500 kg | Tillägg för transport och behandlingskostnad | kr/tillfälle |  |  |  |  |  |  | 
;TRÄ|KG;2;TRÄ;;KG;;;;RULE:Taxepunkter:205;Filtermassor 500-1000 kg Tilläggstjänst Tillfälle TILLFÄLLE §4.1.1 | §4.1.1 | Filtermassor 500-1000 kg | Tillägg för transport och behandlingskostnad | kr/tillfälle |  |  |  |  |  |  | 
;TRÄ|KG;2;TRÄ;;KG;;;;RULE:Taxepunkter:233;Avgift om tömning ej kan utföras pga hinder, bristande transportväg, betonglock, lock tyngre än 25 kg eller vägran Slam Tillfälle TILLFÄLLE §5.2.1 | §5.2.1 | Avgift om tömning ej kan utföras pga hinder, bristande transportväg, betonglock, lock tyngre än 25 kg eller vägran |  | kr/tillfälle |  |  |  |  |  |  | 
;TRÄ|KG|VERKSAMHET;3;TRÄ;;KG;;;VERKSAMHET;RULE:Taxepunkter:183;Avgift om tömning ej kan utföras pga. hinder, bristande transportväg, betonglock, lock tyngre än 25 kg eller vägran Flerbostad/verksamhet Tillfälle TILLFÄLLE §3.2.1 | §3.2.1 | Avgift om tömning ej kan utföras pga. hinder, bristande transportväg, betonglock, lock tyngre än 25 kg eller vägran |  | kr/tillfälle |  |  |  |  |  |  | 
;TRÄ|KG|VERKSAMHET;3;TRÄ;;KG;;;VERKSAMHET;RULE:Taxepunkter:258;Tryckimpregnerat trä (inkl pall) ÅVC/verksamhetsavfall Tryckimpregnerat trä §6.1.2 | §6.1.2 | Tryckimpregnerat trä (inkl pall) | 170204* | kr/kg |  |  |  |  |  |  | 
;TRÄ|KG|VERKSAMHET;3;TRÄ;;KG;;;VERKSAMHET;RULE:Taxepunkter:292;Transformator, kondensator med PCB Verksamhetsavfall §6.1.3 | §6.1.3 | Transformator, kondensator med PCB | 160209* | Kr/Kg |  |  |  |  |  |  | 
;TRÄ|KÄRL;2;TRÄ;;;KÄRL;;;RULE:Taxepunkter:123;Hushåll §2.4.4 Byte av trasigt kärl | §2.4.4 Byte av trasigt kärl |  |  |  |  |  |  |  |  |  | 
;TRÄ|KÄRL;2;TRÄ;;;KÄRL;;;RULE:Taxepunkter:124;Byte av trasigt kärl vid oaktsamhet Hushåll §2.4.4 | §2.4.4 | Byte av trasigt kärl vid oaktsamhet |  | st/kärl |  |  |  |  |  |  | 
;TRÄ|KÄRL;2;TRÄ;;;KÄRL;;;RULE:Taxepunkter:125;Byte av trasigt kärl vid tömning Hushåll §2.4.4 | §2.4.4 | Byte av trasigt kärl vid tömning |  | st/kärl |  |  |  |  |  |  | 
ORTRASIGTKÄRL;TRÄ|KÄRL;2;TRÄ;;;KÄRL;;;RULE:Taxa_från_edp:167;Orderrad för trasigt kärl, byta/laga Okänd KVAN ORTRASIGTKÄRL | Orderrad för trasigt kärl, byta/laga | KVAN | Orderrad för trasigt kärl, byta/laga | 0
TINTAGKÄ;TRÄ|KÄRL;2;TRÄ;;;KÄRL;;;STANDARD:Standard Avfall:435;Transport, intagskostnad kärl KVAN ANTL
TUTSTÄLLKÄ;TRÄ|KÄRL;2;TRÄ;;;KÄRL;;;STANDARD:Standard Avfall:434;Transport, utställningskostnad kärl KVAN ANTL
KÄEXTORD;TRÄ|KÄRL,SÄCK;3;TRÄ;;;KÄRL,SÄCK;;;STANDARD:Standard Avfall:301;Tömning extra kärl/säck, ordinarie tur KVAN ANTB
L;TRÄ|LITER;2;TRÄ;;LITER;;;;RULE:Taxa_från_edp:133;EXTRA SLANG > 5 M Okänd KVAN L | EXTRA SLANG > 5 M | KVAN | Extra slang > 5 m | ANTL
;TRÄ|M3;2;TRÄ;;M3;;;;RULE:Taxepunkter:215;Upp till 3 m3 Slam Volym VOLM §5.1.1 | §5.1.1 | Upp till 3 m3 | Tömning, transport och behandling av fettavskiljare/tank enligt anmält tömningsintervall | kr/tillfälle |  |  |  |  |  |  | 
;TRÄ|M3;2;TRÄ;;M3;;;;RULE:Taxepunkter:216;Mellan 3 m3 och 6 m3 Slam Volym VOLM §5.1.1 | §5.1.1 | Mellan 3 m3 och 6 m3 | Tömning, transport och behandling av fettavskiljare/tank enligt anmält tömningsintervall | kr/tillfälle |  |  |  |  |  |  | 
;TRÄ|M3;2;TRÄ;;M3;;;;RULE:Taxepunkter:217;Över 6 m3 Slam Volym VOLM §5.1.1 | §5.1.1 | Över 6 m3 | Tömning, transport och behandling av fettavskiljare/tank enligt anmält tömningsintervall | kr/tillfälle |  |  |  |  |  |  | 
;TRÄ|M3;2;TRÄ;;M3;;;;RULE:Taxepunkter:218;Upp till 3 m3 Slam Volym VOLM §5.1.1 | §5.1.1 | Upp till 3 m3 | Tillägg för transport och behandlingskostnad | kr/tillfälle |  |  |  |  |  |  | 
;TRÄ|M3;2;TRÄ;;M3;;;;RULE:Taxepunkter:219;Mellan 3 m3 och 6 m3 Slam Volym VOLM §5.1.1 | §5.1.1 | Mellan 3 m3 och 6 m3 | Tillägg för transport och behandlingskostnad | kr/tillfälle |  |  |  |  |  |  | 
;TRÄ|M3;2;TRÄ;;M3;;;;RULE:Taxepunkter:220;Över 6 m3 Slam Volym VOLM §5.1.1 | §5.1.1 | Över 6 m3 | Tillägg för transport och behandlingskostnad | kr/tillfälle |  |  |  |  |  |  | 
;TRÄ|M3;2;TRÄ;;M3;;;;RULE:Taxepunkter:234;Tömning av extra tank i samband med ordinarie/budad tömning upp till 5 m3 Slam Volym VOLM §5.2.1 | §5.2.1 | Tömning av extra tank i samband med ordinarie/budad tömning upp till 5 m3 |  | kr/tillfälle |  |  |  |  |  |  | 
;TRÄ|M3|VERKSAMHET;3;TRÄ;;M3;;;VERKSAMHET;RULE:Taxepunkter:184;Tömning av extra tank/brunn i samband med ordinarie/budad tömning upp till 5 m3 Flerbostad/verksamhet Volym VOLM §3.2.1 | §3.2.1 | Tömning av extra tank/brunn i samband med ordinarie/budad tömning upp till 5 m3 |  | kr/tillfälle |  |  |  |  |  |  | 
;TRÄ|MAT|KG,LITER|KÄRL;5;TRÄ;MAT;KG,LITER;KÄRL;;;RULE:Taxepunkter:116;Extra kärl 140 l matavfall Hushåll Matavfall Behållarvolym VOLYM/BEHÅLLARE 140 §2.4.2 | §2.4.2 | Extra kärl 140 l matavfall | Över 60 kg | kr/kg |  |  |  |  |  |  | 
KÄ140MAEXTRA;TRÄ|MAT|KG,LITER|KÄRL;5;TRÄ;MAT;KG,LITER;KÄRL;;;RULE:Taxa_från_edp:110;Kärlavgift för extra kärl 140 L, matavfall. Var 14:e dag Okänd Matavfall Behållarvolym KVAN KÄ140MAEXTRA | Kärlavgift för extra kärl 140 L, matavfall. Var 14:e dag | KVAN | Viktavgift matavfall kr/kg | VIKG,MAX60
KÄ140MAEXTRA;TRÄ|MAT|KG,LITER|KÄRL;5;TRÄ;MAT;KG,LITER;KÄRL;;;RULE:Taxa_från_edp:111;Kärlavgift för extra kärl 140 L, matavfall. Var 14:e dag Okänd Matavfall Behållarvolym KVAN KÄ140MAEXTRA | Kärlavgift för extra kärl 140 L, matavfall. Var 14:e dag | KVAN | Vikt över 60 kg, matavfall | VIKG-60,MIN0
KÄ140MAEXTRA;TRÄ|MAT|LITER|KÄRL;4;TRÄ;MAT;LITER;KÄRL;;;RULE:Taxa_från_edp:109;Kärlavgift för extra kärl 140 L, matavfall. Var 14:e dag Okänd Matavfall Behållarvolym ÅRKV KÄ140MAEXTRA | Kärlavgift för extra kärl 140 L, matavfall. Var 14:e dag | ÅRKV | Extra kärl 140 L, matavfall | ANTB
;TRÄ|REST|KG,LITER|KÄRL;5;TRÄ;REST;KG,LITER;KÄRL;;;RULE:Taxepunkter:117;Extra kärl 140-190 l restavfall Hushåll Restavfall Behållarvolym VOLYM/BEHÅLLARE 190 §2.4.2 | §2.4.2 | Extra kärl 140-190 l restavfall | Över 60 kg | kr/kg |  |  |  |  |  |  | 
KÄ140REEXTRA;TRÄ|REST|KG,LITER|KÄRL;5;TRÄ;REST;KG,LITER;KÄRL;;;RULE:Taxa_från_edp:113;Kärlavgift för extra kärl 140 L, restavfall. Var 14:e dag Okänd Restavfall Behållarvolym KVAN KÄ140REEXTRA | Kärlavgift för extra kärl 140 L, restavfall. Var 14:e dag | KVAN | Viktavgift restavfall kr/kg | VIKG,MAX60
KÄ140REEXTRA;TRÄ|REST|KG,LITER|KÄRL;5;TRÄ;REST;KG,LITER;KÄRL;;;RULE:Taxa_från_edp:114;Kärlavgift för extra kärl 140 L, restavfall. Var 14:e dag Okänd Restavfall Behållarvolym KVAN KÄ140REEXTRA | Kärlavgift för extra kärl 140 L, restavfall. Var 14:e dag | KVAN | Vikt över 60 kg, restavfall | VIKG-60,MIN0
;TRÄ|REST|LITER,HÄMTNING|KÄRL;5;TRÄ;REST;LITER,HÄMTNING;KÄRL;;;RULE:Taxepunkter:23;Extrakärl 190 l (restavfall) Hushåll Restavfall Behållarvolym VOLYM/BEHÅLLARE 190 §2.2.1 | §2.2.1 | Extrakärl 190 l (restavfall) | Hämtning månadsvis | st/år |  |  |  |  |  |  | 
KÄ190XRM26;TRÄ|REST|LITER,HÄMTNING|KÄRL;5;TRÄ;REST;LITER,HÄMTNING;KÄRL;;;RULE:Taxepunkter:22;Extrakärl 190 l (restavfall) Hushåll Restavfall Behållarvolym VOLYM/BEHÅLLARE 190 §2.2.1 | §2.2.1 | Extrakärl 190 l (restavfall) | Hämtning var 14:e dag | st/år | KÄ190XRM26 | KÄ190XRM26 |  |  |  |  | 
KÄ190XRM26FRI;TRÄ|REST|LITER,HÄMTNING|KÄRL;5;TRÄ;REST;LITER,HÄMTNING;KÄRL;;;RULE:Taxepunkter:28;Extrakärl 190 l (restavfall) Hushåll Restavfall Behållarvolym VOLYM/BEHÅLLARE 190 §2.2.2 | §2.2.2 | Extrakärl 190 l (restavfall) | Hämtning var 14:e dag | st/år | KÄ190XRM26FRI | KÄ190XRM26FRI |  |  |  |  | 
KÄ140REEXTRA;TRÄ|REST|LITER|KÄRL;4;TRÄ;REST;LITER;KÄRL;;;RULE:Taxa_från_edp:112;Kärlavgift för extra kärl 140 L, restavfall. Var 14:e dag Okänd Restavfall Behållarvolym ÅRKV KÄ140REEXTRA | Kärlavgift för extra kärl 140 L, restavfall. Var 14:e dag | ÅRKV | Extra kärl 140 L, restavfall | ANTB
TRÄDGÅRDBUD;TRÄ|TRÄDGÅRDSAVFALL;2;TRÄ;TRÄDGÅRDSAVFALL;;;;;RULE:Taxa_från_edp:222;Budning av trädgårdsavfall, pris per tillfälle Okänd Tillfälle KVAN TRÄDGÅRDBUD | Budning av trädgårdsavfall, pris per tillfälle | KVAN | Budning av trädgårdsavfall, pris per tillfälle | ANTL
;TRÄ|VERKSAMHET;2;TRÄ;;;;;VERKSAMHET;RULE:Taxepunkter:174;Dragning av extra slang vid 5-25 m Flerbostad/verksamhet Tillfälle TILLFÄLLE §3.2.1 | §3.2.1 | Dragning av extra slang vid 5-25 m |  | kr/tillfälle |  |  |  |  |  |  | 
;TRÄ|VERKSAMHET;2;TRÄ;;;;;VERKSAMHET;RULE:Taxepunkter:175;Dragning av extra slang vid 25-35 m Flerbostad/verksamhet Tillfälle TILLFÄLLE §3.2.1 | §3.2.1 | Dragning av extra slang vid 25-35 m |  | kr/tillfälle |  |  |  |  |  |  | 
;TRÄ|VERKSAMHET;2;TRÄ;;;;;VERKSAMHET;RULE:Taxepunkter:176;Dragning av extra slang vid 36-45 m Flerbostad/verksamhet Tillfälle TILLFÄLLE §3.2.1 | §3.2.1 | Dragning av extra slang vid 36-45 m |  | kr/tillfälle |  |  |  |  |  |  | 
;TRÄ|VERKSAMHET;2;TRÄ;;;;;VERKSAMHET;RULE:Taxepunkter:177;Dragning av extra slang vid 46-55 m Flerbostad/verksamhet Tillfälle TILLFÄLLE §3.2.1 | §3.2.1 | Dragning av extra slang vid 46-55 m |  | kr/tillfälle |  |  |  |  |  |  | 
;TRÄ|VERKSAMHET;2;TRÄ;;;;;VERKSAMHET;RULE:Taxepunkter:243;ÅVC/verksamhetsavfall §6 Avfall inlämnat på återvinningscentral | §6 Avfall inlämnat på återvinningscentral |  |  |  |  |  |  |  |  |  | 
;TRÄ|VERKSAMHET;2;TRÄ;;;;;VERKSAMHET;RULE:Taxepunkter:252;ÅVC/verksamhetsavfall §6.1.2 Hanteringsavgifter för avfall inlämnat på återvinningscentral | §6.1.2 Hanteringsavgifter för avfall inlämnat på återvinningscentral |  |  |  |  |  |  |  |  |  | 
;TRÄ|VERKSAMHET;2;TRÄ;;;;;VERKSAMHET;RULE:Taxepunkter:367;Administrativ rapporteringsavgift till Avfallsregistret Verksamhetsavfall §6.1.6 | §6.1.6 | Administrativ rapporteringsavgift till Avfallsregistret |  | st/år |  |  |  |  |  |  | 
;VERKSAMHET;1;;;;;;VERKSAMHET;RULE:Taxepunkter:163;Flerbostad/verksamhet Slam §3 Tömning av slam | §3 Tömning av slam |  |  |  |  |  |  |  |  |  | 
;VERKSAMHET;1;;;;;;VERKSAMHET;RULE:Taxepunkter:164;Flerbostad/verksamhet Slam §3.1 Tömning slam | §3.1 Tömning slam |  |  |  |  |  |  |  |  |  | 
;VERKSAMHET;1;;;;;;VERKSAMHET;RULE:Taxepunkter:165;Flerbostad/verksamhet Slam §3.1.1 Ordinarie tömning slam | §3.1.1 Ordinarie tömning slam |  |  |  |  |  |  |  |  |  | 
;VERKSAMHET;1;;;;;;VERKSAMHET;RULE:Taxepunkter:172;Flerbostad/verksamhet Slam §3.2 Tilläggstjänster slam | §3.2 Tilläggstjänster slam |  |  |  |  |  |  |  |  |  | 
;VERKSAMHET;1;;;;;;VERKSAMHET;RULE:Taxepunkter:173;Flerbostad/verksamhet Slam §3.2.1 Tilläggstjänster slam | §3.2.1 Tilläggstjänster slam |  |  |  |  |  |  |  |  |  | 
;VERKSAMHET;1;;;;;;VERKSAMHET;RULE:Taxepunkter:179;Krav på information om tömningstid Flerbostad/verksamhet Tillfälle TILLFÄLLE §3.2.1 | §3.2.1 | Krav på information om tömningstid |  | kr/tillfälle |  |  |  |  |  |  | 
;VERKSAMHET;1;;;;;;VERKSAMHET;RULE:Taxepunkter:180;Krav på närvaro vid specificerad tömningstid Flerbostad/verksamhet Tillfälle TILLFÄLLE §3.2.1 | §3.2.1 | Krav på närvaro vid specificerad tömningstid |  | kr/tillfälle |  |  |  |  |  |  | 
;VERKSAMHET;1;;;;;;VERKSAMHET;RULE:Taxepunkter:181;Hantering av kod för kodlås vid slamtömning Flerbostad/verksamhet Slam Tillfälle TILLFÄLLE §3.2.1 | §3.2.1 | Hantering av kod för kodlås vid slamtömning |  | kr/tillfälle |  |  |  |  |  |  | 
;VERKSAMHET;1;;;;;;VERKSAMHET;RULE:Taxepunkter:182;Hetvattentvätt med spolbil, timersättning Flerbostad/verksamhet Tillfälle TILLFÄLLE §3.2.1 | §3.2.1 | Hetvattentvätt med spolbil, timersättning |  | kr/tillfälle |  |  |  |  |  |  | 
;VERKSAMHET;1;;;;;;VERKSAMHET;RULE:Taxepunkter:185;Flerbostad/verksamhet Slam §3.3 Övriga avgifter och tillägg slam | §3.3 Övriga avgifter och tillägg slam |  |  |  |  |  |  |  |  |  | 
;VERKSAMHET;1;;;;;;VERKSAMHET;RULE:Taxepunkter:186;Flerbostad/verksamhet §3.3.1 Budningskostnad av brunn och tank | §3.3.1 Budningskostnad av brunn och tank |  |  |  |  |  |  |  |  |  | 
;VERKSAMHET;1;;;;;;VERKSAMHET;RULE:Taxepunkter:187;Budning inom ordinarie tömningsperiod (1 maj- 31 oktober) Flerbostad/verksamhet Tillfälle TILLFÄLLE §3.3.1 | §3.3.1 | Budning inom ordinarie tömningsperiod (1 maj- 31 oktober) | Inom 24 timmar | kr/tillfälle |  |  |  |  |  |  | 
;VERKSAMHET;1;;;;;;VERKSAMHET;RULE:Taxepunkter:189;Budning inom ordinarie tömningsperiod (1 maj- 31 oktober) Flerbostad/verksamhet Tillfälle TILLFÄLLE §3.3.1 | §3.3.1 | Budning inom ordinarie tömningsperiod (1 maj- 31 oktober) | Inom 7 arbetsdagar | kr/tillfälle |  |  |  |  |  |  | 
;VERKSAMHET;1;;;;;;VERKSAMHET;RULE:Taxepunkter:190;Budning utanför ordinarie tömningsperiod (1 nov – 30 april) Flerbostad/verksamhet Tillfälle TILLFÄLLE §3.3.1 | §3.3.1 | Budning utanför ordinarie tömningsperiod (1 nov – 30 april) | Inom 7 arbetsdagar | kr/tillfälle |  |  |  |  |  |  | 
;VERKSAMHET;1;;;;;;VERKSAMHET;RULE:Taxepunkter:191;Flerbostad/verksamhet §3.3.2 Budningskostnad av brunn och tank | §3.3.2 Budningskostnad av brunn och tank |  |  |  |  |  |  |  |  |  | 
;VERKSAMHET;1;;;;;;VERKSAMHET;RULE:Taxepunkter:192;Tömning av toalettvagnar eller liknande Flerbostad/verksamhet Tillfälle TILLFÄLLE §3.3.2 | §3.3.2 | Tömning av toalettvagnar eller liknande |  | kr/tillfälle |  |  |  |  |  |  | 
;VERKSAMHET;1;;;;;;VERKSAMHET;RULE:Taxepunkter:194;Sen anmälan om förändringar av tömningsintervall. Om förändring, nyanmälan eller avbokning av slamtömning meddelas efter 1 april innevarande år. Flerbostad/verksamhet Slam Tillfälle TILLFÄLLE §3.3.2 | §3.3.2 | Sen anmälan om förändringar av tömningsintervall. Om förändring, nyanmälan eller avbokning av slamtömning meddelas efter 1 april innevarande år. |  | kr/tillfälle |  |  |  |  |  |  | 
;VERKSAMHET;1;;;;;;VERKSAMHET;RULE:Taxepunkter:195;Flerbostad/verksamhet §3.4 Latrinbehållare | §3.4 Latrinbehållare |  |  |  |  |  |  |  |  |  | 
;VERKSAMHET;1;;;;;;VERKSAMHET;RULE:Taxepunkter:196;Flerbostad/verksamhet §3.4.1 Latrinbehållare | §3.4.1 Latrinbehållare |  |  |  |  |  |  |  |  |  | 
;VERKSAMHET;1;;;;;;VERKSAMHET;RULE:Taxepunkter:198;Köp av engångsbehållare för latrin Flerbostad/verksamhet Styck ST §3.4.1 | §3.4.1 | Köp av engångsbehållare för latrin |  | st |  |  |  |  |  |  | 
;VERKSAMHET;1;;;;;;VERKSAMHET;RULE:Taxepunkter:244;Verksamhetsavfall §6.1.1 Avgifter vid ÅVC | §6.1.1 Avgifter vid ÅVC |  |  |  |  |  |  |  |  |  | 
;VERKSAMHET;1;;;;;;VERKSAMHET;RULE:Taxepunkter:245;Verksamhetsavfall §6.1.1 Inpassering på ÅVC | §6.1.1 Inpassering på ÅVC |  |  |  |  |  |  |  |  |  | 
;VERKSAMHET;1;;;;;;VERKSAMHET;RULE:Taxepunkter:267;Handfat ÅVC/verksamhetsavfall §6.1.2 | §6.1.2 | Handfat | 170103 | kr/st |  |  |  |  |  |  | 
;VERKSAMHET;1;;;;;;VERKSAMHET;RULE:Taxepunkter:268;WC stolar ÅVC/verksamhetsavfall §6.1.2 | §6.1.2 | WC stolar | 170103 | kr/st |  |  |  |  |  |  | 
;VERKSAMHET;1;;;;;;VERKSAMHET;RULE:Taxepunkter:343;Verksamhetsavfall Elavfall §6.1.4 Tillägg för el-avfall | §6.1.4 Tillägg för el-avfall |  |  |  |  |  |  |  |  |  | 
;VERKSAMHET;1;;;;;;VERKSAMHET;RULE:Taxepunkter:346;Bil-, mcbatteri med bly Verksamhetsavfall §6.1.4 | §6.1.4 | Bil-, mcbatteri med bly | 160601* | Kr/St |  |  |  |  |  |  | 
;VERKSAMHET;1;;;;;;VERKSAMHET;RULE:Taxepunkter:357;Spis, tvätt-, diskmaskin Verksamhetsavfall §6.1.4 | §6.1.4 | Spis, tvätt-, diskmaskin | 200135* | Kr/St |  |  |  |  |  |  | 
;VERKSAMHET;1;;;;;;VERKSAMHET;RULE:Taxepunkter:364;Verksamhetsavfall §6.1.6 Tillägg och avgifter | §6.1.6 Tillägg och avgifter |  |  |  |  |  |  |  |  |  | 
;VERKSAMHET;1;;;;;;VERKSAMHET;RULE:Taxepunkter:368;ombud för registrering av El-kretsen avlämnarintyg i Hämtplatsportalen Verksamhetsavfall §6.1.6 | §6.1.6 | ombud för registrering av El-kretsen avlämnarintyg i Hämtplatsportalen |  | st/år |  |  |  |  |  |  | 
;VERKSAMHET;1;;;;;;VERKSAMHET;RULE:Taxepunkter:68;Hushåll §2.2.5 Hämtningsavgift per år för verksamheter inom hämtningsområde X | §2.2.5 Hämtningsavgift per år för verksamheter inom hämtningsområde X |  |  |  |  |  |  |  |  |  | 
;VERKSAMHET;1;;;;;;VERKSAMHET;RULE:Taxepunkter:84;Hushåll §2.2.6 Hämtningsavgift per år för verksamhet inom detaljhandeln med beviljad hantering av kommunalt avfall | §2.2.6 Hämtningsavgift per år för verksamhet inom detaljhandeln med beviljad hantering av kommunalt avfall |  |  |  |  |  |  |  |  |  | 
AKUT;VERKSAMHET;1;;;;;;VERKSAMHET;RULE:Taxepunkter:188;Budning utanför ordinarie tömningsperiod (1 nov – 30 april) Flerbostad/verksamhet Tillfälle KVAN §3.3.1 | §3.3.1 | Budning utanför ordinarie tömningsperiod (1 nov – 30 april) | Inom 24 timmar | kr/tillfälle | AKUT | AKUT | KVAN |  |  |  | 
FASTVHT;VERKSAMHET;1;;;;;;VERKSAMHET;STANDARD:Standard Avfall:6;Fast grundavgift, verksamheter ÅRKV FAST
FRAMKAVG;VERKSAMHET;1;;;;;;VERKSAMHET;RULE:Taxepunkter:193;Framkörningsavgift då ordinarie tömning inte skett på grund av hinder, abonnenten vägrar, bristfällig väg eller annat Flerbostad/verksamhet Tillfälle KVAN §3.3.2 | §3.3.2 | Framkörningsavgift då ordinarie tömning inte skett på grund av hinder, abonnenten vägrar, bristfällig väg eller annat |  | kr/tillfälle | FRAMKAVG | FRAMKAVG | KVAN |  |  |  | 
GRUNDLÄG;VERKSAMHET;1;;;;;;VERKSAMHET;RULE:Taxepunkter:11;Verksamhet Hushåll ÅRKV §2.1 | §2.1 | Verksamhet |  | st/år | GRUNDLÄG | GRUNDLÄG | ÅRKV |  |  |  | 
