Status;Source;Rule;Confidence;Paragraf;Taxapunkt;Variant;Enhet;Excel rad;EDP taxakod;Standard taxakod;Kommentar
NEW_TAXA;SemanticDecisionEngine;Ingen kandidat över granskningsgräns;0.370;2.1;En- och tvåbostadshus;;;;;;Bästa kandidat var för svag. Kandidat=RULE:TAXEPUNKT KÄ240RM26 score=0.32 justerad=0.37. Matchar category: Hushåll. Skillnader waste_type: Word='' kandidat='Restavfall', service_type: Word='' kandidat='Hämtning/tömning', container_type: Word='' kandidat='Kärl', container_volume_liter: Word='' kandidat='240'
NEW_TAXA;SemanticDecisionEngine;Ingen kandidat över granskningsgräns;0.370;2.1;Fritidshus;;;;;;Bästa kandidat var för svag. Kandidat=RULE:TAXEPUNKT KÄ240RM26 score=0.32 justerad=0.37. Matchar category: Hushåll. Skillnader waste_type: Word='' kandidat='Restavfall', service_type: Word='' kandidat='Hämtning/tömning', container_type: Word='' kandidat='Kärl', container_volume_liter: Word='' kandidat='240'
NEW_TAXA;SemanticDecisionEngine;Ingen kandidat över granskningsgräns;0.370;2.1;Verksamhet;;;;;;Bästa kandidat var för svag. Kandidat=RULE:TAXEPUNKT KÄ240RM26 score=0.32 justerad=0.37. Matchar category: Hushåll. Skillnader waste_type: Word='' kandidat='Restavfall', service_type: Word='' kandidat='Hämtning/tömning', container_type: Word='' kandidat='Kärl', container_volume_liter: Word='' kandidat='240'
NEW_TAXA;SemanticDecisionEngine;Ingen kandidat över granskningsgräns;0.370;2.1;Lägenhet i flerbostadshus;;lägenhet;;;;Bästa kandidat var för svag. Kandidat=RULE:TAXEPUNKT KÄ240RM26 score=0.32 justerad=0.37. Matchar category: Hushåll. Skillnader waste_type: Word='' kandidat='Restavfall', service_type: Word='' kandidat='Hämtning/tömning', container_type: Word='' kandidat='Kärl', container_volume_liter: Word='' kandidat='240'
NEW_TAXA;SemanticDecisionEngine;Ingen kandidat över granskningsgräns;0.370;2.1;Lägenhet för specialändamål;;lägenhet;;;;Bästa kandidat var för svag. Kandidat=RULE:TAXEPUNKT KÄ240RM26 score=0.32 justerad=0.37. Matchar category: Hushåll. Skillnader waste_type: Word='' kandidat='Restavfall', service_type: Word='' kandidat='Hämtning/tömning', container_type: Word='' kandidat='Kärl', container_volume_liter: Word='' kandidat='240'
NEW_TAXA;SemanticDecisionEngine;Ingen kandidat över granskningsgräns;0.370;2.1;Anläggning;;;;;;Bästa kandidat var för svag. Kandidat=RULE:TAXEPUNKT KÄ240RM26 score=0.32 justerad=0.37. Matchar category: Hushåll. Skillnader waste_type: Word='' kandidat='Restavfall', service_type: Word='' kandidat='Hämtning/tömning', container_type: Word='' kandidat='Kärl', container_volume_liter: Word='' kandidat='240'
NEW_TAXA;SemanticDecisionEngine;Ingen kandidat över granskningsgräns;0.370;2.1;Säsongsbaserad uppställningsplats;;;;;;Bästa kandidat var för svag. Kandidat=RULE:TAXEPUNKT KÄ240RM26 score=0.32 justerad=0.37. Matchar category: Hushåll. Skillnader waste_type: Word='' kandidat='Restavfall', service_type: Word='' kandidat='Hämtning/tömning', container_type: Word='' kandidat='Kärl', container_volume_liter: Word='' kandidat='240'
NEW_TAXA;SemanticDecisionEngine;Ingen kandidat över granskningsgräns;0.370;2.1;Campingstuga/-lägenhet;;lägenhet;;;;Bästa kandidat var för svag. Kandidat=RULE:TAXEPUNKT KÄ240RM26 score=0.32 justerad=0.37. Matchar category: Hushåll. Skillnader waste_type: Word='' kandidat='Restavfall', service_type: Word='' kandidat='Hämtning/tömning', container_type: Word='' kandidat='Kärl', container_volume_liter: Word='' kandidat='240'
REVIEW_REQUIRED;Taxepunkter;Semantisk kandidat finns men säkerheten räcker inte för förslag;0.835;2.2.1;Kärl 240 l (mat-/restavfall);;kärl;;;;Granska kandidat manuellt. Kandidat=RULE:TAXEPUNKT KÄ240RM26 score=0.79 justerad=0.83. Matchar category: Hushåll, waste_type: Restavfall, container_type: Kärl, container_volume_liter: 240, unit_type: Behållarvolym, factor_hint: VOLYM/BEHÅLLARE. Skillnader service_type: Word='' kandidat='Hämtning/tömning', property_type: Word='Flerbostadshus' kandidat=''
REVIEW_REQUIRED;Taxepunkter;Semantiska toppkandidater ligger för nära varandra;0.910;2.2.1;Extrakärl 190 l (restavfall);;;;;;Manuell granskning krävs på grund av liten skillnad mellan kandidater. Kandidat=RULE:TAXEPUNKT KÄ190XRM26 score=0.86 justerad=0.91. Matchar category: Hushåll, waste_type: Restavfall, service_type: Extra, container_type: Kärl, container_volume_liter: 190, unit_type: Behållarvolym. Skillnader property_type: Word='Flerbostadshus' kandidat=''
REVIEW_REQUIRED;Taxepunkter;Semantisk kandidat finns men säkerheten räcker inte för förslag;0.810;2.2.2;Kärl 240 l (mat-/restavfall);;kärl;;;;Granska kandidat manuellt. Kandidat=RULE:TAXEPUNKT KÄ240RM26 score=0.76 justerad=0.81. Matchar category: Hushåll, waste_type: Restavfall, container_type: Kärl, container_volume_liter: 240, unit_type: Behållarvolym, factor_hint: VOLYM/BEHÅLLARE. Skillnader service_type: Word='Extra' kandidat='Hämtning/tömning', property_type: Word='Flerbostadshus' kandidat=''
REVIEW_REQUIRED;Taxepunkter;Semantiska toppkandidater ligger för nära varandra;0.910;2.2.2;Extrakärl 190 l (restavfall);;;;;;Manuell granskning krävs på grund av liten skillnad mellan kandidater. Kandidat=RULE:TAXEPUNKT KÄ190XRM26 score=0.86 justerad=0.91. Matchar category: Hushåll, waste_type: Restavfall, service_type: Extra, container_type: Kärl, container_volume_liter: 190, unit_type: Behållarvolym. Skillnader property_type: Word='Flerbostadshus' kandidat=''
NEW_TAXA;SemanticDecisionEngine;Ingen kandidat över granskningsgräns;0.700;2.2.3;Gemensam uppsamlingsplats för mat-/restavfall;;;;;;Bästa kandidat var för svag. Kandidat=RULE:TAXEPUNKT KÄ190XRM26 score=0.65 justerad=0.70. Matchar category: Hushåll, waste_type: Restavfall, service_type: Extra, container_type: Kärl. Skillnader container_volume_liter: Word='' kandidat='190', property_type: Word='Flerbostadshus' kandidat='', unit_type: Word='' kandidat='Behållarvolym', factor_hint: Word='' kandidat='VOLYM/BEHÅLLARE'
NEW_TAXA;SemanticDecisionEngine;Ingen kandidat över granskningsgräns;0.460;2.2.3;Extra digital licens (årskostnad);;;;;;Bästa kandidat var för svag. Kandidat=RULE:TAXEPUNKT KÄ190XRM26 score=0.41 justerad=0.46. Matchar category: Hushåll, service_type: Extra, container_type: Kärl. Skillnader waste_type: Word='Träavfall' kandidat='Restavfall', container_volume_liter: Word='' kandidat='190', property_type: Word='Flerbostadshus' kandidat='', unit_type: Word='' kandidat='Behållarvolym'
NEW_TAXA;SemanticDecisionEngine;Ingen kandidat över granskningsgräns;0.460;2.2.3;Fysisk nyckel, kallad fob (engångskostnad);;;;;;Bästa kandidat var för svag. Kandidat=RULE:TAXEPUNKT KÄ190XRM26 score=0.41 justerad=0.46. Matchar category: Hushåll, service_type: Extra, container_type: Kärl. Skillnader waste_type: Word='Träavfall' kandidat='Restavfall', container_volume_liter: Word='' kandidat='190', property_type: Word='Flerbostadshus' kandidat='', unit_type: Word='' kandidat='Behållarvolym'
REVIEW_REQUIRED;Taxepunkter;Bästa semantiska kandidat saknar taxekod;0.460;2.2.3;Byte av telefonnummer kopplat till licens;;;;;;Kandidaten kan ge beslutsstöd men saknar taxekod. Kandidat=RULE:TAXEPUNKT  score=0.41 justerad=0.46. Matchar category: Hushåll, service_type: Byte, container_type: Kärl. Skillnader waste_type: Word='Träavfall' kandidat='', container_volume_liter: Word='' kandidat='240', property_type: Word='Flerbostadshus' kandidat='', unit_type: Word='' kandidat='Behållarvolym'
REVIEW_REQUIRED;Taxepunkter;Bästa semantiska kandidat saknar taxekod;0.460;2.2.3;Kostnad för öppning av behållare;;;;;;Kandidaten kan ge beslutsstöd men saknar taxekod. Kandidat=RULE:TAXEPUNKT  score=0.41 justerad=0.46. Matchar category: Hushåll, service_type: Byte, container_type: Kärl. Skillnader waste_type: Word='Träavfall' kandidat='', container_volume_liter: Word='' kandidat='240', property_type: Word='Flerbostadshus' kandidat='', unit_type: Word='' kandidat='Behållarvolym'
REVIEW_REQUIRED;Taxepunkter;Semantisk kandidat finns men säkerheten räcker inte för förslag;0.810;2.2.4;Kärl 240 l (mat-/restavfall);;kärl;;;;Granska kandidat manuellt. Kandidat=RULE:TAXEPUNKT KÄ240RM26 score=0.76 justerad=0.81. Matchar category: Hushåll, waste_type: Restavfall, container_type: Kärl, container_volume_liter: 240, unit_type: Behållarvolym, factor_hint: VOLYM/BEHÅLLARE. Skillnader service_type: Word='Byte' kandidat='Hämtning/tömning', property_type: Word='Flerbostadshus' kandidat=''
REVIEW_REQUIRED;Taxepunkter;Semantisk kandidat finns men säkerheten räcker inte för förslag;0.810;2.2.4;Kärl 370 l (restavfall);;kärl;;;;Granska kandidat manuellt. Kandidat=RULE:TAXEPUNKT KÄ370RE52FV score=0.76 justerad=0.81. Matchar category: Hushåll, waste_type: Restavfall, container_type: Kärl, container_volume_liter: 370, unit_type: Behållarvolym, factor_hint: VOLYM/BEHÅLLARE. Skillnader service_type: Word='Byte' kandidat='Hämtning/tömning', property_type: Word='Flerbostadshus' kandidat=''
REVIEW_REQUIRED;Taxepunkter;Semantisk kandidat finns men säkerheten räcker inte för förslag;0.810;2.2.4;Kärl 660 l (restavfall);;kärl;;;;Granska kandidat manuellt. Kandidat=RULE:TAXEPUNKT KÄ660RE52FV score=0.76 justerad=0.81. Matchar category: Hushåll, waste_type: Restavfall, container_type: Kärl, container_volume_liter: 660, unit_type: Behållarvolym, factor_hint: VOLYM/BEHÅLLARE. Skillnader service_type: Word='Byte' kandidat='Hämtning/tömning', property_type: Word='Flerbostadshus' kandidat=''
REVIEW_REQUIRED;Taxepunkter;Semantisk kandidat finns men säkerheten räcker inte för förslag;0.810;2.2.4;Kärl 140 l (matavfall);;kärl;;;;Granska kandidat manuellt. Kandidat=RULE:TAXEPUNKT KÄ140MA52FV score=0.76 justerad=0.81. Matchar category: Hushåll, waste_type: Matavfall, container_type: Kärl, container_volume_liter: 140, unit_type: Behållarvolym, factor_hint: VOLYM/BEHÅLLARE. Skillnader service_type: Word='Byte' kandidat='Hämtning/tömning', property_type: Word='Flerbostadshus' kandidat=''
REVIEW_REQUIRED;Taxepunkter;Bästa semantiska kandidat saknar taxekod;0.810;2.2.4;Kärl 190 l (förpackningar);;kärl;;;;Kandidaten kan ge beslutsstöd men saknar taxekod. Kandidat=RULE:TAXEPUNKT  score=0.76 justerad=0.81. Matchar category: Hushåll, waste_type: Förpackningar, container_type: Kärl, container_volume_liter: 190, unit_type: Behållarvolym, factor_hint: VOLYM/BEHÅLLARE. Skillnader service_type: Word='Byte' kandidat='Hämtning/tömning', property_type: Word='Flerbostadshus' kandidat=''
REVIEW_REQUIRED;Taxepunkter;Bästa semantiska kandidat saknar taxekod;0.810;2.2.4;Kärl 370 l (förpackningar);;kärl;;;;Kandidaten kan ge beslutsstöd men saknar taxekod. Kandidat=RULE:TAXEPUNKT  score=0.76 justerad=0.81. Matchar category: Hushåll, waste_type: Förpackningar, container_type: Kärl, container_volume_liter: 370, unit_type: Behållarvolym, factor_hint: VOLYM/BEHÅLLARE. Skillnader service_type: Word='Byte' kandidat='Hämtning/tömning', property_type: Word='Flerbostadshus' kandidat=''
REVIEW_REQUIRED;Taxepunkter;Bästa semantiska kandidat saknar taxekod;0.810;2.2.4;Kärl 660 l (förpackningar);;kärl;;;;Kandidaten kan ge beslutsstöd men saknar taxekod. Kandidat=RULE:TAXEPUNKT  score=0.76 justerad=0.81. Matchar category: Hushåll, waste_type: Förpackningar, container_type: Kärl, container_volume_liter: 660, unit_type: Behållarvolym, factor_hint: VOLYM/BEHÅLLARE. Skillnader service_type: Word='Byte' kandidat='Hämtning/tömning', property_type: Word='Flerbostadshus' kandidat=''
REVIEW_REQUIRED;Taxepunkter;Bästa semantiska kandidat saknar taxekod;0.810;2.2.4;Kärl 190 l (tidningar och returpapper);;kärl;;;;Kandidaten kan ge beslutsstöd men saknar taxekod. Kandidat=RULE:TAXEPUNKT  score=0.76 justerad=0.81. Matchar category: Hushåll, waste_type: Förpackningar, container_type: Kärl, container_volume_liter: 190, unit_type: Behållarvolym, factor_hint: VOLYM/BEHÅLLARE. Skillnader service_type: Word='Byte' kandidat='Hämtning/tömning', property_type: Word='Flerbostadshus' kandidat=''
REVIEW_REQUIRED;Taxepunkter;Bästa semantiska kandidat saknar taxekod;0.810;2.2.4;Kärl 370 l (tidningar och returpapper);;kärl;;;;Kandidaten kan ge beslutsstöd men saknar taxekod. Kandidat=RULE:TAXEPUNKT  score=0.76 justerad=0.81. Matchar category: Hushåll, waste_type: Förpackningar, container_type: Kärl, container_volume_liter: 370, unit_type: Behållarvolym, factor_hint: VOLYM/BEHÅLLARE. Skillnader service_type: Word='Byte' kandidat='Hämtning/tömning', property_type: Word='Flerbostadshus' kandidat=''
NEW_TAXA;SemanticDecisionEngine;Ingen kandidat över granskningsgräns;0.600;2.2.4;(mat-/restavfall, förpackningar);;;;;;Bästa kandidat var för svag. Kandidat=RULE:TAXEPUNKT KÄ240RM26 score=0.55 justerad=0.60. Matchar category: Hushåll, waste_type: Restavfall, container_type: Kärl. Skillnader service_type: Word='Byte' kandidat='Hämtning/tömning', container_volume_liter: Word='' kandidat='240', property_type: Word='Flerbostadshus' kandidat='', unit_type: Word='' kandidat='Behållarvolym'
REVIEW_REQUIRED;Taxepunkter;Semantisk kandidat finns men säkerheten räcker inte för förslag;0.810;2.2.5;Kärl 240 l (mat-/restavfall);;kärl;;;;Granska kandidat manuellt. Kandidat=RULE:TAXEPUNKT KÄ240RM26 score=0.76 justerad=0.81. Matchar category: Hushåll, waste_type: Restavfall, container_type: Kärl, container_volume_liter: 240, unit_type: Behållarvolym, factor_hint: VOLYM/BEHÅLLARE. Skillnader service_type: Word='Byte' kandidat='Hämtning/tömning', property_type: Word='Flerbostadshus' kandidat=''
REVIEW_REQUIRED;Taxepunkter;Semantisk kandidat finns men säkerheten räcker inte för förslag;0.810;2.2.5;Kärl 370 l (restavfall);;kärl;;;;Granska kandidat manuellt. Kandidat=RULE:TAXEPUNKT KÄ370RE52FV score=0.76 justerad=0.81. Matchar category: Hushåll, waste_type: Restavfall, container_type: Kärl, container_volume_liter: 370, unit_type: Behållarvolym, factor_hint: VOLYM/BEHÅLLARE. Skillnader service_type: Word='Byte' kandidat='Hämtning/tömning', property_type: Word='Flerbostadshus' kandidat=''
REVIEW_REQUIRED;Taxepunkter;Semantisk kandidat finns men säkerheten räcker inte för förslag;0.810;2.2.5;Kärl 660 l (restavfall);;kärl;;;;Granska kandidat manuellt. Kandidat=RULE:TAXEPUNKT KÄ660RE52FV score=0.76 justerad=0.81. Matchar category: Hushåll, waste_type: Restavfall, container_type: Kärl, container_volume_liter: 660, unit_type: Behållarvolym, factor_hint: VOLYM/BEHÅLLARE. Skillnader service_type: Word='Byte' kandidat='Hämtning/tömning', property_type: Word='Flerbostadshus' kandidat=''
REVIEW_REQUIRED;Taxepunkter;Semantisk kandidat finns men säkerheten räcker inte för förslag;0.810;2.2.5;Kärl 140 l (matavfall);;kärl;;;;Granska kandidat manuellt. Kandidat=RULE:TAXEPUNKT KÄ140MA52FV score=0.76 justerad=0.81. Matchar category: Hushåll, waste_type: Matavfall, container_type: Kärl, container_volume_liter: 140, unit_type: Behållarvolym, factor_hint: VOLYM/BEHÅLLARE. Skillnader service_type: Word='Byte' kandidat='Hämtning/tömning', property_type: Word='Flerbostadshus' kandidat=''
NEW_TAXA;SemanticDecisionEngine;Ingen kandidat över granskningsgräns;0.600;2.2.5;Bottentömmande behållare (mat-/restavfall);;;;;;Bästa kandidat var för svag. Kandidat=RULE:TAXEPUNKT KÄ240RM26 score=0.55 justerad=0.60. Matchar category: Hushåll, waste_type: Restavfall, container_type: Kärl. Skillnader service_type: Word='Byte' kandidat='Hämtning/tömning', container_volume_liter: Word='' kandidat='240', property_type: Word='Flerbostadshus' kandidat='', unit_type: Word='' kandidat='Behållarvolym'
NEW_TAXA;SemanticDecisionEngine;Ingen kandidat över granskningsgräns;0.600;2.2.5;Lastväxlarflak (restavfall);;;;;;Bästa kandidat var för svag. Kandidat=RULE:TAXEPUNKT KÄ240RM26 score=0.55 justerad=0.60. Matchar category: Hushåll, waste_type: Restavfall, container_type: Kärl. Skillnader service_type: Word='Byte' kandidat='Hämtning/tömning', container_volume_liter: Word='' kandidat='240', property_type: Word='Flerbostadshus' kandidat='', unit_type: Word='' kandidat='Behållarvolym'
REVIEW_REQUIRED;Taxepunkter;Semantisk kandidat finns men säkerheten räcker inte för förslag;0.810;2.2.6;Kärl 240 l (mat-/restavfall);;kärl;;;;Granska kandidat manuellt. Kandidat=RULE:TAXEPUNKT KÄ240RM26 score=0.76 justerad=0.81. Matchar category: Hushåll, waste_type: Restavfall, container_type: Kärl, container_volume_liter: 240, unit_type: Behållarvolym, factor_hint: VOLYM/BEHÅLLARE. Skillnader service_type: Word='Byte' kandidat='Hämtning/tömning', property_type: Word='Flerbostadshus' kandidat=''
REVIEW_REQUIRED;Taxepunkter;Semantisk kandidat finns men säkerheten räcker inte för förslag;0.810;2.2.6;Kärl 370 l (restavfall);;kärl;;;;Granska kandidat manuellt. Kandidat=RULE:TAXEPUNKT KÄ370RE52FV score=0.76 justerad=0.81. Matchar category: Hushåll, waste_type: Restavfall, container_type: Kärl, container_volume_liter: 370, unit_type: Behållarvolym, factor_hint: VOLYM/BEHÅLLARE. Skillnader service_type: Word='Byte' kandidat='Hämtning/tömning', property_type: Word='Flerbostadshus' kandidat=''
REVIEW_REQUIRED;Taxepunkter;Semantisk kandidat finns men säkerheten räcker inte för förslag;0.810;2.2.6;Kärl 660 l (restavfall);;kärl;;;;Granska kandidat manuellt. Kandidat=RULE:TAXEPUNKT KÄ660RE52FV score=0.76 justerad=0.81. Matchar category: Hushåll, waste_type: Restavfall, container_type: Kärl, container_volume_liter: 660, unit_type: Behållarvolym, factor_hint: VOLYM/BEHÅLLARE. Skillnader service_type: Word='Byte' kandidat='Hämtning/tömning', property_type: Word='Flerbostadshus' kandidat=''
REVIEW_REQUIRED;Taxepunkter;Semantisk kandidat finns men säkerheten räcker inte för förslag;0.810;2.2.6;Kärl 140 l (matavfall);;kärl;;;;Granska kandidat manuellt. Kandidat=RULE:TAXEPUNKT KÄ140MA52FV score=0.76 justerad=0.81. Matchar category: Hushåll, waste_type: Matavfall, container_type: Kärl, container_volume_liter: 140, unit_type: Behållarvolym, factor_hint: VOLYM/BEHÅLLARE. Skillnader service_type: Word='Byte' kandidat='Hämtning/tömning', property_type: Word='Flerbostadshus' kandidat=''
NEW_TAXA;SemanticDecisionEngine;Ingen kandidat över granskningsgräns;0.600;2.2.6;Bottentömmande behållare (mat-/restavfall);;;;;;Bästa kandidat var för svag. Kandidat=RULE:TAXEPUNKT KÄ240RM26 score=0.55 justerad=0.60. Matchar category: Hushåll, waste_type: Restavfall, container_type: Kärl. Skillnader service_type: Word='Byte' kandidat='Hämtning/tömning', container_volume_liter: Word='' kandidat='240', property_type: Word='Flerbostadshus' kandidat='', unit_type: Word='' kandidat='Behållarvolym'
NEW_TAXA;SemanticDecisionEngine;Ingen kandidat över granskningsgräns;0.600;2.2.6;Lastväxlarflak (restavfall);;;;;;Bästa kandidat var för svag. Kandidat=RULE:TAXEPUNKT KÄ240RM26 score=0.55 justerad=0.60. Matchar category: Hushåll, waste_type: Restavfall, container_type: Kärl. Skillnader service_type: Word='Byte' kandidat='Hämtning/tömning', container_volume_liter: Word='' kandidat='240', property_type: Word='Flerbostadshus' kandidat='', unit_type: Word='' kandidat='Behållarvolym'
NEW_TAXA;SemanticDecisionEngine;Ingen kandidat över granskningsgräns;0.650;2.2.7;Kärl 140 l (kontors-/returpapper);;kärl;;;;Bästa kandidat var för svag. Kandidat=RULE:TAXEPUNKT KÄ240RM26 score=0.60 justerad=0.65. Matchar category: Hushåll, waste_type: Restavfall, container_type: Kärl, unit_type: Behållarvolym, factor_hint: VOLYM/BEHÅLLARE. Skillnader service_type: Word='Byte' kandidat='Hämtning/tömning', container_volume_liter: Word='140' kandidat='240', property_type: Word='Flerbostadshus' kandidat=''
NEW_TAXA;SemanticDecisionEngine;Ingen kandidat över granskningsgräns;0.600;2.2.7;Egen överlämning av förbrukat kontors-/returpapper enligt anvisning;;;;;;Bästa kandidat var för svag. Kandidat=RULE:TAXEPUNKT KÄ240RM26 score=0.55 justerad=0.60. Matchar category: Hushåll, waste_type: Restavfall, container_type: Kärl. Skillnader service_type: Word='Byte' kandidat='Hämtning/tömning', container_volume_liter: Word='' kandidat='240', property_type: Word='Flerbostadshus' kandidat='', unit_type: Word='' kandidat='Behållarvolym'
NEW_TAXA;SemanticDecisionEngine;Ingen kandidat över granskningsgräns;0.600;2.2.7;Egen överlämning av förbrukat matfett enligt anvisning;;;;;;Bästa kandidat var för svag. Kandidat=RULE:TAXEPUNKT KÄ240RM26 score=0.55 justerad=0.60. Matchar category: Hushåll, waste_type: Restavfall, container_type: Kärl. Skillnader service_type: Word='Byte' kandidat='Hämtning/tömning', container_volume_liter: Word='' kandidat='240', property_type: Word='Flerbostadshus' kandidat='', unit_type: Word='' kandidat='Behållarvolym'
NEW_TAXA;SemanticDecisionEngine;Ingen kandidat över granskningsgräns;0.600;2.3;Viktavgift matavfall;;;;;;Bästa kandidat var för svag. Kandidat=RULE:TAXEPUNKT KÄ140MA52FV score=0.55 justerad=0.60. Matchar category: Hushåll, waste_type: Matavfall, container_type: Kärl. Skillnader service_type: Word='Byte' kandidat='Hämtning/tömning', container_volume_liter: Word='' kandidat='140', property_type: Word='Flerbostadshus' kandidat='', unit_type: Word='' kandidat='Behållarvolym'
NEW_TAXA;SemanticDecisionEngine;Ingen kandidat över granskningsgräns;0.600;2.3;Viktavgift restavfall;;;;;;Bästa kandidat var för svag. Kandidat=RULE:TAXEPUNKT KÄ240RM26 score=0.55 justerad=0.60. Matchar category: Hushåll, waste_type: Restavfall, container_type: Kärl. Skillnader service_type: Word='Byte' kandidat='Hämtning/tömning', container_volume_liter: Word='' kandidat='240', property_type: Word='Flerbostadshus' kandidat='', unit_type: Word='' kandidat='Behållarvolym'
NEW_TAXA;SemanticDecisionEngine;Ingen kandidat över granskningsgräns;0.600;2.3;Lyftavgift kärl;;kärl;;;;Bästa kandidat var för svag. Kandidat=RULE:TAXEPUNKT KÄ240RM26 score=0.55 justerad=0.60. Matchar category: Hushåll, waste_type: Restavfall, container_type: Kärl. Skillnader service_type: Word='Byte' kandidat='Hämtning/tömning', container_volume_liter: Word='' kandidat='240', property_type: Word='Flerbostadshus' kandidat='', unit_type: Word='' kandidat='Behållarvolym'
NEW_TAXA;SemanticDecisionEngine;Ingen kandidat över granskningsgräns;0.600;2.4.1;Fakturavgift;;;;;;Bästa kandidat var för svag. Kandidat=RULE:TAXEPUNKT KÄ240RM26 score=0.55 justerad=0.60. Matchar category: Hushåll, waste_type: Restavfall, container_type: Kärl. Skillnader service_type: Word='Byte' kandidat='Hämtning/tömning', container_volume_liter: Word='' kandidat='240', property_type: Word='Flerbostadshus' kandidat='', unit_type: Word='' kandidat='Behållarvolym'
REVIEW_REQUIRED;Taxepunkter;Bästa semantiska kandidat saknar taxekod;0.550;2.4.2;Delat kärl 240 l matavfall 40 kg;;kilogram;;;;Kandidaten kan ge beslutsstöd men saknar taxekod. Kandidat=RULE:TAXEPUNKT  score=0.50 justerad=0.55. Matchar category: Hushåll, service_type: Byte, container_type: Kärl, container_volume_liter: 240. Skillnader waste_type: Word='Matavfall' kandidat='', property_type: Word='Flerbostadshus' kandidat='', unit_type: Word='Vikt' kandidat='Behållarvolym', factor_hint: Word='VIKG' kandidat='VOLYM/BEHÅLLARE'
NEW_TAXA;SemanticDecisionEngine;Ingen kandidat över granskningsgräns;0.690;2.4.2;Delat kärl 240 l restavfall 40 kg;;kilogram;;;;Bästa kandidat var för svag. Kandidat=RULE:TAXEPUNKT KÄ240RM26 score=0.64 justerad=0.69. Matchar category: Hushåll, waste_type: Restavfall, container_type: Kärl, container_volume_liter: 240. Skillnader service_type: Word='Byte' kandidat='Hämtning/tömning', property_type: Word='Flerbostadshus' kandidat='', unit_type: Word='Vikt' kandidat='Behållarvolym', factor_hint: Word='VIKG' kandidat='VOLYM/BEHÅLLARE'
REVIEW_REQUIRED;Taxepunkter;Bästa semantiska kandidat saknar taxekod;0.790;2.4.2;Extra kärl 140 l matavfall 60 kg;;kilogram;;;;Kandidaten kan ge beslutsstöd men saknar taxekod. Kandidat=RULE:TAXEPUNKT  score=0.74 justerad=0.79. Matchar category: Hushåll, waste_type: Matavfall, service_type: Extra, container_type: Kärl, container_volume_liter: 140. Skillnader property_type: Word='Flerbostadshus' kandidat='', unit_type: Word='Vikt' kandidat='Behållarvolym', factor_hint: Word='VIKG' kandidat='VOLYM/BEHÅLLARE'
REVIEW_REQUIRED;Taxepunkter;Semantisk kandidat finns men säkerheten räcker inte för förslag;0.790;2.4.2;Extra kärl 140-190 l restavfall 60 kg;;kilogram;;;;Granska kandidat manuellt. Kandidat=RULE:TAXEPUNKT KÄ190XRM26 score=0.74 justerad=0.79. Matchar category: Hushåll, waste_type: Restavfall, service_type: Extra, container_type: Kärl, container_volume_liter: 190. Skillnader property_type: Word='Flerbostadshus' kandidat='', unit_type: Word='Vikt' kandidat='Behållarvolym', factor_hint: Word='VIKG' kandidat='VOLYM/BEHÅLLARE'
NEW_TAXA;SemanticDecisionEngine;Ingen kandidat över granskningsgräns;0.690;2.4.2;Kärl 370 l restavfall 60 kg;;kilogram;;;;Bästa kandidat var för svag. Kandidat=RULE:TAXEPUNKT KÄ370RE52FV score=0.64 justerad=0.69. Matchar category: Hushåll, waste_type: Restavfall, container_type: Kärl, container_volume_liter: 370. Skillnader service_type: Word='Extra' kandidat='Hämtning/tömning', property_type: Word='Flerbostadshus' kandidat='', unit_type: Word='Vikt' kandidat='Behållarvolym', factor_hint: Word='VIKG' kandidat='VOLYM/BEHÅLLARE'
NEW_TAXA;SemanticDecisionEngine;Ingen kandidat över granskningsgräns;0.690;2.4.2;Kärl 660 l restavfall 100 kg;;kilogram;;;;Bästa kandidat var för svag. Kandidat=RULE:TAXEPUNKT KÄ660RE52FV score=0.64 justerad=0.69. Matchar category: Hushåll, waste_type: Restavfall, container_type: Kärl, container_volume_liter: 660. Skillnader service_type: Word='Extra' kandidat='Hämtning/tömning', property_type: Word='Flerbostadshus' kandidat='', unit_type: Word='Vikt' kandidat='Behållarvolym', factor_hint: Word='VIKG' kandidat='VOLYM/BEHÅLLARE'
NEW_TAXA;SemanticDecisionEngine;Ingen kandidat över granskningsgräns;0.700;2.4.3;Överfullt kärl;;kärl;;;;Bästa kandidat var för svag. Kandidat=RULE:TAXEPUNKT KÄ190XRM26 score=0.65 justerad=0.70. Matchar category: Hushåll, waste_type: Restavfall, service_type: Extra, container_type: Kärl. Skillnader container_volume_liter: Word='' kandidat='190', property_type: Word='Flerbostadshus' kandidat='', unit_type: Word='' kandidat='Behållarvolym', factor_hint: Word='' kandidat='VOLYM/BEHÅLLARE'
NEW_TAXA;SemanticDecisionEngine;Ingen kandidat över granskningsgräns;0.700;2.4.3;Överfull bottentömmande behållare;;;;;;Bästa kandidat var för svag. Kandidat=RULE:TAXEPUNKT KÄ190XRM26 score=0.65 justerad=0.70. Matchar category: Hushåll, waste_type: Restavfall, service_type: Extra, container_type: Kärl. Skillnader container_volume_liter: Word='' kandidat='190', property_type: Word='Flerbostadshus' kandidat='', unit_type: Word='' kandidat='Behållarvolym', factor_hint: Word='' kandidat='VOLYM/BEHÅLLARE'
REVIEW_REQUIRED;Taxepunkter;Bästa semantiska kandidat saknar taxekod;0.460;2.4.4;Byte av trasigt kärl vid oaktsamhet;;kärl;;;;Kandidaten kan ge beslutsstöd men saknar taxekod. Kandidat=RULE:TAXEPUNKT  score=0.41 justerad=0.46. Matchar category: Hushåll, service_type: Byte, container_type: Kärl. Skillnader waste_type: Word='Träavfall' kandidat='', container_volume_liter: Word='' kandidat='240', property_type: Word='Flerbostadshus' kandidat='', unit_type: Word='' kandidat='Behållarvolym'
REVIEW_REQUIRED;Taxepunkter;Bästa semantiska kandidat saknar taxekod;0.670;2.4.5;Byte/återtag av kärl en (1) ggr/år 140–240 liter;;liter;;;;Kandidaten kan ge beslutsstöd men saknar taxekod. Kandidat=RULE:TAXEPUNKT  score=0.62 justerad=0.67. Matchar category: Hushåll, service_type: Byte, container_type: Kärl, container_volume_liter: 240, unit_type: Behållarvolym, factor_hint: VOLYM/BEHÅLLARE. Skillnader waste_type: Word='Träavfall' kandidat='', property_type: Word='Flerbostadshus' kandidat=''
REVIEW_REQUIRED;Taxepunkter;Bästa semantiska kandidat saknar taxekod;0.670;2.4.5;Byte/återtag av kärl en (1) ggr/år 370–660 liter;;liter;;;;Kandidaten kan ge beslutsstöd men saknar taxekod. Kandidat=RULE:TAXEPUNKT  score=0.62 justerad=0.67. Matchar category: Hushåll, service_type: Byte, container_type: Kärl, container_volume_liter: 660, unit_type: Behållarvolym, factor_hint: VOLYM/BEHÅLLARE. Skillnader waste_type: Word='Träavfall' kandidat='', property_type: Word='Flerbostadshus' kandidat=''
REVIEW_REQUIRED;Taxepunkter;Bästa semantiska kandidat saknar taxekod;0.460;2.4.5;Ytterligare byte av kärl under kalenderåret;;kärl;;;;Kandidaten kan ge beslutsstöd men saknar taxekod. Kandidat=RULE:TAXEPUNKT  score=0.41 justerad=0.46. Matchar category: Hushåll, service_type: Byte, container_type: Kärl. Skillnader waste_type: Word='Träavfall' kandidat='', container_volume_liter: Word='' kandidat='240', property_type: Word='Flerbostadshus' kandidat='', unit_type: Word='' kandidat='Behållarvolym'
REVIEW_REQUIRED;Taxepunkter;Bästa semantiska kandidat saknar taxekod;0.460;2.4.6;Kärl;;kärl;;;;Kandidaten kan ge beslutsstöd men saknar taxekod. Kandidat=RULE:TAXEPUNKT  score=0.41 justerad=0.46. Matchar category: Hushåll, service_type: Byte, container_type: Kärl. Skillnader waste_type: Word='Träavfall' kandidat='', container_volume_liter: Word='' kandidat='240', property_type: Word='Flerbostadshus' kandidat='', unit_type: Word='' kandidat='Behållarvolym'
REVIEW_REQUIRED;Taxepunkter;Bästa semantiska kandidat saknar taxekod;0.460;2.4.6;Bottentömmande behållare;;;;;;Kandidaten kan ge beslutsstöd men saknar taxekod. Kandidat=RULE:TAXEPUNKT  score=0.41 justerad=0.46. Matchar category: Hushåll, service_type: Byte, container_type: Kärl. Skillnader waste_type: Word='Träavfall' kandidat='', container_volume_liter: Word='' kandidat='240', property_type: Word='Flerbostadshus' kandidat='', unit_type: Word='' kandidat='Behållarvolym'
REVIEW_REQUIRED;Taxepunkter;Bästa semantiska kandidat saknar taxekod;0.670;2.4.7;Kärl 140-660 L 1,5-10;;kärl;;;;Kandidaten kan ge beslutsstöd men saknar taxekod. Kandidat=RULE:TAXEPUNKT  score=0.62 justerad=0.67. Matchar category: Hushåll, service_type: Byte, container_type: Kärl, container_volume_liter: 660, unit_type: Behållarvolym, factor_hint: VOLYM/BEHÅLLARE. Skillnader waste_type: Word='Träavfall' kandidat='', property_type: Word='Flerbostadshus' kandidat=''
REVIEW_REQUIRED;Taxepunkter;Bästa semantiska kandidat saknar taxekod;0.670;2.4.7;Kärl 140-660 L 10-20;;kärl;;;;Kandidaten kan ge beslutsstöd men saknar taxekod. Kandidat=RULE:TAXEPUNKT  score=0.62 justerad=0.67. Matchar category: Hushåll, service_type: Byte, container_type: Kärl, container_volume_liter: 660, unit_type: Behållarvolym, factor_hint: VOLYM/BEHÅLLARE. Skillnader waste_type: Word='Träavfall' kandidat='', property_type: Word='Flerbostadshus' kandidat=''
REVIEW_REQUIRED;Taxepunkter;Bästa semantiska kandidat saknar taxekod;0.670;2.4.7;Kärl 140-660 L 20-30;;kärl;;;;Kandidaten kan ge beslutsstöd men saknar taxekod. Kandidat=RULE:TAXEPUNKT  score=0.62 justerad=0.67. Matchar category: Hushåll, service_type: Byte, container_type: Kärl, container_volume_liter: 660, unit_type: Behållarvolym, factor_hint: VOLYM/BEHÅLLARE. Skillnader waste_type: Word='Träavfall' kandidat='', property_type: Word='Flerbostadshus' kandidat=''
REVIEW_REQUIRED;Taxepunkter;Bästa semantiska kandidat saknar taxekod;0.460;2.4.7;Avfallsport/dörr;;;;;;Kandidaten kan ge beslutsstöd men saknar taxekod. Kandidat=RULE:TAXEPUNKT  score=0.41 justerad=0.46. Matchar category: Hushåll, service_type: Byte, container_type: Kärl. Skillnader waste_type: Word='Träavfall' kandidat='', container_volume_liter: Word='' kandidat='240', property_type: Word='Flerbostadshus' kandidat='', unit_type: Word='' kandidat='Behållarvolym'
REVIEW_REQUIRED;Taxepunkter;Bästa semantiska kandidat saknar taxekod;0.460;2.4.7;Låst dörr, med kod;;;;;;Kandidaten kan ge beslutsstöd men saknar taxekod. Kandidat=RULE:TAXEPUNKT  score=0.41 justerad=0.46. Matchar category: Hushåll, service_type: Byte, container_type: Kärl. Skillnader waste_type: Word='Träavfall' kandidat='', container_volume_liter: Word='' kandidat='240', property_type: Word='Flerbostadshus' kandidat='', unit_type: Word='' kandidat='Behållarvolym'
REVIEW_REQUIRED;Taxepunkter;Semantisk kandidat finns men säkerheten räcker inte för förslag;0.810;2.4.8;Kärl 140 l matavfall;;kärl;;;;Granska kandidat manuellt. Kandidat=RULE:TAXEPUNKT KÄ140MA52FV score=0.76 justerad=0.81. Matchar category: Hushåll, waste_type: Matavfall, container_type: Kärl, container_volume_liter: 140, unit_type: Behållarvolym, factor_hint: VOLYM/BEHÅLLARE. Skillnader service_type: Word='Byte' kandidat='Hämtning/tömning', property_type: Word='Flerbostadshus' kandidat=''
REVIEW_REQUIRED;Taxepunkter;Semantisk kandidat finns men säkerheten räcker inte för förslag;0.810;2.4.8;Kärl 190 l restavfall;;kärl;;;;Granska kandidat manuellt. Kandidat=RULE:TAXEPUNKT KÄ190XRM26 score=0.76 justerad=0.81. Matchar category: Hushåll, waste_type: Restavfall, container_type: Kärl, container_volume_liter: 190, unit_type: Behållarvolym, factor_hint: VOLYM/BEHÅLLARE. Skillnader service_type: Word='Byte' kandidat='Extra', property_type: Word='Flerbostadshus' kandidat=''
REVIEW_REQUIRED;Taxepunkter;Semantisk kandidat finns men säkerheten räcker inte för förslag;0.810;2.4.8;Kärl 370 l restavfall;;kärl;;;;Granska kandidat manuellt. Kandidat=RULE:TAXEPUNKT KÄ370RE52FV score=0.76 justerad=0.81. Matchar category: Hushåll, waste_type: Restavfall, container_type: Kärl, container_volume_liter: 370, unit_type: Behållarvolym, factor_hint: VOLYM/BEHÅLLARE. Skillnader service_type: Word='Byte' kandidat='Hämtning/tömning', property_type: Word='Flerbostadshus' kandidat=''
REVIEW_REQUIRED;Taxepunkter;Semantisk kandidat finns men säkerheten räcker inte för förslag;0.810;2.4.8;Kärl 660 l restavfall;;kärl;;;;Granska kandidat manuellt. Kandidat=RULE:TAXEPUNKT KÄ660RE52FV score=0.76 justerad=0.81. Matchar category: Hushåll, waste_type: Restavfall, container_type: Kärl, container_volume_liter: 660, unit_type: Behållarvolym, factor_hint: VOLYM/BEHÅLLARE. Skillnader service_type: Word='Byte' kandidat='Hämtning/tömning', property_type: Word='Flerbostadshus' kandidat=''
NEW_TAXA;SemanticDecisionEngine;Ingen kandidat över granskningsgräns;0.600;2.4.8;Bottentömmande behållare;;;;;;Bästa kandidat var för svag. Kandidat=RULE:TAXEPUNKT KÄ240RM26 score=0.55 justerad=0.60. Matchar category: Hushåll, waste_type: Restavfall, container_type: Kärl. Skillnader service_type: Word='Byte' kandidat='Hämtning/tömning', container_volume_liter: Word='' kandidat='240', property_type: Word='Flerbostadshus' kandidat='', unit_type: Word='' kandidat='Behållarvolym'
NEW_TAXA;SemanticDecisionEngine;Ingen kandidat över granskningsgräns;0.600;2.4.9;Sidlastande fordon;;;;;;Bästa kandidat var för svag. Kandidat=RULE:TAXEPUNKT KÄ240RM26 score=0.55 justerad=0.60. Matchar category: Hushåll, waste_type: Restavfall, container_type: Kärl. Skillnader service_type: Word='Byte' kandidat='Hämtning/tömning', container_volume_liter: Word='' kandidat='240', property_type: Word='Flerbostadshus' kandidat='', unit_type: Word='' kandidat='Behållarvolym'
NEW_TAXA;SemanticDecisionEngine;Ingen kandidat över granskningsgräns;0.600;2.4.9;Bottentömmande fordon;;;;;;Bästa kandidat var för svag. Kandidat=RULE:TAXEPUNKT KÄ240RM26 score=0.55 justerad=0.60. Matchar category: Hushåll, waste_type: Restavfall, container_type: Kärl. Skillnader service_type: Word='Byte' kandidat='Hämtning/tömning', container_volume_liter: Word='' kandidat='240', property_type: Word='Flerbostadshus' kandidat='', unit_type: Word='' kandidat='Behållarvolym'
NEW_TAXA;SemanticDecisionEngine;Ingen kandidat över granskningsgräns;0.700;2.4.9;Tömningsavgift per behållare;;;;;;Bästa kandidat var för svag. Kandidat=RULE:TAXEPUNKT KÄ240RM26 score=0.65 justerad=0.70. Matchar category: Hushåll, waste_type: Restavfall, service_type: Hämtning/tömning, container_type: Kärl. Skillnader container_volume_liter: Word='' kandidat='240', property_type: Word='Flerbostadshus' kandidat='', unit_type: Word='' kandidat='Behållarvolym', factor_hint: Word='' kandidat='VOLYM/BEHÅLLARE'
NEW_TAXA;SemanticDecisionEngine;Ingen kandidat över granskningsgräns;0.600;2.4.10;Betalsäck;;;;;;Bästa kandidat var för svag. Kandidat=RULE:TAXEPUNKT KÄ240RM26 score=0.55 justerad=0.60. Matchar category: Hushåll, waste_type: Restavfall, service_type: Hämtning/tömning. Skillnader container_type: Word='Säck' kandidat='Kärl', container_volume_liter: Word='' kandidat='240', property_type: Word='Flerbostadshus' kandidat='', unit_type: Word='' kandidat='Behållarvolym'
NEW_TAXA;SemanticDecisionEngine;Ingen kandidat över granskningsgräns;0.600;2.4.10;Akutsäck;;;;;;Bästa kandidat var för svag. Kandidat=RULE:TAXEPUNKT KÄ240RM26 score=0.55 justerad=0.60. Matchar category: Hushåll, waste_type: Restavfall, service_type: Hämtning/tömning. Skillnader container_type: Word='Säck' kandidat='Kärl', container_volume_liter: Word='' kandidat='240', property_type: Word='Flerbostadshus' kandidat='', unit_type: Word='' kandidat='Behållarvolym'
NEW_TAXA;SemanticDecisionEngine;Ingen kandidat över granskningsgräns;0.510;2.4.11;Matavfallspåsar 9 L;;;;;;Bästa kandidat var för svag. Kandidat=RULE:TAXEPUNKT KÄ240RM26 score=0.46 justerad=0.51. Matchar category: Hushåll, service_type: Hämtning/tömning, unit_type: Behållarvolym, factor_hint: VOLYM/BEHÅLLARE. Skillnader waste_type: Word='' kandidat='Restavfall', container_type: Word='Säck' kandidat='Kärl', container_volume_liter: Word='' kandidat='240', property_type: Word='Flerbostadshus' kandidat=''
NEW_TAXA;SemanticDecisionEngine;Ingen kandidat över granskningsgräns;0.470;2.4.11;Matavfallspåsar 22 L;;;;;;Bästa kandidat var för svag. Kandidat=RULE:TAXEPUNKT KÄ240RM26 score=0.42 justerad=0.47. Matchar category: Hushåll, service_type: Hämtning/tömning, unit_type: Behållarvolym, factor_hint: VOLYM/BEHÅLLARE. Skillnader waste_type: Word='' kandidat='Restavfall', container_type: Word='Säck' kandidat='Kärl', container_volume_liter: Word='22' kandidat='240', property_type: Word='Flerbostadshus' kandidat=''
NEW_TAXA;SemanticDecisionEngine;Ingen kandidat över granskningsgräns;0.700;2.4.11;Gravitationslås till kärl;;kärl;;;;Bästa kandidat var för svag. Kandidat=RULE:TAXEPUNKT KÄ140MA52FV score=0.65 justerad=0.70. Matchar category: Hushåll, waste_type: Matavfall, service_type: Hämtning/tömning, container_type: Kärl. Skillnader container_volume_liter: Word='' kandidat='140', property_type: Word='Flerbostadshus' kandidat='', unit_type: Word='' kandidat='Behållarvolym', factor_hint: Word='' kandidat='VOLYM/BEHÅLLARE'
NEW_TAXA;SemanticDecisionEngine;Ingen kandidat över granskningsgräns;0.460;2.4.11;Extra nyckel till gravitationslås;;;;;;Bästa kandidat var för svag. Kandidat=RULE:TAXEPUNKT KÄ190XRM26 score=0.41 justerad=0.46. Matchar category: Hushåll, service_type: Extra, container_type: Kärl. Skillnader waste_type: Word='Träavfall' kandidat='Restavfall', container_volume_liter: Word='' kandidat='190', property_type: Word='Flerbostadshus' kandidat='', unit_type: Word='' kandidat='Behållarvolym'
NEW_TAXA;SemanticDecisionEngine;Ingen kandidat över granskningsgräns;0.460;2.5.1;Kommunalt avfall;;;;;;Bästa kandidat var för svag. Kandidat=RULE:TAXEPUNKT KÄ190XRM26 score=0.41 justerad=0.46. Matchar category: Hushåll, service_type: Extra, container_type: Kärl. Skillnader waste_type: Word='Träavfall' kandidat='Restavfall', container_volume_liter: Word='' kandidat='190', property_type: Word='Flerbostadshus' kandidat='', unit_type: Word='' kandidat='Behållarvolym'
NEW_TAXA;SemanticDecisionEngine;Ingen kandidat över granskningsgräns;0.460;2.5.1;Farligt avfall (ej uppmärkt);;;;;;Bästa kandidat var för svag. Kandidat=RULE:TAXEPUNKT KÄ190XRM26 score=0.41 justerad=0.46. Matchar category: Hushåll, service_type: Extra, container_type: Kärl. Skillnader waste_type: Word='Farligt avfall' kandidat='Restavfall', container_volume_liter: Word='' kandidat='190', property_type: Word='Flerbostadshus' kandidat='', unit_type: Word='' kandidat='Behållarvolym'
NEW_TAXA;SemanticDecisionEngine;Ingen kandidat över granskningsgräns;0.460;2.5.1;Farligt avfall (uppmärkt);;;;;;Bästa kandidat var för svag. Kandidat=RULE:TAXEPUNKT KÄ190XRM26 score=0.41 justerad=0.46. Matchar category: Hushåll, service_type: Extra, container_type: Kärl. Skillnader waste_type: Word='Farligt avfall' kandidat='Restavfall', container_volume_liter: Word='' kandidat='190', property_type: Word='Flerbostadshus' kandidat='', unit_type: Word='' kandidat='Behållarvolym'
NEW_TAXA;SemanticDecisionEngine;Ingen kandidat över granskningsgräns;0.460;2.5.1;Avisering av ankomst;;;;;;Bästa kandidat var för svag. Kandidat=RULE:TAXEPUNKT KÄ190XRM26 score=0.41 justerad=0.46. Matchar category: Hushåll, service_type: Extra, container_type: Kärl. Skillnader waste_type: Word='Farligt avfall' kandidat='Restavfall', container_volume_liter: Word='' kandidat='190', property_type: Word='Flerbostadshus' kandidat='', unit_type: Word='' kandidat='Behållarvolym'
REVIEW_REQUIRED;Taxepunkter;Bästa semantiska kandidat saknar taxekod;0.470;3.1;Upp till 3 m3;;m³;;;;Kandidaten kan ge beslutsstöd men saknar taxekod. Kandidat=RULE:TAXEPUNKT  score=0.42 justerad=0.47. Matchar category: Flerbostad/verksamhet, container_volume_liter: 3m3, unit_type: Volym, factor_hint: VOLM. Skillnader waste_type: Word='Farligt avfall' kandidat='', service_type: Word='Extra' kandidat='Hämtning/tömning', container_type: Word='Kärl' kandidat='', property_type: Word='Flerbostadshus' kandidat=''
REVIEW_REQUIRED;Taxepunkter;Bästa semantiska kandidat saknar taxekod;0.470;3.1;Mellan 3 m3 och 6 m3;;m³;;;;Kandidaten kan ge beslutsstöd men saknar taxekod. Kandidat=RULE:TAXEPUNKT  score=0.42 justerad=0.47. Matchar category: Flerbostad/verksamhet, container_volume_liter: 3m3, unit_type: Volym, factor_hint: VOLM. Skillnader waste_type: Word='Farligt avfall' kandidat='', service_type: Word='Extra' kandidat='Hämtning/tömning', container_type: Word='Kärl' kandidat='', property_type: Word='Flerbostadshus' kandidat=''
REVIEW_REQUIRED;Taxepunkter;Bästa semantiska kandidat saknar taxekod;0.470;3.1;Mellan 6 m3 och 9 m3;;m³;;;;Kandidaten kan ge beslutsstöd men saknar taxekod. Kandidat=RULE:TAXEPUNKT  score=0.42 justerad=0.47. Matchar category: Flerbostad/verksamhet, container_volume_liter: 6m3, unit_type: Volym, factor_hint: VOLM. Skillnader waste_type: Word='Farligt avfall' kandidat='', service_type: Word='Extra' kandidat='Hämtning/tömning', container_type: Word='Kärl' kandidat='', property_type: Word='Flerbostadshus' kandidat=''
REVIEW_REQUIRED;Taxepunkter;Bästa semantiska kandidat saknar taxekod;0.470;3.1;Tillägg per m3 över 9 m3;;m³;;;;Kandidaten kan ge beslutsstöd men saknar taxekod. Kandidat=RULE:TAXEPUNKT  score=0.42 justerad=0.47. Matchar category: Flerbostad/verksamhet, container_volume_liter: 9m3, unit_type: Volym, factor_hint: VOLM. Skillnader waste_type: Word='Farligt avfall' kandidat='', service_type: Word='Extra' kandidat='', container_type: Word='Kärl' kandidat='', property_type: Word='Flerbostadshus' kandidat=''
REVIEW_REQUIRED;Taxepunkter;Bästa semantiska kandidat saknar taxekod;0.570;3.1;Bad-, disk- och tvättbrunn upp till 3 m3;;m³;;;;Kandidaten kan ge beslutsstöd men saknar taxekod. Kandidat=RULE:TAXEPUNKT  score=0.52 justerad=0.57. Matchar category: Flerbostad/verksamhet, container_type: Brunn, container_volume_liter: 3m3, unit_type: Volym, factor_hint: VOLM. Skillnader waste_type: Word='Farligt avfall' kandidat='', service_type: Word='Extra' kandidat='Hämtning/tömning', property_type: Word='Flerbostadshus' kandidat=''
REVIEW_REQUIRED;Taxepunkter;Bästa semantiska kandidat saknar taxekod;0.570;3.1;Tillägg per m3 över 3 m3;;m³;;;;Kandidaten kan ge beslutsstöd men saknar taxekod. Kandidat=RULE:TAXEPUNKT  score=0.52 justerad=0.57. Matchar category: Flerbostad/verksamhet, container_type: Brunn, container_volume_liter: 3m3, unit_type: Volym, factor_hint: VOLM. Skillnader waste_type: Word='Farligt avfall' kandidat='', service_type: Word='Extra' kandidat='Hämtning/tömning', property_type: Word='Flerbostadshus' kandidat=''
REVIEW_REQUIRED;Taxepunkter;Bästa semantiska kandidat saknar taxekod;0.460;3.2;Dragning av extra slang vid 5-25 m;;;;;;Kandidaten kan ge beslutsstöd men saknar taxekod. Kandidat=RULE:TAXEPUNKT  score=0.41 justerad=0.46. Matchar category: Flerbostad/verksamhet, service_type: Extra, container_type: Brunn. Skillnader waste_type: Word='Träavfall' kandidat='', container_volume_liter: Word='' kandidat='5m3', property_type: Word='Flerbostadshus' kandidat='', unit_type: Word='' kandidat='Volym'
REVIEW_REQUIRED;Taxepunkter;Bästa semantiska kandidat saknar taxekod;0.460;3.2;Dragning av extra slang vid 25-35 m;;;;;;Kandidaten kan ge beslutsstöd men saknar taxekod. Kandidat=RULE:TAXEPUNKT  score=0.41 justerad=0.46. Matchar category: Flerbostad/verksamhet, service_type: Extra, container_type: Brunn. Skillnader waste_type: Word='Träavfall' kandidat='', container_volume_liter: Word='' kandidat='5m3', property_type: Word='Flerbostadshus' kandidat='', unit_type: Word='' kandidat='Volym'
REVIEW_REQUIRED;Taxepunkter;Bästa semantiska kandidat saknar taxekod;0.460;3.2;Dragning av extra slang vid 36-45 m;;;;;;Kandidaten kan ge beslutsstöd men saknar taxekod. Kandidat=RULE:TAXEPUNKT  score=0.41 justerad=0.46. Matchar category: Flerbostad/verksamhet, service_type: Extra, container_type: Brunn. Skillnader waste_type: Word='Träavfall' kandidat='', container_volume_liter: Word='' kandidat='5m3', property_type: Word='Flerbostadshus' kandidat='', unit_type: Word='' kandidat='Volym'
REVIEW_REQUIRED;Taxepunkter;Bästa semantiska kandidat saknar taxekod;0.460;3.2;Dragning av extra slang vid 46-55 m;;;;;;Kandidaten kan ge beslutsstöd men saknar taxekod. Kandidat=RULE:TAXEPUNKT  score=0.41 justerad=0.46. Matchar category: Flerbostad/verksamhet, service_type: Extra, container_type: Brunn. Skillnader waste_type: Word='Träavfall' kandidat='', container_volume_liter: Word='' kandidat='5m3', property_type: Word='Flerbostadshus' kandidat='', unit_type: Word='' kandidat='Volym'
REVIEW_REQUIRED;Taxepunkter;Bästa semantiska kandidat saknar taxekod;0.430;3.2;Hantering av brunnslock som väger 15-25 kg;;kilogram;;;;Kandidaten kan ge beslutsstöd men saknar taxekod. Kandidat=RULE:TAXEPUNKT  score=0.38 justerad=0.43. Matchar category: Flerbostad/verksamhet, service_type: Extra, container_type: Brunn. Skillnader waste_type: Word='Träavfall' kandidat='', container_volume_liter: Word='' kandidat='5m3', property_type: Word='Flerbostadshus' kandidat='', unit_type: Word='Vikt' kandidat='Volym'
REVIEW_REQUIRED;Taxepunkter;Bästa semantiska kandidat saknar taxekod;0.460;3.2;Krav på information om tömningstid;;;;;;Kandidaten kan ge beslutsstöd men saknar taxekod. Kandidat=RULE:TAXEPUNKT  score=0.41 justerad=0.46. Matchar category: Flerbostad/verksamhet, service_type: Hämtning/tömning, container_type: Brunn. Skillnader waste_type: Word='Träavfall' kandidat='', container_volume_liter: Word='' kandidat='3m3', property_type: Word='Flerbostadshus' kandidat='', unit_type: Word='' kandidat='Volym'
REVIEW_REQUIRED;Taxepunkter;Bästa semantiska kandidat saknar taxekod;0.460;3.2;Krav på närvaro vid specificerad tömningstid;;;;;;Kandidaten kan ge beslutsstöd men saknar taxekod. Kandidat=RULE:TAXEPUNKT  score=0.41 justerad=0.46. Matchar category: Flerbostad/verksamhet, service_type: Hämtning/tömning, container_type: Brunn. Skillnader waste_type: Word='Träavfall' kandidat='', container_volume_liter: Word='' kandidat='3m3', property_type: Word='Flerbostadshus' kandidat='', unit_type: Word='' kandidat='Volym'
REVIEW_REQUIRED;Taxepunkter;Bästa semantiska kandidat saknar taxekod;0.560;3.2;Hantering av kod för kodlås vid slamtömning;;;;;;Kandidaten kan ge beslutsstöd men saknar taxekod. Kandidat=RULE:TAXEPUNKT  score=0.51 justerad=0.56. Matchar category: Flerbostad/verksamhet, waste_type: Slam, service_type: Hämtning/tömning. Skillnader container_type: Word='Brunn' kandidat='', property_type: Word='Flerbostadshus' kandidat='', unit_type: Word='' kandidat='Tillfälle', factor_hint: Word='' kandidat='TILLFÄLLE'
REVIEW_REQUIRED;Taxepunkter;Bästa semantiska kandidat saknar taxekod;0.560;3.2;Hetvattentvätt med spolbil, timersättning;;;;;;Kandidaten kan ge beslutsstöd men saknar taxekod. Kandidat=RULE:TAXEPUNKT  score=0.51 justerad=0.56. Matchar category: Flerbostad/verksamhet, waste_type: Slam, service_type: Hämtning/tömning. Skillnader container_type: Word='Brunn' kandidat='', property_type: Word='Flerbostadshus' kandidat='', unit_type: Word='' kandidat='Tillfälle', factor_hint: Word='' kandidat='TILLFÄLLE'
REVIEW_REQUIRED;Taxepunkter;Bästa semantiska kandidat saknar taxekod;0.670;3.2;Tömning av extra tank/brunn i samband med ordinarie/budad tömning upp till 5 m3;;m³;;;;Kandidaten kan ge beslutsstöd men saknar taxekod. Kandidat=RULE:TAXEPUNKT  score=0.62 justerad=0.67. Matchar category: Flerbostad/verksamhet, service_type: Extra, container_type: Brunn, container_volume_liter: 5m3, unit_type: Volym, factor_hint: VOLM. Skillnader waste_type: Word='Träavfall' kandidat='', property_type: Word='Flerbostadshus' kandidat=''
REVIEW_REQUIRED;Taxepunkter;Bästa semantiska kandidat saknar taxekod;0.460;3.3;Budning inom ordinarie tömningsperiod (1 maj- 31 oktober);;;;;;Kandidaten kan ge beslutsstöd men saknar taxekod. Kandidat=RULE:TAXEPUNKT  score=0.41 justerad=0.46. Matchar category: Flerbostad/verksamhet, service_type: Hämtning/tömning, container_type: Brunn. Skillnader waste_type: Word='Träavfall' kandidat='', container_volume_liter: Word='' kandidat='3m3', property_type: Word='Flerbostadshus' kandidat='', unit_type: Word='' kandidat='Volym'
REVIEW_REQUIRED;Taxepunkter;Bästa semantiska kandidat saknar taxekod;0.460;3.3;Budning utanför ordinarie tömningsperiod (1 nov – 30 april);;;;;;Kandidaten kan ge beslutsstöd men saknar taxekod. Kandidat=RULE:TAXEPUNKT  score=0.41 justerad=0.46. Matchar category: Flerbostad/verksamhet, service_type: Hämtning/tömning, container_type: Brunn. Skillnader waste_type: Word='Träavfall' kandidat='', container_volume_liter: Word='' kandidat='3m3', property_type: Word='Flerbostadshus' kandidat='', unit_type: Word='' kandidat='Volym'
REVIEW_REQUIRED;Taxepunkter;Bästa semantiska kandidat saknar taxekod;0.430;3.3;Tömning av toalettvagnar eller liknande /styck;;styck;;;;Kandidaten kan ge beslutsstöd men saknar taxekod. Kandidat=RULE:TAXEPUNKT  score=0.38 justerad=0.43. Matchar category: Flerbostad/verksamhet, service_type: Hämtning/tömning, container_type: Brunn. Skillnader waste_type: Word='Träavfall' kandidat='', container_volume_liter: Word='' kandidat='3m3', property_type: Word='Flerbostadshus' kandidat='', unit_type: Word='Styck' kandidat='Volym'
REVIEW_REQUIRED;Taxepunkter;Bästa semantiska kandidat saknar taxekod;0.550;3.4;Latrinbehållare 37 liter inkl. mottagning och behandling;;liter;;;;Kandidaten kan ge beslutsstöd men saknar taxekod. Kandidat=RULE:TAXEPUNKT  score=0.50 justerad=0.55. Matchar category: Flerbostad/verksamhet, service_type: Abonnemang, container_type: Latrin, container_volume_liter: 37. Skillnader waste_type: Word='Träavfall' kandidat='', property_type: Word='Flerbostadshus' kandidat='', unit_type: Word='Behållarvolym' kandidat='Styck', factor_hint: Word='VOLYM/BEHÅLLARE' kandidat='ST'
NEW_TAXA;SemanticDecisionEngine;Ingen kandidat över granskningsgräns;0.340;4.1;Filtermassor upp till 500 kg;;kilogram;;;;Bästa kandidat var för svag. Kandidat=RULE:EDP BYGGRIVTRÄ score=0.24 justerad=0.34. Matchar waste_type: Träavfall. Skillnader category: Word='Tilläggstjänst' kandidat='Okänd', service_type: Word='Mottagning/behandling' kandidat='', container_type: Word='Latrin' kandidat='', property_type: Word='Flerbostadshus' kandidat=''
NEW_TAXA;SemanticDecisionEngine;Ingen kandidat över granskningsgräns;0.340;4.1;Filtermassor 500-1000 kg;;kilogram;;;;Bästa kandidat var för svag. Kandidat=RULE:EDP BYGGRIVTRÄ score=0.24 justerad=0.34. Matchar waste_type: Träavfall. Skillnader category: Word='Tilläggstjänst' kandidat='Okänd', service_type: Word='Mottagning/behandling' kandidat='', container_type: Word='Latrin' kandidat='', property_type: Word='Flerbostadshus' kandidat=''
NEW_TAXA;SemanticDecisionEngine;Ingen kandidat över granskningsgräns;0.355;4.2;Krav på information om hämtningstid;;;;;;Bästa kandidat var för svag. Kandidat=RULE:EDP BYGGRIVTRÄ score=0.26 justerad=0.35. Matchar waste_type: Träavfall. Skillnader category: Word='Tilläggstjänst' kandidat='Okänd', service_type: Word='Hämtning/tömning' kandidat='', container_type: Word='Latrin' kandidat='', property_type: Word='Flerbostadshus' kandidat=''
NEW_TAXA;SemanticDecisionEngine;Ingen kandidat över granskningsgräns;0.355;4.2;Krav på närvaro vid specificerad hämtningstid;;;;;;Bästa kandidat var för svag. Kandidat=RULE:EDP BYGGRIVTRÄ score=0.26 justerad=0.35. Matchar waste_type: Träavfall. Skillnader category: Word='Tilläggstjänst' kandidat='Okänd', service_type: Word='Hämtning/tömning' kandidat='', container_type: Word='Latrin' kandidat='', property_type: Word='Flerbostadshus' kandidat=''
NEW_TAXA;SemanticDecisionEngine;Ingen kandidat över granskningsgräns;0.355;4.2;Hantering av kod för kodlås;;;;;;Bästa kandidat var för svag. Kandidat=RULE:EDP BYGGRIVTRÄ score=0.26 justerad=0.35. Matchar waste_type: Träavfall. Skillnader category: Word='Tilläggstjänst' kandidat='Okänd', service_type: Word='Hämtning/tömning' kandidat='', container_type: Word='Latrin' kandidat='', property_type: Word='Flerbostadshus' kandidat=''
NEW_TAXA;SemanticDecisionEngine;Ingen kandidat över granskningsgräns;0.580;5.1;Upp till 3 m3;;m³;;;;Bästa kandidat var för svag. Kandidat=RULE:EDP BDT03SL score=0.48 justerad=0.58. Matchar category: Slam, waste_type: Slam, service_type: Hämtning/tömning. Skillnader container_type: Word='Latrin' kandidat='', container_volume_liter: Word='3m3' kandidat='', property_type: Word='Flerbostadshus' kandidat='', unit_type: Word='Volym' kandidat=''
NEW_TAXA;SemanticDecisionEngine;Ingen kandidat över granskningsgräns;0.580;5.1;Mellan 3 m3 och 6 m3;;m³;;;;Bästa kandidat var för svag. Kandidat=RULE:EDP BDT03SL score=0.48 justerad=0.58. Matchar category: Slam, waste_type: Slam, service_type: Hämtning/tömning. Skillnader container_type: Word='Latrin' kandidat='', container_volume_liter: Word='3m3' kandidat='', property_type: Word='Flerbostadshus' kandidat='', unit_type: Word='Volym' kandidat=''
NEW_TAXA;SemanticDecisionEngine;Ingen kandidat över granskningsgräns;0.580;5.1;Över 6 m3;;m³;;;;Bästa kandidat var för svag. Kandidat=RULE:EDP BDT03SL score=0.48 justerad=0.58. Matchar category: Slam, waste_type: Slam, service_type: Hämtning/tömning. Skillnader container_type: Word='Latrin' kandidat='', container_volume_liter: Word='6m3' kandidat='', property_type: Word='Flerbostadshus' kandidat='', unit_type: Word='Volym' kandidat=''
NEW_TAXA;SemanticDecisionEngine;Ingen kandidat över granskningsgräns;0.395;5.2;Dragning av extra slang vid 5-25 m;;;;;;Bästa kandidat var för svag. Kandidat=STANDARD FASTSL score=0.40 justerad=0.40. Matchar category: Slam, waste_type: Slam. Skillnader service_type: Word='Extra' kandidat='Abonnemang', container_type: Word='Latrin' kandidat='', property_type: Word='Flerbostadshus' kandidat='', factor_hint: Word='' kandidat='ÅRKV'
NEW_TAXA;SemanticDecisionEngine;Ingen kandidat över granskningsgräns;0.395;5.2;Dragning av extra slang vid 25-35 m;;;;;;Bästa kandidat var för svag. Kandidat=STANDARD FASTSL score=0.40 justerad=0.40. Matchar category: Slam, waste_type: Slam. Skillnader service_type: Word='Extra' kandidat='Abonnemang', container_type: Word='Latrin' kandidat='', property_type: Word='Flerbostadshus' kandidat='', factor_hint: Word='' kandidat='ÅRKV'
NEW_TAXA;SemanticDecisionEngine;Ingen kandidat över granskningsgräns;0.395;5.2;Dragning av extra slang vid 36-45 m;;;;;;Bästa kandidat var för svag. Kandidat=STANDARD FASTSL score=0.40 justerad=0.40. Matchar category: Slam, waste_type: Slam. Skillnader service_type: Word='Extra' kandidat='Abonnemang', container_type: Word='Latrin' kandidat='', property_type: Word='Flerbostadshus' kandidat='', factor_hint: Word='' kandidat='ÅRKV'
NEW_TAXA;SemanticDecisionEngine;Ingen kandidat över granskningsgräns;0.395;5.2;Dragning av extra slang vid 46-55 m;;;;;;Bästa kandidat var för svag. Kandidat=STANDARD FASTSL score=0.40 justerad=0.40. Matchar category: Slam, waste_type: Slam. Skillnader service_type: Word='Extra' kandidat='Abonnemang', container_type: Word='Latrin' kandidat='', property_type: Word='Flerbostadshus' kandidat='', factor_hint: Word='' kandidat='ÅRKV'
NEW_TAXA;SemanticDecisionEngine;Ingen kandidat över granskningsgräns;0.480;5.2;Hantering av brunnslock som väger 15-25 kg;;kilogram;;;;Bästa kandidat var för svag. Kandidat=STANDARD BRN03SLORD score=0.48 justerad=0.48. Matchar category: Slam, waste_type: Slam, container_type: Brunn. Skillnader service_type: Word='Extra' kandidat='Abonnemang', property_type: Word='Flerbostadshus' kandidat='', unit_type: Word='Vikt' kandidat='', factor_hint: Word='VIKG' kandidat='ÅRKV'
NEW_TAXA;SemanticDecisionEngine;Ingen kandidat över granskningsgräns;0.695;5.2;Krav på information om tömningstid;;;;;;Bästa kandidat var för svag. Kandidat=RULE:EDP BRN03SL score=0.59 justerad=0.69. Matchar category: Slam, waste_type: Slam, service_type: Hämtning/tömning, container_type: Brunn. Skillnader property_type: Word='Flerbostadshus' kandidat='', factor_hint: Word='' kandidat='KVAN'
NEW_TAXA;SemanticDecisionEngine;Ingen kandidat över granskningsgräns;0.695;5.2;Krav på närvaro vid specificerad tömningstid;;;;;;Bästa kandidat var för svag. Kandidat=RULE:EDP BRN03SL score=0.59 justerad=0.69. Matchar category: Slam, waste_type: Slam, service_type: Hämtning/tömning, container_type: Brunn. Skillnader property_type: Word='Flerbostadshus' kandidat='', factor_hint: Word='' kandidat='KVAN'
NEW_TAXA;SemanticDecisionEngine;Ingen kandidat över granskningsgräns;0.695;5.2;Hantering av kod för kodlås vid tömning;;tömning;;;;Bästa kandidat var för svag. Kandidat=RULE:EDP BRN03SL score=0.59 justerad=0.69. Matchar category: Slam, waste_type: Slam, service_type: Hämtning/tömning, container_type: Brunn. Skillnader property_type: Word='Flerbostadshus' kandidat='', factor_hint: Word='' kandidat='KVAN'
NEW_TAXA;SemanticDecisionEngine;Ingen kandidat över granskningsgräns;0.695;5.2;Hetvattentvätt med spolbil, timersättning;;;;;;Bästa kandidat var för svag. Kandidat=RULE:EDP BRN03SL score=0.59 justerad=0.69. Matchar category: Slam, waste_type: Slam, service_type: Hämtning/tömning, container_type: Brunn. Skillnader property_type: Word='Flerbostadshus' kandidat='', factor_hint: Word='' kandidat='KVAN'
NEW_TAXA;SemanticDecisionEngine;Ingen kandidat över granskningsgräns;0.695;5.2;Silikontätning per lock;;;;;;Bästa kandidat var för svag. Kandidat=RULE:EDP BRN03SL score=0.59 justerad=0.69. Matchar category: Slam, waste_type: Slam, service_type: Hämtning/tömning, container_type: Brunn. Skillnader property_type: Word='Flerbostadshus' kandidat='', factor_hint: Word='' kandidat='KVAN'
REVIEW_REQUIRED;Taxepunkter;Bästa semantiska kandidat saknar taxekod;0.570;5.2;Tömning av extra tank i samband med ordinarie/budad tömning upp till 5 m3;;m³;;;;Kandidaten kan ge beslutsstöd men saknar taxekod. Kandidat=RULE:TAXEPUNKT  score=0.52 justerad=0.57. Matchar category: Slam, service_type: Extra, container_volume_liter: 5m3, unit_type: Volym, factor_hint: VOLM. Skillnader waste_type: Word='Slam' kandidat='', container_type: Word='Brunn' kandidat='', property_type: Word='Flerbostadshus' kandidat=''
NEW_TAXA;SemanticDecisionEngine;Ingen kandidat över granskningsgräns;0.695;5.3;Budning inom ordinarie tömningsperiod (1 maj- 31 oktober);;;;;;Bästa kandidat var för svag. Kandidat=RULE:EDP BRN03SL score=0.59 justerad=0.69. Matchar category: Slam, waste_type: Slam, service_type: Hämtning/tömning, container_type: Brunn. Skillnader property_type: Word='Flerbostadshus' kandidat='', factor_hint: Word='' kandidat='KVAN'
NEW_TAXA;SemanticDecisionEngine;Ingen kandidat över granskningsgräns;0.695;5.3;Budning utanför ordinarie tömningsperiod;;;;;;Bästa kandidat var för svag. Kandidat=RULE:EDP BRN03SL score=0.59 justerad=0.69. Matchar category: Slam, waste_type: Slam, service_type: Hämtning/tömning, container_type: Brunn. Skillnader property_type: Word='Flerbostadshus' kandidat='', factor_hint: Word='' kandidat='KVAN'
NEW_TAXA;SemanticDecisionEngine;Ingen kandidat över granskningsgräns;0.355;6.1.1;Verksamheter;;;;;;Bästa kandidat var för svag. Kandidat=RULE:EDP BYGGRIVTRÄ score=0.26 justerad=0.35. Matchar waste_type: Träavfall. Skillnader category: Word='Verksamhetsavfall' kandidat='Okänd', service_type: Word='Hämtning/tömning' kandidat='', container_type: Word='Brunn' kandidat='', property_type: Word='Verksamhet' kandidat=''
NEW_TAXA;SemanticDecisionEngine;Ingen kandidat över granskningsgräns;0.355;6.1.1;Övriga abonnemangstyper;;;;;;Bästa kandidat var för svag. Kandidat=RULE:EDP BYGGRIVTRÄ score=0.26 justerad=0.35. Matchar waste_type: Träavfall. Skillnader category: Word='Verksamhetsavfall' kandidat='Okänd', service_type: Word='Abonnemang' kandidat='', container_type: Word='Brunn' kandidat='', property_type: Word='Verksamhet' kandidat=''
NEW_TAXA;SemanticDecisionEngine;Ingen kandidat över granskningsgräns;0.355;6.1.1;Vågkort;;;;;;Bästa kandidat var för svag. Kandidat=RULE:EDP BYGGRIVTRÄ score=0.26 justerad=0.35. Matchar waste_type: Träavfall. Skillnader category: Word='Verksamhetsavfall' kandidat='Okänd', service_type: Word='Abonnemang' kandidat='', container_type: Word='Brunn' kandidat='', property_type: Word='Verksamhet' kandidat=''
NEW_TAXA;SemanticDecisionEngine;Ingen kandidat över granskningsgräns;0.355;6.1.1;Borttappat vågkort;;;;;;Bästa kandidat var för svag. Kandidat=RULE:EDP BYGGRIVTRÄ score=0.26 justerad=0.35. Matchar waste_type: Träavfall. Skillnader category: Word='Verksamhetsavfall' kandidat='Okänd', service_type: Word='Abonnemang' kandidat='', container_type: Word='Brunn' kandidat='', property_type: Word='Verksamhet' kandidat=''
NEW_TAXA;SemanticDecisionEngine;Ingen kandidat över granskningsgräns;0.355;6.1.1;Ej redovisad ankomst till ÅVC (för företagare och privatpersoner som lämnar verksamhetsavfall utan att anmäla sin ankomst);;besök;;;;Bästa kandidat var för svag. Kandidat=RULE:EDP BYGGRIVTRÄ score=0.26 justerad=0.35. Matchar waste_type: Träavfall. Skillnader category: Word='Verksamhetsavfall' kandidat='Okänd', service_type: Word='Abonnemang' kandidat='', container_type: Word='Brunn' kandidat='', property_type: Word='Verksamhet' kandidat=''
NEW_TAXA;SemanticDecisionEngine;Ingen kandidat över granskningsgräns;0.355;6.1.1;Ej redovisad eller fel redovisad fraktion av avfall;;fraktion;;;;Bästa kandidat var för svag. Kandidat=RULE:EDP BYGGRIVTRÄ score=0.26 justerad=0.35. Matchar waste_type: Träavfall. Skillnader category: Word='Verksamhetsavfall' kandidat='Okänd', service_type: Word='Abonnemang' kandidat='', container_type: Word='Brunn' kandidat='', property_type: Word='Verksamhet' kandidat=''
NEW_TAXA;SemanticDecisionEngine;Ingen kandidat över granskningsgräns;0.500;6.1.2;Avfall till energiåtervinning (240 L sopsäck);;styck;;;;Bästa kandidat var för svag. Kandidat=STANDARD FPASÄCK240 score=0.50 justerad=0.50. Matchar category: ÅVC/verksamhetsavfall, service_type: Abonnemang, container_type: Säck, container_volume_liter: 240. Skillnader waste_type: Word='Träavfall' kandidat='', property_type: Word='Verksamhet' kandidat='', unit_type: Word='Styck' kandidat='Behållarvolym', factor_hint: Word='ST' kandidat='KVAN'
NEW_TAXA;SemanticDecisionEngine;Ingen kandidat över granskningsgräns;0.380;6.1.2;Avfall till energiåtervinning;;kilogram;;;;Bästa kandidat var för svag. Kandidat=STANDARD SÄ160OS156 score=0.38 justerad=0.38. Matchar category: ÅVC/verksamhetsavfall, service_type: Abonnemang, container_type: Säck. Skillnader waste_type: Word='Träavfall' kandidat='', container_volume_liter: Word='' kandidat='160', property_type: Word='Verksamhet' kandidat='', unit_type: Word='Vikt' kandidat='Behållarvolym'
NEW_TAXA;SemanticDecisionEngine;Ingen kandidat över granskningsgräns;0.380;6.1.2;Skrymmande avfall till energiåtervinning större än 20×20×80;;kilogram;;;;Bästa kandidat var för svag. Kandidat=STANDARD SÄ160OS156 score=0.38 justerad=0.38. Matchar category: ÅVC/verksamhetsavfall, service_type: Abonnemang, container_type: Säck. Skillnader waste_type: Word='Träavfall' kandidat='', container_volume_liter: Word='' kandidat='160', property_type: Word='Verksamhet' kandidat='', unit_type: Word='Vikt' kandidat='Behållarvolym'
REVIEW_REQUIRED;Taxepunkter;Bästa semantiska kandidat saknar taxekod;0.470;6.1.2;Träavfall – obehandlat, utan tapet, plastmatta, tjärpapp;;kilogram;;;;Kandidaten kan ge beslutsstöd men saknar taxekod. Kandidat=RULE:TAXEPUNKT  score=0.42 justerad=0.47. Matchar category: ÅVC/verksamhetsavfall, service_type: Abonnemang, unit_type: Vikt, factor_hint: VIKG. Skillnader waste_type: Word='' kandidat='Elavfall', container_type: Word='Säck' kandidat='', property_type: Word='Verksamhet' kandidat=''
REVIEW_REQUIRED;Taxepunkter;Bästa semantiska kandidat saknar taxekod;0.470;6.1.2;Träavfall – behandlat, utan tapet, plastmatta, tjärpapp;;kilogram;;;;Kandidaten kan ge beslutsstöd men saknar taxekod. Kandidat=RULE:TAXEPUNKT  score=0.42 justerad=0.47. Matchar category: ÅVC/verksamhetsavfall, service_type: Abonnemang, unit_type: Vikt, factor_hint: VIKG. Skillnader waste_type: Word='' kandidat='Elavfall', container_type: Word='Säck' kandidat='', property_type: Word='Verksamhet' kandidat=''
REVIEW_REQUIRED;Taxepunkter;Bästa semantiska kandidat saknar taxekod;0.550;6.1.2;Tryckimpregnerat virke, pall;;kilogram;;;;Kandidaten kan ge beslutsstöd men saknar taxekod. Kandidat=RULE:TAXEPUNKT  score=0.50 justerad=0.55. Matchar category: ÅVC/verksamhetsavfall, waste_type: Tryckimpregnerat trä, unit_type: Vikt, factor_hint: VIKG. Skillnader service_type: Word='Abonnemang' kandidat='', container_type: Word='Säck' kandidat='', property_type: Word='Verksamhet' kandidat=''
REVIEW_REQUIRED;Taxepunkter;Bästa semantiska kandidat saknar taxekod;0.550;6.1.2;Betong, lättbetong;;kilogram;;;;Kandidaten kan ge beslutsstöd men saknar taxekod. Kandidat=RULE:TAXEPUNKT  score=0.50 justerad=0.55. Matchar category: ÅVC/verksamhetsavfall, waste_type: Betong, unit_type: Vikt, factor_hint: VIKG. Skillnader service_type: Word='Abonnemang' kandidat='', container_type: Word='Säck' kandidat='', property_type: Word='Verksamhet' kandidat=''
REVIEW_REQUIRED;Taxepunkter;Bästa semantiska kandidat saknar taxekod;0.550;6.1.2;Gips, gipsskivor;;kilogram;;;;Kandidaten kan ge beslutsstöd men saknar taxekod. Kandidat=RULE:TAXEPUNKT  score=0.50 justerad=0.55. Matchar category: ÅVC/verksamhetsavfall, waste_type: Gips, unit_type: Vikt, factor_hint: VIKG. Skillnader service_type: Word='Abonnemang' kandidat='', container_type: Word='Säck' kandidat='', property_type: Word='Verksamhet' kandidat=''
REVIEW_REQUIRED;Taxepunkter;Bästa semantiska kandidat saknar taxekod;0.550;6.1.2;Tegel;;kilogram;;;;Kandidaten kan ge beslutsstöd men saknar taxekod. Kandidat=RULE:TAXEPUNKT  score=0.50 justerad=0.55. Matchar category: ÅVC/verksamhetsavfall, waste_type: Gips, unit_type: Vikt, factor_hint: VIKG. Skillnader service_type: Word='Abonnemang' kandidat='', container_type: Word='Säck' kandidat='', property_type: Word='Verksamhet' kandidat=''
REVIEW_REQUIRED;Taxepunkter;Bästa semantiska kandidat saknar taxekod;0.550;6.1.2;Fönster- och planglas utan karm;;kilogram;;;;Kandidaten kan ge beslutsstöd men saknar taxekod. Kandidat=RULE:TAXEPUNKT  score=0.50 justerad=0.55. Matchar category: ÅVC/verksamhetsavfall, waste_type: Gips, unit_type: Vikt, factor_hint: VIKG. Skillnader service_type: Word='Abonnemang' kandidat='', container_type: Word='Säck' kandidat='', property_type: Word='Verksamhet' kandidat=''
NEW_TAXA;SemanticDecisionEngine;Ingen kandidat över granskningsgräns;0.410;6.1.2;Fönster med karm;;;;;;Bästa kandidat var för svag. Kandidat=STANDARD SÄ160OS156 score=0.41 justerad=0.41. Matchar category: ÅVC/verksamhetsavfall, service_type: Abonnemang, container_type: Säck. Skillnader waste_type: Word='Gips' kandidat='', container_volume_liter: Word='' kandidat='160', property_type: Word='Verksamhet' kandidat='', unit_type: Word='' kandidat='Behållarvolym'
REVIEW_REQUIRED;Taxepunkter;Bästa semantiska kandidat saknar taxekod;0.550;6.1.2;Plast;;kilogram;;;;Kandidaten kan ge beslutsstöd men saknar taxekod. Kandidat=RULE:TAXEPUNKT  score=0.50 justerad=0.55. Matchar category: ÅVC/verksamhetsavfall, waste_type: Gips, unit_type: Vikt, factor_hint: VIKG. Skillnader service_type: Word='Abonnemang' kandidat='', container_type: Word='Säck' kandidat='', property_type: Word='Verksamhet' kandidat=''
NEW_TAXA;SemanticDecisionEngine;Ingen kandidat över granskningsgräns;0.380;6.1.2;Isolering utan innehåll av asbest;;m³;;;;Bästa kandidat var för svag. Kandidat=STANDARD SÄ160OS156 score=0.38 justerad=0.38. Matchar category: ÅVC/verksamhetsavfall, service_type: Abonnemang, container_type: Säck. Skillnader waste_type: Word='Asbest' kandidat='', container_volume_liter: Word='' kandidat='160', property_type: Word='Verksamhet' kandidat='', unit_type: Word='Volym' kandidat='Behållarvolym'
REVIEW_REQUIRED;Taxepunkter;Bästa semantiska kandidat saknar taxekod;0.550;6.1.2;Klinker, keramik, porslin;;kilogram;;;;Kandidaten kan ge beslutsstöd men saknar taxekod. Kandidat=RULE:TAXEPUNKT  score=0.50 justerad=0.55. Matchar category: ÅVC/verksamhetsavfall, waste_type: Asbest, unit_type: Vikt, factor_hint: VIKG. Skillnader service_type: Word='Abonnemang' kandidat='', container_type: Word='Säck' kandidat='', property_type: Word='Verksamhet' kandidat=''
NEW_TAXA;SemanticDecisionEngine;Ingen kandidat över granskningsgräns;0.380;6.1.2;Handfat;;styck;;;;Bästa kandidat var för svag. Kandidat=STANDARD SÄ160OS156 score=0.38 justerad=0.38. Matchar category: ÅVC/verksamhetsavfall, service_type: Abonnemang, container_type: Säck. Skillnader waste_type: Word='Asbest' kandidat='', container_volume_liter: Word='' kandidat='160', property_type: Word='Verksamhet' kandidat='', unit_type: Word='Styck' kandidat='Behållarvolym'
NEW_TAXA;SemanticDecisionEngine;Ingen kandidat över granskningsgräns;0.380;6.1.2;WC-stol;;styck;;;;Bästa kandidat var för svag. Kandidat=STANDARD SÄ160OS156 score=0.38 justerad=0.38. Matchar category: ÅVC/verksamhetsavfall, service_type: Abonnemang, container_type: Säck. Skillnader waste_type: Word='Asbest' kandidat='', container_volume_liter: Word='' kandidat='160', property_type: Word='Verksamhet' kandidat='', unit_type: Word='Styck' kandidat='Behållarvolym'
REVIEW_REQUIRED;Taxepunkter;Bästa semantiska kandidat saknar taxekod;0.550;6.1.2;Metall;;kilogram;;;;Kandidaten kan ge beslutsstöd men saknar taxekod. Kandidat=RULE:TAXEPUNKT  score=0.50 justerad=0.55. Matchar category: ÅVC/verksamhetsavfall, waste_type: Asbest, unit_type: Vikt, factor_hint: VIKG. Skillnader service_type: Word='Abonnemang' kandidat='', container_type: Word='Säck' kandidat='', property_type: Word='Verksamhet' kandidat=''
REVIEW_REQUIRED;Taxepunkter;Bästa semantiska kandidat saknar taxekod;0.550;6.1.2;Textilier;;kilogram;;;;Kandidaten kan ge beslutsstöd men saknar taxekod. Kandidat=RULE:TAXEPUNKT  score=0.50 justerad=0.55. Matchar category: ÅVC/verksamhetsavfall, waste_type: Asbest, unit_type: Vikt, factor_hint: VIKG. Skillnader service_type: Word='Abonnemang' kandidat='', container_type: Word='Säck' kandidat='', property_type: Word='Verksamhet' kandidat=''
REVIEW_REQUIRED;Taxepunkter;Bästa semantiska kandidat saknar taxekod;0.550;6.1.2;Fiskeredskap;;kilogram;;;;Kandidaten kan ge beslutsstöd men saknar taxekod. Kandidat=RULE:TAXEPUNKT  score=0.50 justerad=0.55. Matchar category: ÅVC/verksamhetsavfall, waste_type: Asbest, unit_type: Vikt, factor_hint: VIKG. Skillnader service_type: Word='Abonnemang' kandidat='', container_type: Word='Säck' kandidat='', property_type: Word='Verksamhet' kandidat=''
NEW_TAXA;SemanticDecisionEngine;Ingen kandidat över granskningsgräns;0.440;6.1.2;Ätbart fett/frityrolja;;liter;;;;Bästa kandidat var för svag. Kandidat=STANDARD SÄ160OS156 score=0.44 justerad=0.44. Matchar category: ÅVC/verksamhetsavfall, service_type: Abonnemang, container_type: Säck, unit_type: Behållarvolym. Skillnader waste_type: Word='Asbest' kandidat='', container_volume_liter: Word='' kandidat='160', property_type: Word='Verksamhet' kandidat='', factor_hint: Word='VOLYM/BEHÅLLARE' kandidat='ÅRKV'
NEW_TAXA;SemanticDecisionEngine;Ingen kandidat över granskningsgräns;0.380;6.1.2;Kvistar och grenar;;m³;;;;Bästa kandidat var för svag. Kandidat=STANDARD SÄ160OS156 score=0.38 justerad=0.38. Matchar category: ÅVC/verksamhetsavfall, service_type: Abonnemang, container_type: Säck. Skillnader waste_type: Word='Asbest' kandidat='', container_volume_liter: Word='' kandidat='160', property_type: Word='Verksamhet' kandidat='', unit_type: Word='Volym' kandidat='Behållarvolym'
NEW_TAXA;SemanticDecisionEngine;Ingen kandidat över granskningsgräns;0.410;6.1.2;Jord;;;;;;Bästa kandidat var för svag. Kandidat=STANDARD SÄ160OS156 score=0.41 justerad=0.41. Matchar category: ÅVC/verksamhetsavfall, service_type: Abonnemang, container_type: Säck. Skillnader waste_type: Word='Asbest' kandidat='', container_volume_liter: Word='' kandidat='160', property_type: Word='Verksamhet' kandidat='', unit_type: Word='' kandidat='Behållarvolym'
NEW_TAXA;SemanticDecisionEngine;Ingen kandidat över granskningsgräns;0.410;6.1.2;Sten;;;;;;Bästa kandidat var för svag. Kandidat=STANDARD SÄ160OS156 score=0.41 justerad=0.41. Matchar category: ÅVC/verksamhetsavfall, service_type: Abonnemang, container_type: Säck. Skillnader waste_type: Word='Asbest' kandidat='', container_volume_liter: Word='' kandidat='160', property_type: Word='Verksamhet' kandidat='', unit_type: Word='' kandidat='Behållarvolym'
NEW_TAXA;SemanticDecisionEngine;Ingen kandidat över granskningsgräns;0.410;6.1.2;Stubbar/rötter för krossning;;;;;;Bästa kandidat var för svag. Kandidat=STANDARD SÄ160OS156 score=0.41 justerad=0.41. Matchar category: ÅVC/verksamhetsavfall, service_type: Abonnemang, container_type: Säck. Skillnader waste_type: Word='Asbest' kandidat='', container_volume_liter: Word='' kandidat='160', property_type: Word='Verksamhet' kandidat='', unit_type: Word='' kandidat='Behållarvolym'
NEW_TAXA;SemanticDecisionEngine;Ingen kandidat över granskningsgräns;0.380;6.1.2;Flera fraktioner för egen sortering på ramp (max 2 m³);;m³;;;;Bästa kandidat var för svag. Kandidat=STANDARD SÄ160OS156 score=0.38 justerad=0.38. Matchar category: ÅVC/verksamhetsavfall, service_type: Abonnemang, container_type: Säck. Skillnader waste_type: Word='Asbest' kandidat='', container_volume_liter: Word='' kandidat='160', property_type: Word='Verksamhet' kandidat='', unit_type: Word='Volym' kandidat='Behållarvolym'
REVIEW_REQUIRED;Taxepunkter;Bästa semantiska kandidat saknar taxekod;0.560;6.1.2;Osorterat avfall till sortering (ej innehåll av farligt avfall och elavfall);;;;;;Kandidaten kan ge beslutsstöd men saknar taxekod. Kandidat=RULE:TAXEPUNKT  score=0.51 justerad=0.56. Matchar category: ÅVC/verksamhetsavfall, waste_type: Elavfall, service_type: Abonnemang. Skillnader container_type: Word='Säck' kandidat='', property_type: Word='Verksamhet' kandidat='', unit_type: Word='' kandidat='Vikt', factor_hint: Word='' kandidat='VIKG'
NEW_TAXA;SemanticDecisionEngine;Ingen kandidat över granskningsgräns;0.380;6.1.2;Tonerkassetter, utan elektronik/chip;;kilogram;;;;Bästa kandidat var för svag. Kandidat=STANDARD SÄ160OS156 score=0.38 justerad=0.38. Matchar category: ÅVC/verksamhetsavfall, service_type: Abonnemang, container_type: Säck. Skillnader waste_type: Word='Farligt avfall' kandidat='', container_volume_liter: Word='' kandidat='160', property_type: Word='Verksamhet' kandidat='', unit_type: Word='Vikt' kandidat='Behållarvolym'
REVIEW_REQUIRED;Taxepunkter;Bästa semantiska kandidat saknar taxekod;0.570;6.1.2;Oljeemulsion, emballerat;;kilogram;;;;Kandidaten kan ge beslutsstöd men saknar taxekod. Kandidat=RULE:TAXEPUNKT  score=0.52 justerad=0.57. Matchar category: ÅVC/verksamhetsavfall, waste_type: Oljeavfall, service_type: Abonnemang. Skillnader container_type: Word='Säck' kandidat='', container_volume_liter: Word='' kandidat='10', property_type: Word='Verksamhet' kandidat='', unit_type: Word='Vikt' kandidat='Behållarvolym'
REVIEW_REQUIRED;Taxepunkter;Bästa semantiska kandidat saknar taxekod;0.570;6.1.2;Förorenad olja innehållande PCB;;kilogram;;;;Kandidaten kan ge beslutsstöd men saknar taxekod. Kandidat=RULE:TAXEPUNKT  score=0.52 justerad=0.57. Matchar category: ÅVC/verksamhetsavfall, waste_type: Oljeavfall, service_type: Abonnemang. Skillnader container_type: Word='Säck' kandidat='', container_volume_liter: Word='' kandidat='10', property_type: Word='Verksamhet' kandidat='', unit_type: Word='Vikt' kandidat='Behållarvolym'
REVIEW_REQUIRED;Taxepunkter;Bästa semantiska kandidat saknar taxekod;0.570;6.1.2;Oljeavskiljarslam;;kilogram;;;;Kandidaten kan ge beslutsstöd men saknar taxekod. Kandidat=RULE:TAXEPUNKT  score=0.52 justerad=0.57. Matchar category: ÅVC/verksamhetsavfall, waste_type: Oljeavfall, service_type: Abonnemang. Skillnader container_type: Word='Säck' kandidat='', container_volume_liter: Word='' kandidat='10', property_type: Word='Verksamhet' kandidat='', unit_type: Word='Vikt' kandidat='Behållarvolym'
NEW_TAXA;SemanticDecisionEngine;Ingen kandidat över granskningsgräns;0.380;6.1.2;Diesel;;kilogram;;;;Bästa kandidat var för svag. Kandidat=STANDARD SÄ160OS156 score=0.38 justerad=0.38. Matchar category: ÅVC/verksamhetsavfall, service_type: Abonnemang, container_type: Säck. Skillnader waste_type: Word='Slam' kandidat='', container_volume_liter: Word='' kandidat='160', property_type: Word='Verksamhet' kandidat='', unit_type: Word='Vikt' kandidat='Behållarvolym'
NEW_TAXA;SemanticDecisionEngine;Ingen kandidat över granskningsgräns;0.380;6.1.2;Bensinrester;;kilogram;;;;Bästa kandidat var för svag. Kandidat=STANDARD SÄ160OS156 score=0.38 justerad=0.38. Matchar category: ÅVC/verksamhetsavfall, service_type: Abonnemang, container_type: Säck. Skillnader waste_type: Word='Slam' kandidat='', container_volume_liter: Word='' kandidat='160', property_type: Word='Verksamhet' kandidat='', unit_type: Word='Vikt' kandidat='Behållarvolym'
NEW_TAXA;SemanticDecisionEngine;Ingen kandidat över granskningsgräns;0.380;6.1.2;Hydralslang, med/utan koppling;;kilogram;;;;Bästa kandidat var för svag. Kandidat=STANDARD SÄ160OS156 score=0.38 justerad=0.38. Matchar category: ÅVC/verksamhetsavfall, service_type: Abonnemang, container_type: Säck. Skillnader waste_type: Word='Slam' kandidat='', container_volume_liter: Word='' kandidat='160', property_type: Word='Verksamhet' kandidat='', unit_type: Word='Vikt' kandidat='Behållarvolym'
REVIEW_REQUIRED;Taxepunkter;Bästa semantiska kandidat saknar taxekod;0.530;6.1.2;Förpackningar, tömde ej rengjorda;;kilogram;;;;Kandidaten kan ge beslutsstöd men saknar taxekod. Kandidat=RULE:TAXEPUNKT  score=0.48 justerad=0.53. Matchar category: ÅVC/verksamhetsavfall, waste_type: Förpackningar, service_type: Abonnemang. Skillnader container_type: Word='Säck' kandidat='', property_type: Word='Verksamhet' kandidat='', unit_type: Word='Vikt' kandidat='', factor_hint: Word='VIKG' kandidat=''
REVIEW_REQUIRED;Taxepunkter;Bästa semantiska kandidat saknar taxekod;0.530;6.1.2;Oljeavfall, fast osorterat emba;;kilogram;;;;Kandidaten kan ge beslutsstöd men saknar taxekod. Kandidat=RULE:TAXEPUNKT  score=0.48 justerad=0.53. Matchar category: ÅVC/verksamhetsavfall, waste_type: Förpackningar, service_type: Abonnemang. Skillnader container_type: Word='Säck' kandidat='', property_type: Word='Verksamhet' kandidat='', unit_type: Word='Vikt' kandidat='', factor_hint: Word='VIKG' kandidat=''
REVIEW_REQUIRED;Taxepunkter;Bästa semantiska kandidat saknar taxekod;0.530;6.1.2;Absorbermedel, filtermaterial;;kilogram;;;;Kandidaten kan ge beslutsstöd men saknar taxekod. Kandidat=RULE:TAXEPUNKT  score=0.48 justerad=0.53. Matchar category: ÅVC/verksamhetsavfall, waste_type: Förpackningar, service_type: Abonnemang. Skillnader container_type: Word='Säck' kandidat='', property_type: Word='Verksamhet' kandidat='', unit_type: Word='Vikt' kandidat='', factor_hint: Word='VIKG' kandidat=''
REVIEW_REQUIRED;Taxepunkter;Bästa semantiska kandidat saknar taxekod;0.530;6.1.2;Oljefilter;;kilogram;;;;Kandidaten kan ge beslutsstöd men saknar taxekod. Kandidat=RULE:TAXEPUNKT  score=0.48 justerad=0.53. Matchar category: ÅVC/verksamhetsavfall, waste_type: Förpackningar, service_type: Abonnemang. Skillnader container_type: Word='Säck' kandidat='', property_type: Word='Verksamhet' kandidat='', unit_type: Word='Vikt' kandidat='', factor_hint: Word='VIKG' kandidat=''
REVIEW_REQUIRED;Taxepunkter;Bästa semantiska kandidat saknar taxekod;0.530;6.1.2;Bromsvätska;;kilogram;;;;Kandidaten kan ge beslutsstöd men saknar taxekod. Kandidat=RULE:TAXEPUNKT  score=0.48 justerad=0.53. Matchar category: ÅVC/verksamhetsavfall, waste_type: Förpackningar, service_type: Abonnemang. Skillnader container_type: Word='Säck' kandidat='', property_type: Word='Verksamhet' kandidat='', unit_type: Word='Vikt' kandidat='', factor_hint: Word='VIKG' kandidat=''
NEW_TAXA;SemanticDecisionEngine;Ingen kandidat över granskningsgräns;0.380;6.1.2;Transformator, kondensator med PCB;;kilogram;;;;Bästa kandidat var för svag. Kandidat=STANDARD SÄ160OS156 score=0.38 justerad=0.38. Matchar category: ÅVC/verksamhetsavfall, service_type: Abonnemang, container_type: Säck. Skillnader waste_type: Word='Träavfall' kandidat='', container_volume_liter: Word='' kandidat='160', property_type: Word='Verksamhet' kandidat='', unit_type: Word='Vikt' kandidat='Behållarvolym'
NEW_TAXA;SemanticDecisionEngine;Ingen kandidat över granskningsgräns;0.380;6.1.2;Fogskum;;kilogram;;;;Bästa kandidat var för svag. Kandidat=STANDARD SÄ160OS156 score=0.38 justerad=0.38. Matchar category: ÅVC/verksamhetsavfall, service_type: Abonnemang, container_type: Säck. Skillnader waste_type: Word='Träavfall' kandidat='', container_volume_liter: Word='' kandidat='160', property_type: Word='Verksamhet' kandidat='', unit_type: Word='Vikt' kandidat='Behållarvolym'
NEW_TAXA;SemanticDecisionEngine;Ingen kandidat över granskningsgräns;0.380;6.1.2;Halon;;kilogram;;;;Bästa kandidat var för svag. Kandidat=STANDARD SÄ160OS156 score=0.38 justerad=0.38. Matchar category: ÅVC/verksamhetsavfall, service_type: Abonnemang, container_type: Säck. Skillnader waste_type: Word='Träavfall' kandidat='', container_volume_liter: Word='' kandidat='160', property_type: Word='Verksamhet' kandidat='', unit_type: Word='Vikt' kandidat='Behållarvolym'
NEW_TAXA;SemanticDecisionEngine;Ingen kandidat över granskningsgräns;0.380;6.1.2;Koldioxid;;kilogram;;;;Bästa kandidat var för svag. Kandidat=STANDARD SÄ160OS156 score=0.38 justerad=0.38. Matchar category: ÅVC/verksamhetsavfall, service_type: Abonnemang, container_type: Säck. Skillnader waste_type: Word='Träavfall' kandidat='', container_volume_liter: Word='' kandidat='160', property_type: Word='Verksamhet' kandidat='', unit_type: Word='Vikt' kandidat='Behållarvolym'
NEW_TAXA;SemanticDecisionEngine;Ingen kandidat över granskningsgräns;0.380;6.1.2;Brandsläckare;;kilogram;;;;Bästa kandidat var för svag. Kandidat=STANDARD SÄ160OS156 score=0.38 justerad=0.38. Matchar category: ÅVC/verksamhetsavfall, service_type: Abonnemang, container_type: Säck. Skillnader waste_type: Word='Träavfall' kandidat='', container_volume_liter: Word='' kandidat='160', property_type: Word='Verksamhet' kandidat='', unit_type: Word='Vikt' kandidat='Behållarvolym'
NEW_TAXA;SemanticDecisionEngine;Ingen kandidat över granskningsgräns;0.380;6.1.2;Helium;;kilogram;;;;Bästa kandidat var för svag. Kandidat=STANDARD SÄ160OS156 score=0.38 justerad=0.38. Matchar category: ÅVC/verksamhetsavfall, service_type: Abonnemang, container_type: Säck. Skillnader waste_type: Word='Träavfall' kandidat='', container_volume_liter: Word='' kandidat='160', property_type: Word='Verksamhet' kandidat='', unit_type: Word='Vikt' kandidat='Behållarvolym'
NEW_TAXA;SemanticDecisionEngine;Ingen kandidat över granskningsgräns;0.380;6.1.2;Tändare;;kilogram;;;;Bästa kandidat var för svag. Kandidat=STANDARD SÄ160OS156 score=0.38 justerad=0.38. Matchar category: ÅVC/verksamhetsavfall, service_type: Abonnemang, container_type: Säck. Skillnader waste_type: Word='Träavfall' kandidat='', container_volume_liter: Word='' kandidat='160', property_type: Word='Verksamhet' kandidat='', unit_type: Word='Vikt' kandidat='Behållarvolym'
NEW_TAXA;SemanticDecisionEngine;Ingen kandidat över granskningsgräns;0.380;6.1.2;Syrgas;;kilogram;;;;Bästa kandidat var för svag. Kandidat=STANDARD SÄ160OS156 score=0.38 justerad=0.38. Matchar category: ÅVC/verksamhetsavfall, service_type: Abonnemang, container_type: Säck. Skillnader waste_type: Word='Träavfall' kandidat='', container_volume_liter: Word='' kandidat='160', property_type: Word='Verksamhet' kandidat='', unit_type: Word='Vikt' kandidat='Behållarvolym'
NEW_TAXA;SemanticDecisionEngine;Ingen kandidat över granskningsgräns;0.380;6.1.2;Oxiderande fast ämne/vätska;;kilogram;;;;Bästa kandidat var för svag. Kandidat=STANDARD SÄ160OS156 score=0.38 justerad=0.38. Matchar category: ÅVC/verksamhetsavfall, service_type: Abonnemang, container_type: Säck. Skillnader waste_type: Word='Träavfall' kandidat='', container_volume_liter: Word='' kandidat='160', property_type: Word='Verksamhet' kandidat='', unit_type: Word='Vikt' kandidat='Behållarvolym'
NEW_TAXA;SemanticDecisionEngine;Ingen kandidat över granskningsgräns;0.380;6.1.2;Klorex;;kilogram;;;;Bästa kandidat var för svag. Kandidat=STANDARD SÄ160OS156 score=0.38 justerad=0.38. Matchar category: ÅVC/verksamhetsavfall, service_type: Abonnemang, container_type: Säck. Skillnader waste_type: Word='Träavfall' kandidat='', container_volume_liter: Word='' kandidat='160', property_type: Word='Verksamhet' kandidat='', unit_type: Word='Vikt' kandidat='Behållarvolym'
NEW_TAXA;SemanticDecisionEngine;Ingen kandidat över granskningsgräns;0.380;6.1.2;Aerosoler isocyanat, bekämpning;;kilogram;;;;Bästa kandidat var för svag. Kandidat=STANDARD SÄ160OS156 score=0.38 justerad=0.38. Matchar category: ÅVC/verksamhetsavfall, service_type: Abonnemang, container_type: Säck. Skillnader waste_type: Word='Träavfall' kandidat='', container_volume_liter: Word='' kandidat='160', property_type: Word='Verksamhet' kandidat='', unit_type: Word='Vikt' kandidat='Behållarvolym'
NEW_TAXA;SemanticDecisionEngine;Ingen kandidat över granskningsgräns;0.380;6.1.2;Gasol inkl tub;;kilogram;;;;Bästa kandidat var för svag. Kandidat=STANDARD SÄ160OS156 score=0.38 justerad=0.38. Matchar category: ÅVC/verksamhetsavfall, service_type: Abonnemang, container_type: Säck. Skillnader waste_type: Word='Träavfall' kandidat='', container_volume_liter: Word='' kandidat='160', property_type: Word='Verksamhet' kandidat='', unit_type: Word='Vikt' kandidat='Behållarvolym'
NEW_TAXA;SemanticDecisionEngine;Ingen kandidat över granskningsgräns;0.380;6.1.2;Gasol, blå programmet;;kilogram;;;;Bästa kandidat var för svag. Kandidat=STANDARD SÄ160OS156 score=0.38 justerad=0.38. Matchar category: ÅVC/verksamhetsavfall, service_type: Abonnemang, container_type: Säck. Skillnader waste_type: Word='Träavfall' kandidat='', container_volume_liter: Word='' kandidat='160', property_type: Word='Verksamhet' kandidat='', unit_type: Word='Vikt' kandidat='Behållarvolym'
NEW_TAXA;SemanticDecisionEngine;Ingen kandidat över granskningsgräns;0.380;6.1.2;Giftig organisk vätska;;kilogram;;;;Bästa kandidat var för svag. Kandidat=STANDARD SÄ160OS156 score=0.38 justerad=0.38. Matchar category: ÅVC/verksamhetsavfall, service_type: Abonnemang, container_type: Säck. Skillnader waste_type: Word='Träavfall' kandidat='', container_volume_liter: Word='' kandidat='160', property_type: Word='Verksamhet' kandidat='', unit_type: Word='Vikt' kandidat='Behållarvolym'
NEW_TAXA;SemanticDecisionEngine;Ingen kandidat över granskningsgräns;0.380;6.1.2;Småkemikalier, ej Hg-haltiga;;kilogram;;;;Bästa kandidat var för svag. Kandidat=STANDARD SÄ160OS156 score=0.38 justerad=0.38. Matchar category: ÅVC/verksamhetsavfall, service_type: Abonnemang, container_type: Säck. Skillnader waste_type: Word='Träavfall' kandidat='', container_volume_liter: Word='' kandidat='160', property_type: Word='Verksamhet' kandidat='', unit_type: Word='Vikt' kandidat='Behållarvolym'
NEW_TAXA;SemanticDecisionEngine;Ingen kandidat över granskningsgräns;0.380;6.1.2;Giftig oorganisk vätska;;kilogram;;;;Bästa kandidat var för svag. Kandidat=STANDARD SÄ160OS156 score=0.38 justerad=0.38. Matchar category: ÅVC/verksamhetsavfall, service_type: Abonnemang, container_type: Säck. Skillnader waste_type: Word='Träavfall' kandidat='', container_volume_liter: Word='' kandidat='160', property_type: Word='Verksamhet' kandidat='', unit_type: Word='Vikt' kandidat='Behållarvolym'
NEW_TAXA;SemanticDecisionEngine;Ingen kandidat över granskningsgräns;0.380;6.1.2;Oxidationsmedel, flytande;;kilogram;;;;Bästa kandidat var för svag. Kandidat=STANDARD SÄ160OS156 score=0.38 justerad=0.38. Matchar category: ÅVC/verksamhetsavfall, service_type: Abonnemang, container_type: Säck. Skillnader waste_type: Word='Träavfall' kandidat='', container_volume_liter: Word='' kandidat='160', property_type: Word='Verksamhet' kandidat='', unit_type: Word='Vikt' kandidat='Behållarvolym'
REVIEW_REQUIRED;Taxepunkter;Bästa semantiska kandidat saknar taxekod;0.550;6.1.2;Asbest, emballerat;;kilogram;;;;Kandidaten kan ge beslutsstöd men saknar taxekod. Kandidat=RULE:TAXEPUNKT  score=0.50 justerad=0.55. Matchar category: ÅVC/verksamhetsavfall, waste_type: Asbest, unit_type: Vikt, factor_hint: VIKG. Skillnader service_type: Word='Abonnemang' kandidat='', container_type: Word='Säck' kandidat='', property_type: Word='Verksamhet' kandidat=''
REVIEW_REQUIRED;Taxepunkter;Bästa semantiska kandidat saknar taxekod;0.550;6.1.2;Smittförande avfall;;kilogram;;;;Kandidaten kan ge beslutsstöd men saknar taxekod. Kandidat=RULE:TAXEPUNKT  score=0.50 justerad=0.55. Matchar category: ÅVC/verksamhetsavfall, waste_type: Asbest, unit_type: Vikt, factor_hint: VIKG. Skillnader service_type: Word='Abonnemang' kandidat='', container_type: Word='Säck' kandidat='', property_type: Word='Verksamhet' kandidat=''
REVIEW_REQUIRED;Taxepunkter;Bästa semantiska kandidat saknar taxekod;0.550;6.1.2;Lösningsmedel;;kilogram;;;;Kandidaten kan ge beslutsstöd men saknar taxekod. Kandidat=RULE:TAXEPUNKT  score=0.50 justerad=0.55. Matchar category: ÅVC/verksamhetsavfall, waste_type: Asbest, unit_type: Vikt, factor_hint: VIKG. Skillnader service_type: Word='Abonnemang' kandidat='', container_type: Word='Säck' kandidat='', property_type: Word='Verksamhet' kandidat=''
REVIEW_REQUIRED;Taxepunkter;Bästa semantiska kandidat saknar taxekod;0.550;6.1.2;Väteperoxid;;kilogram;;;;Kandidaten kan ge beslutsstöd men saknar taxekod. Kandidat=RULE:TAXEPUNKT  score=0.50 justerad=0.55. Matchar category: ÅVC/verksamhetsavfall, waste_type: Asbest, unit_type: Vikt, factor_hint: VIKG. Skillnader service_type: Word='Abonnemang' kandidat='', container_type: Word='Säck' kandidat='', property_type: Word='Verksamhet' kandidat=''
REVIEW_REQUIRED;Taxepunkter;Bästa semantiska kandidat saknar taxekod;0.550;6.1.2;Flourvätesyra;;kilogram;;;;Kandidaten kan ge beslutsstöd men saknar taxekod. Kandidat=RULE:TAXEPUNKT  score=0.50 justerad=0.55. Matchar category: ÅVC/verksamhetsavfall, waste_type: Asbest, unit_type: Vikt, factor_hint: VIKG. Skillnader service_type: Word='Abonnemang' kandidat='', container_type: Word='Säck' kandidat='', property_type: Word='Verksamhet' kandidat=''
REVIEW_REQUIRED;Taxepunkter;Bästa semantiska kandidat saknar taxekod;0.550;6.1.2;Svavelsyra;;kilogram;;;;Kandidaten kan ge beslutsstöd men saknar taxekod. Kandidat=RULE:TAXEPUNKT  score=0.50 justerad=0.55. Matchar category: ÅVC/verksamhetsavfall, waste_type: Asbest, unit_type: Vikt, factor_hint: VIKG. Skillnader service_type: Word='Abonnemang' kandidat='', container_type: Word='Säck' kandidat='', property_type: Word='Verksamhet' kandidat=''
REVIEW_REQUIRED;Taxepunkter;Bästa semantiska kandidat saknar taxekod;0.550;6.1.2;Salpetersyra;;kilogram;;;;Kandidaten kan ge beslutsstöd men saknar taxekod. Kandidat=RULE:TAXEPUNKT  score=0.50 justerad=0.55. Matchar category: ÅVC/verksamhetsavfall, waste_type: Asbest, unit_type: Vikt, factor_hint: VIKG. Skillnader service_type: Word='Abonnemang' kandidat='', container_type: Word='Säck' kandidat='', property_type: Word='Verksamhet' kandidat=''
REVIEW_REQUIRED;Taxepunkter;Bästa semantiska kandidat saknar taxekod;0.550;6.1.2;Surt oorganisk fast ämne;;kilogram;;;;Kandidaten kan ge beslutsstöd men saknar taxekod. Kandidat=RULE:TAXEPUNKT  score=0.50 justerad=0.55. Matchar category: ÅVC/verksamhetsavfall, waste_type: Asbest, unit_type: Vikt, factor_hint: VIKG. Skillnader service_type: Word='Abonnemang' kandidat='', container_type: Word='Säck' kandidat='', property_type: Word='Verksamhet' kandidat=''
REVIEW_REQUIRED;Taxepunkter;Bästa semantiska kandidat saknar taxekod;0.550;6.1.2;Surt organisk fast ämne;;kilogram;;;;Kandidaten kan ge beslutsstöd men saknar taxekod. Kandidat=RULE:TAXEPUNKT  score=0.50 justerad=0.55. Matchar category: ÅVC/verksamhetsavfall, waste_type: Asbest, unit_type: Vikt, factor_hint: VIKG. Skillnader service_type: Word='Abonnemang' kandidat='', container_type: Word='Säck' kandidat='', property_type: Word='Verksamhet' kandidat=''
REVIEW_REQUIRED;Taxepunkter;Bästa semantiska kandidat saknar taxekod;0.550;6.1.2;Surt oorganisk vätska;;kilogram;;;;Kandidaten kan ge beslutsstöd men saknar taxekod. Kandidat=RULE:TAXEPUNKT  score=0.50 justerad=0.55. Matchar category: ÅVC/verksamhetsavfall, waste_type: Asbest, unit_type: Vikt, factor_hint: VIKG. Skillnader service_type: Word='Abonnemang' kandidat='', container_type: Word='Säck' kandidat='', property_type: Word='Verksamhet' kandidat=''
REVIEW_REQUIRED;Taxepunkter;Bästa semantiska kandidat saknar taxekod;0.550;6.1.2;Surt organisk vätska;;kilogram;;;;Kandidaten kan ge beslutsstöd men saknar taxekod. Kandidat=RULE:TAXEPUNKT  score=0.50 justerad=0.55. Matchar category: ÅVC/verksamhetsavfall, waste_type: Asbest, unit_type: Vikt, factor_hint: VIKG. Skillnader service_type: Word='Abonnemang' kandidat='', container_type: Word='Säck' kandidat='', property_type: Word='Verksamhet' kandidat=''
REVIEW_REQUIRED;Taxepunkter;Bästa semantiska kandidat saknar taxekod;0.550;6.1.2;Ammoniaklösning;;kilogram;;;;Kandidaten kan ge beslutsstöd men saknar taxekod. Kandidat=RULE:TAXEPUNKT  score=0.50 justerad=0.55. Matchar category: ÅVC/verksamhetsavfall, waste_type: Asbest, unit_type: Vikt, factor_hint: VIKG. Skillnader service_type: Word='Abonnemang' kandidat='', container_type: Word='Säck' kandidat='', property_type: Word='Verksamhet' kandidat=''
REVIEW_REQUIRED;Taxepunkter;Bästa semantiska kandidat saknar taxekod;0.550;6.1.2;Alkaliskt avfall fast;;kilogram;;;;Kandidaten kan ge beslutsstöd men saknar taxekod. Kandidat=RULE:TAXEPUNKT  score=0.50 justerad=0.55. Matchar category: ÅVC/verksamhetsavfall, waste_type: Asbest, unit_type: Vikt, factor_hint: VIKG. Skillnader service_type: Word='Abonnemang' kandidat='', container_type: Word='Säck' kandidat='', property_type: Word='Verksamhet' kandidat=''
REVIEW_REQUIRED;Taxepunkter;Bästa semantiska kandidat saknar taxekod;0.550;6.1.2;Basiskt organiskt fast/flytande;;kilogram;;;;Kandidaten kan ge beslutsstöd men saknar taxekod. Kandidat=RULE:TAXEPUNKT  score=0.50 justerad=0.55. Matchar category: ÅVC/verksamhetsavfall, waste_type: Asbest, unit_type: Vikt, factor_hint: VIKG. Skillnader service_type: Word='Abonnemang' kandidat='', container_type: Word='Säck' kandidat='', property_type: Word='Verksamhet' kandidat=''
REVIEW_REQUIRED;Taxepunkter;Bästa semantiska kandidat saknar taxekod;0.550;6.1.2;Fotokemikalier;;kilogram;;;;Kandidaten kan ge beslutsstöd men saknar taxekod. Kandidat=RULE:TAXEPUNKT  score=0.50 justerad=0.55. Matchar category: ÅVC/verksamhetsavfall, waste_type: Asbest, unit_type: Vikt, factor_hint: VIKG. Skillnader service_type: Word='Abonnemang' kandidat='', container_type: Word='Säck' kandidat='', property_type: Word='Verksamhet' kandidat=''
REVIEW_REQUIRED;Taxepunkter;Bästa semantiska kandidat saknar taxekod;0.550;6.1.2;Bekämpningsmedel aerosoler;;kilogram;;;;Kandidaten kan ge beslutsstöd men saknar taxekod. Kandidat=RULE:TAXEPUNKT  score=0.50 justerad=0.55. Matchar category: ÅVC/verksamhetsavfall, waste_type: Asbest, unit_type: Vikt, factor_hint: VIKG. Skillnader service_type: Word='Abonnemang' kandidat='', container_type: Word='Säck' kandidat='', property_type: Word='Verksamhet' kandidat=''
REVIEW_REQUIRED;Taxepunkter;Bästa semantiska kandidat saknar taxekod;0.550;6.1.2;Bekämpningsmedel fast;;kilogram;;;;Kandidaten kan ge beslutsstöd men saknar taxekod. Kandidat=RULE:TAXEPUNKT  score=0.50 justerad=0.55. Matchar category: ÅVC/verksamhetsavfall, waste_type: Asbest, unit_type: Vikt, factor_hint: VIKG. Skillnader service_type: Word='Abonnemang' kandidat='', container_type: Word='Säck' kandidat='', property_type: Word='Verksamhet' kandidat=''
REVIEW_REQUIRED;Taxepunkter;Bästa semantiska kandidat saknar taxekod;0.550;6.1.2;Bekämpningsmedel flytande;;kilogram;;;;Kandidaten kan ge beslutsstöd men saknar taxekod. Kandidat=RULE:TAXEPUNKT  score=0.50 justerad=0.55. Matchar category: ÅVC/verksamhetsavfall, waste_type: Asbest, unit_type: Vikt, factor_hint: VIKG. Skillnader service_type: Word='Abonnemang' kandidat='', container_type: Word='Säck' kandidat='', property_type: Word='Verksamhet' kandidat=''
REVIEW_REQUIRED;Taxepunkter;Bästa semantiska kandidat saknar taxekod;0.550;6.1.2;Kvicksilverhaltigt avfall;;kilogram;;;;Kandidaten kan ge beslutsstöd men saknar taxekod. Kandidat=RULE:TAXEPUNKT  score=0.50 justerad=0.55. Matchar category: ÅVC/verksamhetsavfall, waste_type: Asbest, unit_type: Vikt, factor_hint: VIKG. Skillnader service_type: Word='Abonnemang' kandidat='', container_type: Word='Säck' kandidat='', property_type: Word='Verksamhet' kandidat=''
REVIEW_REQUIRED;Taxepunkter;Bästa semantiska kandidat saknar taxekod;0.550;6.1.2;Kvicksilver i föremål;;kilogram;;;;Kandidaten kan ge beslutsstöd men saknar taxekod. Kandidat=RULE:TAXEPUNKT  score=0.50 justerad=0.55. Matchar category: ÅVC/verksamhetsavfall, waste_type: Asbest, unit_type: Vikt, factor_hint: VIKG. Skillnader service_type: Word='Abonnemang' kandidat='', container_type: Word='Säck' kandidat='', property_type: Word='Verksamhet' kandidat=''
NEW_TAXA;SemanticDecisionEngine;Ingen kandidat över granskningsgräns;0.440;6.1.2;Oljehaltigt avfall (ej PCB);;liter;;;;Bästa kandidat var för svag. Kandidat=STANDARD SÄ160OS156 score=0.44 justerad=0.44. Matchar category: ÅVC/verksamhetsavfall, service_type: Abonnemang, container_type: Säck, unit_type: Behållarvolym. Skillnader waste_type: Word='Asbest' kandidat='', container_volume_liter: Word='' kandidat='160', property_type: Word='Verksamhet' kandidat='', factor_hint: Word='VOLYM/BEHÅLLARE' kandidat='ÅRKV'
NEW_TAXA;SemanticDecisionEngine;Ingen kandidat över granskningsgräns;0.440;6.1.2;Olja förorenad (ej PCB);;liter;;;;Bästa kandidat var för svag. Kandidat=STANDARD SÄ160OS156 score=0.44 justerad=0.44. Matchar category: ÅVC/verksamhetsavfall, service_type: Abonnemang, container_type: Säck, unit_type: Behållarvolym. Skillnader waste_type: Word='Asbest' kandidat='', container_volume_liter: Word='' kandidat='160', property_type: Word='Verksamhet' kandidat='', factor_hint: Word='VOLYM/BEHÅLLARE' kandidat='ÅRKV'
REVIEW_REQUIRED;Taxepunkter;Bästa semantiska kandidat saknar taxekod;0.550;6.1.2;Färg-, lack-, limburkar lösning;;kilogram;;;;Kandidaten kan ge beslutsstöd men saknar taxekod. Kandidat=RULE:TAXEPUNKT  score=0.50 justerad=0.55. Matchar category: ÅVC/verksamhetsavfall, waste_type: Asbest, unit_type: Vikt, factor_hint: VIKG. Skillnader service_type: Word='Abonnemang' kandidat='', container_type: Word='Säck' kandidat='', property_type: Word='Verksamhet' kandidat=''
REVIEW_REQUIRED;Taxepunkter;Bästa semantiska kandidat saknar taxekod;0.550;6.1.2;Färg-, lack-, limburkar lösning aerosoler;;kilogram;;;;Kandidaten kan ge beslutsstöd men saknar taxekod. Kandidat=RULE:TAXEPUNKT  score=0.50 justerad=0.55. Matchar category: ÅVC/verksamhetsavfall, waste_type: Asbest, unit_type: Vikt, factor_hint: VIKG. Skillnader service_type: Word='Abonnemang' kandidat='', container_type: Word='Säck' kandidat='', property_type: Word='Verksamhet' kandidat=''
REVIEW_REQUIRED;Taxepunkter;Bästa semantiska kandidat saknar taxekod;0.550;6.1.2;Isocyanater;;kilogram;;;;Kandidaten kan ge beslutsstöd men saknar taxekod. Kandidat=RULE:TAXEPUNKT  score=0.50 justerad=0.55. Matchar category: ÅVC/verksamhetsavfall, waste_type: Asbest, unit_type: Vikt, factor_hint: VIKG. Skillnader service_type: Word='Abonnemang' kandidat='', container_type: Word='Säck' kandidat='', property_type: Word='Verksamhet' kandidat=''
REVIEW_REQUIRED;Taxepunkter;Bästa semantiska kandidat saknar taxekod;0.550;6.1.2;Härdare metyl- etylketonperoxid;;kilogram;;;;Kandidaten kan ge beslutsstöd men saknar taxekod. Kandidat=RULE:TAXEPUNKT  score=0.50 justerad=0.55. Matchar category: ÅVC/verksamhetsavfall, waste_type: Asbest, unit_type: Vikt, factor_hint: VIKG. Skillnader service_type: Word='Abonnemang' kandidat='', container_type: Word='Säck' kandidat='', property_type: Word='Verksamhet' kandidat=''
REVIEW_REQUIRED;Taxepunkter;Bästa semantiska kandidat saknar taxekod;0.550;6.1.2;Härdare dibenzoylperoxid;;kilogram;;;;Kandidaten kan ge beslutsstöd men saknar taxekod. Kandidat=RULE:TAXEPUNKT  score=0.50 justerad=0.55. Matchar category: ÅVC/verksamhetsavfall, waste_type: Asbest, unit_type: Vikt, factor_hint: VIKG. Skillnader service_type: Word='Abonnemang' kandidat='', container_type: Word='Säck' kandidat='', property_type: Word='Verksamhet' kandidat=''
REVIEW_REQUIRED;Taxepunkter;Bästa semantiska kandidat saknar taxekod;0.550;6.1.2;Färg-,lack-, limburkar vattenbaserade;;kilogram;;;;Kandidaten kan ge beslutsstöd men saknar taxekod. Kandidat=RULE:TAXEPUNKT  score=0.50 justerad=0.55. Matchar category: ÅVC/verksamhetsavfall, waste_type: Asbest, unit_type: Vikt, factor_hint: VIKG. Skillnader service_type: Word='Abonnemang' kandidat='', container_type: Word='Säck' kandidat='', property_type: Word='Verksamhet' kandidat=''
REVIEW_REQUIRED;Taxepunkter;Bästa semantiska kandidat saknar taxekod;0.550;6.1.2;Tensida alkaliska flytande avfall;;kilogram;;;;Kandidaten kan ge beslutsstöd men saknar taxekod. Kandidat=RULE:TAXEPUNKT  score=0.50 justerad=0.55. Matchar category: ÅVC/verksamhetsavfall, waste_type: Asbest, unit_type: Vikt, factor_hint: VIKG. Skillnader service_type: Word='Abonnemang' kandidat='', container_type: Word='Säck' kandidat='', property_type: Word='Verksamhet' kandidat=''
REVIEW_REQUIRED;Taxepunkter;Bästa semantiska kandidat saknar taxekod;0.550;6.1.2;Rengöring/vaskmedel fast;;kilogram;;;;Kandidaten kan ge beslutsstöd men saknar taxekod. Kandidat=RULE:TAXEPUNKT  score=0.50 justerad=0.55. Matchar category: ÅVC/verksamhetsavfall, waste_type: Asbest, unit_type: Vikt, factor_hint: VIKG. Skillnader service_type: Word='Abonnemang' kandidat='', container_type: Word='Säck' kandidat='', property_type: Word='Verksamhet' kandidat=''
REVIEW_REQUIRED;Taxepunkter;Bästa semantiska kandidat saknar taxekod;0.550;6.1.2;Alkaliska flytande avfall;;kilogram;;;;Kandidaten kan ge beslutsstöd men saknar taxekod. Kandidat=RULE:TAXEPUNKT  score=0.50 justerad=0.55. Matchar category: ÅVC/verksamhetsavfall, waste_type: Asbest, unit_type: Vikt, factor_hint: VIKG. Skillnader service_type: Word='Abonnemang' kandidat='', container_type: Word='Säck' kandidat='', property_type: Word='Verksamhet' kandidat=''
REVIEW_REQUIRED;Taxepunkter;Bästa semantiska kandidat saknar taxekod;0.550;6.1.2;Cytotoxiska läkemedel, cytostat;;kilogram;;;;Kandidaten kan ge beslutsstöd men saknar taxekod. Kandidat=RULE:TAXEPUNKT  score=0.50 justerad=0.55. Matchar category: ÅVC/verksamhetsavfall, waste_type: Asbest, unit_type: Vikt, factor_hint: VIKG. Skillnader service_type: Word='Abonnemang' kandidat='', container_type: Word='Säck' kandidat='', property_type: Word='Verksamhet' kandidat=''
REVIEW_REQUIRED;Taxepunkter;Bästa semantiska kandidat saknar taxekod;0.550;6.1.2;Rökdetektor med andra isotoper;;kilogram;;;;Kandidaten kan ge beslutsstöd men saknar taxekod. Kandidat=RULE:TAXEPUNKT  score=0.50 justerad=0.55. Matchar category: ÅVC/verksamhetsavfall, waste_type: Asbest, unit_type: Vikt, factor_hint: VIKG. Skillnader service_type: Word='Abonnemang' kandidat='', container_type: Word='Säck' kandidat='', property_type: Word='Verksamhet' kandidat=''
REVIEW_REQUIRED;Taxepunkter;Bästa semantiska kandidat saknar taxekod;0.550;6.1.2;Rökdetektor med Am 241;;kilogram;;;;Kandidaten kan ge beslutsstöd men saknar taxekod. Kandidat=RULE:TAXEPUNKT  score=0.50 justerad=0.55. Matchar category: ÅVC/verksamhetsavfall, waste_type: Asbest, unit_type: Vikt, factor_hint: VIKG. Skillnader service_type: Word='Abonnemang' kandidat='', container_type: Word='Säck' kandidat='', property_type: Word='Verksamhet' kandidat=''
REVIEW_REQUIRED;Taxepunkter;Bästa semantiska kandidat saknar taxekod;0.550;6.1.2;Batterier stav, pencell;;kilogram;;;;Kandidaten kan ge beslutsstöd men saknar taxekod. Kandidat=RULE:TAXEPUNKT  score=0.50 justerad=0.55. Matchar category: ÅVC/verksamhetsavfall, waste_type: Asbest, unit_type: Vikt, factor_hint: VIKG. Skillnader service_type: Word='Abonnemang' kandidat='', container_type: Word='Säck' kandidat='', property_type: Word='Verksamhet' kandidat=''
REVIEW_REQUIRED;Taxepunkter;Bästa semantiska kandidat saknar taxekod;0.550;6.1.2;Batterier lithium;;kilogram;;;;Kandidaten kan ge beslutsstöd men saknar taxekod. Kandidat=RULE:TAXEPUNKT  score=0.50 justerad=0.55. Matchar category: ÅVC/verksamhetsavfall, waste_type: Asbest, unit_type: Vikt, factor_hint: VIKG. Skillnader service_type: Word='Abonnemang' kandidat='', container_type: Word='Säck' kandidat='', property_type: Word='Verksamhet' kandidat=''
NEW_TAXA;SemanticDecisionEngine;Ingen kandidat över granskningsgräns;0.380;6.1.2;Bil-, mcbatteri med bly;;styck;;;;Bästa kandidat var för svag. Kandidat=STANDARD SÄ160OS156 score=0.38 justerad=0.38. Matchar category: ÅVC/verksamhetsavfall, service_type: Abonnemang, container_type: Säck. Skillnader waste_type: Word='Asbest' kandidat='', container_volume_liter: Word='' kandidat='160', property_type: Word='Verksamhet' kandidat='', unit_type: Word='Styck' kandidat='Behållarvolym'
REVIEW_REQUIRED;Taxepunkter;Bästa semantiska kandidat saknar taxekod;0.550;6.1.2;Glödlampor;;kilogram;;;;Kandidaten kan ge beslutsstöd men saknar taxekod. Kandidat=RULE:TAXEPUNKT  score=0.50 justerad=0.55. Matchar category: ÅVC/verksamhetsavfall, waste_type: Asbest, unit_type: Vikt, factor_hint: VIKG. Skillnader service_type: Word='Abonnemang' kandidat='', container_type: Word='Säck' kandidat='', property_type: Word='Verksamhet' kandidat=''
REVIEW_REQUIRED;Taxepunkter;Bästa semantiska kandidat saknar taxekod;0.550;6.1.2;Lysrör;;kilogram;;;;Kandidaten kan ge beslutsstöd men saknar taxekod. Kandidat=RULE:TAXEPUNKT  score=0.50 justerad=0.55. Matchar category: ÅVC/verksamhetsavfall, waste_type: Asbest, unit_type: Vikt, factor_hint: VIKG. Skillnader service_type: Word='Abonnemang' kandidat='', container_type: Word='Säck' kandidat='', property_type: Word='Verksamhet' kandidat=''
REVIEW_REQUIRED;Taxepunkter;Bästa semantiska kandidat saknar taxekod;0.550;6.1.2;Elavfall, små elektronik;;kilogram;;;;Kandidaten kan ge beslutsstöd men saknar taxekod. Kandidat=RULE:TAXEPUNKT  score=0.50 justerad=0.55. Matchar category: ÅVC/verksamhetsavfall, waste_type: Asbest, unit_type: Vikt, factor_hint: VIKG. Skillnader service_type: Word='Abonnemang' kandidat='', container_type: Word='Säck' kandidat='', property_type: Word='Verksamhet' kandidat=''
REVIEW_REQUIRED;Taxepunkter;Bästa semantiska kandidat saknar taxekod;0.550;6.1.2;El-avfall fast installation;;kilogram;;;;Kandidaten kan ge beslutsstöd men saknar taxekod. Kandidat=RULE:TAXEPUNKT  score=0.50 justerad=0.55. Matchar category: ÅVC/verksamhetsavfall, waste_type: Asbest, unit_type: Vikt, factor_hint: VIKG. Skillnader service_type: Word='Abonnemang' kandidat='', container_type: Word='Säck' kandidat='', property_type: Word='Verksamhet' kandidat=''
REVIEW_REQUIRED;Taxepunkter;Bästa semantiska kandidat saknar taxekod;0.550;6.1.2;El-avfall kabel;;kilogram;;;;Kandidaten kan ge beslutsstöd men saknar taxekod. Kandidat=RULE:TAXEPUNKT  score=0.50 justerad=0.55. Matchar category: ÅVC/verksamhetsavfall, waste_type: Asbest, unit_type: Vikt, factor_hint: VIKG. Skillnader service_type: Word='Abonnemang' kandidat='', container_type: Word='Säck' kandidat='', property_type: Word='Verksamhet' kandidat=''
REVIEW_REQUIRED;Taxepunkter;Bästa semantiska kandidat saknar taxekod;0.550;6.1.2;Toner, färgpatron med elektronik;;kilogram;;;;Kandidaten kan ge beslutsstöd men saknar taxekod. Kandidat=RULE:TAXEPUNKT  score=0.50 justerad=0.55. Matchar category: ÅVC/verksamhetsavfall, waste_type: Asbest, unit_type: Vikt, factor_hint: VIKG. Skillnader service_type: Word='Abonnemang' kandidat='', container_type: Word='Säck' kandidat='', property_type: Word='Verksamhet' kandidat=''
REVIEW_REQUIRED;Taxepunkter;Bästa semantiska kandidat saknar taxekod;0.550;6.1.2;Tv, radio, skärm, skrivare utan färgpatron;;kilogram;;;;Kandidaten kan ge beslutsstöd men saknar taxekod. Kandidat=RULE:TAXEPUNKT  score=0.50 justerad=0.55. Matchar category: ÅVC/verksamhetsavfall, waste_type: Asbest, unit_type: Vikt, factor_hint: VIKG. Skillnader service_type: Word='Abonnemang' kandidat='', container_type: Word='Säck' kandidat='', property_type: Word='Verksamhet' kandidat=''
NEW_TAXA;SemanticDecisionEngine;Ingen kandidat över granskningsgräns;0.380;6.1.2;Kyl-, frysskåp, -box;;styck;;;;Bästa kandidat var för svag. Kandidat=STANDARD SÄ160OS156 score=0.38 justerad=0.38. Matchar category: ÅVC/verksamhetsavfall, service_type: Abonnemang, container_type: Säck. Skillnader waste_type: Word='Asbest' kandidat='', container_volume_liter: Word='' kandidat='160', property_type: Word='Verksamhet' kandidat='', unit_type: Word='Styck' kandidat='Behållarvolym'
REVIEW_REQUIRED;Taxepunkter;Bästa semantiska kandidat saknar taxekod;0.550;6.1.2;Kyl-, frysskåp, -box från verksamhet;;kilogram;;;;Kandidaten kan ge beslutsstöd men saknar taxekod. Kandidat=RULE:TAXEPUNKT  score=0.50 justerad=0.55. Matchar category: ÅVC/verksamhetsavfall, waste_type: Asbest, unit_type: Vikt, factor_hint: VIKG. Skillnader service_type: Word='Abonnemang' kandidat='', container_type: Word='Säck' kandidat='', property_type: Word='Verksamhet' kandidat=''
NEW_TAXA;SemanticDecisionEngine;Ingen kandidat över granskningsgräns;0.380;6.1.2;Spis, tvätt-, diskmaskin;;styck;;;;Bästa kandidat var för svag. Kandidat=STANDARD SÄ160OS156 score=0.38 justerad=0.38. Matchar category: ÅVC/verksamhetsavfall, service_type: Abonnemang, container_type: Säck. Skillnader waste_type: Word='Asbest' kandidat='', container_volume_liter: Word='' kandidat='160', property_type: Word='Verksamhet' kandidat='', unit_type: Word='Styck' kandidat='Behållarvolym'
REVIEW_REQUIRED;Taxepunkter;Bästa semantiska kandidat saknar taxekod;0.550;6.1.2;Spis, tvätt-, diskmaskin från verksamhet;;kilogram;;;;Kandidaten kan ge beslutsstöd men saknar taxekod. Kandidat=RULE:TAXEPUNKT  score=0.50 justerad=0.55. Matchar category: ÅVC/verksamhetsavfall, waste_type: Asbest, unit_type: Vikt, factor_hint: VIKG. Skillnader service_type: Word='Abonnemang' kandidat='', container_type: Word='Säck' kandidat='', property_type: Word='Verksamhet' kandidat=''
REVIEW_REQUIRED;Taxepunkter;Bästa semantiska kandidat saknar taxekod;0.450;6.1.3;Container X m3;;m³;;;;Kandidaten kan ge beslutsstöd men saknar taxekod. Kandidat=RULE:TAXEPUNKT  score=0.40 justerad=0.45. Matchar category: Verksamhetsavfall, container_type: Container, unit_type: Volym, factor_hint: VOLM. Skillnader waste_type: Word='Asbest' kandidat='', service_type: Word='Abonnemang' kandidat='', container_volume_liter: Word='' kandidat='3m3', property_type: Word='Verksamhet' kandidat=''
REVIEW_REQUIRED;Taxepunkter;Bästa semantiska kandidat saknar taxekod;0.450;6.1.3;Container X m3;;m³;;;;Kandidaten kan ge beslutsstöd men saknar taxekod. Kandidat=RULE:TAXEPUNKT  score=0.40 justerad=0.45. Matchar category: Verksamhetsavfall, container_type: Container, unit_type: Volym, factor_hint: VOLM. Skillnader waste_type: Word='Asbest' kandidat='', service_type: Word='Abonnemang' kandidat='', container_volume_liter: Word='' kandidat='3m3', property_type: Word='Verksamhet' kandidat=''
REVIEW_REQUIRED;Taxepunkter;Bästa semantiska kandidat saknar taxekod;0.450;6.1.3;Container X m3;;m³;;;;Kandidaten kan ge beslutsstöd men saknar taxekod. Kandidat=RULE:TAXEPUNKT  score=0.40 justerad=0.45. Matchar category: Verksamhetsavfall, container_type: Container, unit_type: Volym, factor_hint: VOLM. Skillnader waste_type: Word='Asbest' kandidat='', service_type: Word='Abonnemang' kandidat='', container_volume_liter: Word='' kandidat='3m3', property_type: Word='Verksamhet' kandidat=''
REVIEW_REQUIRED;Taxepunkter;Bästa semantiska kandidat saknar taxekod;0.360;6.1.3;Omklassning av felsorterad container;;container;;;;Kandidaten kan ge beslutsstöd men saknar taxekod. Kandidat=RULE:TAXEPUNKT  score=0.31 justerad=0.36. Matchar category: Verksamhetsavfall, container_type: Container. Skillnader waste_type: Word='Asbest' kandidat='', service_type: Word='Abonnemang' kandidat='', container_volume_liter: Word='' kandidat='3m3', property_type: Word='Verksamhet' kandidat=''
NEW_TAXA;SemanticDecisionEngine;Ingen kandidat över granskningsgräns;0.470;6.1.4;Okänt farligt avfall (säkerhetsdatablad saknas);;fraktion;;;;Bästa kandidat var för svag. Kandidat=RULE:EDP EJKLASSFA score=0.37 justerad=0.47. Matchar waste_type: Farligt avfall, service_type: Abonnemang. Skillnader category: Word='Verksamhetsavfall' kandidat='Okänd', container_type: Word='Container' kandidat='', property_type: Word='Verksamhet' kandidat='', unit_type: Word='' kandidat='Tillfälle'
REVIEW_REQUIRED;Taxepunkter;Bästa semantiska kandidat saknar taxekod;0.510;6.1.4;Ombud för rapportering av farligt avfall i Avfallsregistret;;tillfälle;;;;Kandidaten kan ge beslutsstöd men saknar taxekod. Kandidat=RULE:TAXEPUNKT  score=0.46 justerad=0.51. Matchar waste_type: Farligt avfall, service_type: Abonnemang, unit_type: Tillfälle, factor_hint: TILLFÄLLE. Skillnader category: Word='Verksamhetsavfall' kandidat='Hushåll', container_type: Word='Container' kandidat='', property_type: Word='Verksamhet' kandidat=''
NEW_TAXA;SemanticDecisionEngine;Ingen kandidat över granskningsgräns;0.340;6.1.4;Administrativ rapporteringsavgift till Avfallsregistret;;tillfälle;;;;Bästa kandidat var för svag. Kandidat=RULE:EDP BYGGRIVTRÄ score=0.24 justerad=0.34. Matchar waste_type: Träavfall. Skillnader category: Word='Verksamhetsavfall' kandidat='Okänd', service_type: Word='Abonnemang' kandidat='', container_type: Word='Container' kandidat='', property_type: Word='Verksamhet' kandidat=''
NEW_TAXA;SemanticDecisionEngine;Ingen kandidat över granskningsgräns;0.340;6.1.4;Ombud för registrering av El-kretsen avlämnarintyg i Hämtplatsportalen;;tillfälle;;;;Bästa kandidat var för svag. Kandidat=RULE:EDP BYGGRIVTRÄ score=0.24 justerad=0.34. Matchar waste_type: Träavfall. Skillnader category: Word='Verksamhetsavfall' kandidat='Okänd', service_type: Word='Abonnemang' kandidat='', container_type: Word='Container' kandidat='', property_type: Word='Verksamhet' kandidat=''
