tax_code;family_code;variant_key;volume_liter;waste_code;interval;variant;usage_type;source;source_text
H120;;120;120;;;;;RULE:Taxa_från_edp:75;120 L KÄRL 14-DAG. HÄMTN. Okänd Behållarvolym ÅRKV H120 | 120 L KÄRL 14-DAG. HÄMTN. | ÅRKV | 14-dagars hämtning 120 l kärl | ANTB
H120;;120;120;;;;;RULE:Taxa_från_edp:76;120 L KÄRL 14-DAG. HÄMTN. Okänd Behållarvolym ÅRPR H120 | 120 L KÄRL 14-DAG. HÄMTN. | ÅRPR | Grundavgift | 
HU120;;120;120;;;;;RULE:Taxa_från_edp:93;120 L KÄRL UTAN GRUNDAVGIFT Okänd Behållarvolym ÅRKV HU120 | 120 L KÄRL UTAN GRUNDAVGIFT | ÅRKV | Sophämtning 120 l kärl | ANTB
HF120;;120|FRITID;120;;;;FRITID;RULE:Taxa_från_edp:86;120 L KÄRL FRITIDSHUS Okänd Behållarvolym ÅRKV HF120 | 120 L KÄRL FRITIDSHUS | ÅRKV | 14-dagars hämtning 120 l kärl | ANTB
HF120;;120|FRITID;120;;;;FRITID;RULE:Taxa_från_edp:87;120 L KÄRL FRITIDSHUS Okänd Behållarvolym ÅRPR HF120 | 120 L KÄRL FRITIDSHUS | ÅRPR | Grundavgift | 
HUF120;;120|FRITID;120;;;;FRITID;RULE:Taxa_från_edp:97;120 L KÄRL FRITIDSHUS UTAN GRUNDAVG. Okänd Behållarvolym ÅRKV HUF120 | 120 L KÄRL FRITIDSHUS UTAN GRUNDAVG. | ÅRKV | Sophämtning 120 lit kärl | ANTB
FPASÄCK125;;125|PA;125;PA;;;;STANDARD:Standard Avfall:289;Försäljning pappersäck, 125 L KVAN ANTL
HKÄ140;;140;140;;;;;STANDARD:Standard Avfall:451;Hyra kärl, 140 liter ÅRKV ANTB
EVEKÄ140MA;;140|MA;140;MA;;;;RULE:Taxa_från_edp:44;Evenemangskärl 140 L, matavfall Okänd Matavfall Behållarvolym KVAN EVEKÄ140MA | Evenemangskärl 140 L, matavfall | KVAN | Evenemangskärl 140 L, matavfall | ANTL
FPASÄCK160;;160|PA;160;PA;;;;STANDARD:Standard Avfall:290;Försäljning pappersäck, 160 L KVAN ANTL
DE190;;190;190;;;;;RULE:Taxa_från_edp:42;190 L KÄRL DELAT Okänd Behållarvolym ÅRKV DE190 | 190 L KÄRL DELAT | ÅRKV | Sophämtning delat 190 l kärl | ANTB
H190;;190;190;;;;;RULE:Taxa_från_edp:77;190 L KÄRL 14-DAG. HÄMTN. Okänd Behållarvolym ÅRKV H190 | 190 L KÄRL 14-DAG. HÄMTN. | ÅRKV | 14-dagars hämtning 190 l kärl | ANTB
H190;;190;190;;;;;RULE:Taxa_från_edp:78;190 L KÄRL 14-DAG. HÄMTN. Okänd Behållarvolym ÅRPR H190 | 190 L KÄRL 14-DAG. HÄMTN. | ÅRPR | Grundavgift | 
H190TT;;190;190;;;;;RULE:Taxa_från_edp:79;190 L KÄRL tillf tjänst Okänd Behållarvolym KVAN H190TT | 190 L KÄRL tillf tjänst | KVAN | 190 L KÄRL tillf tjänst | ANTL
HF190T;;190;190;;;;;RULE:Taxa_från_edp:90;190 L KÄRL tillf tjänst Okänd Behållarvolym KVAN HF190T | 190 L KÄRL tillf tjänst | KVAN | 190 L KÄRL tillf tjänst | ANTL
HKÄ190;;190;190;;;;;STANDARD:Standard Avfall:452;Hyra kärl, 190 liter ÅRKV ANTB
HU190;;190;190;;;;;RULE:Taxa_från_edp:94;190 L KÄRL UTAN GRUNDAVGIFT Okänd Behållarvolym ÅRKV HU190 | 190 L KÄRL UTAN GRUNDAVGIFT | ÅRKV | Sophämtning 190 l kärl | ANTB
HF190;;190|FRITID;190;;;;FRITID;RULE:Taxa_från_edp:88;190 L KÄRL FRITIDSHUS Okänd Behållarvolym ÅRKV HF190 | 190 L KÄRL FRITIDSHUS | ÅRKV | 14-dagars hämtning 190 l kärl | ANTB
HF190;;190|FRITID;190;;;;FRITID;RULE:Taxa_från_edp:89;190 L KÄRL FRITIDSHUS Okänd Behållarvolym ÅRPR HF190 | 190 L KÄRL FRITIDSHUS | ÅRPR | Grundavgift | 
EVEKÄ190RE;;190|RE;190;RE;;;;RULE:Taxa_från_edp:45;Evenemangskärl 190 L, restavfall Okänd Restavfall Behållarvolym KVAN EVEKÄ190RE | Evenemangskärl 190 L, restavfall | KVAN | Evenemangskärl 190 L, restavfall | ANTL
MB1300OS104;;2;;;2;;;STANDARD:Standard Avfall:241;Markbehållare 1,3 m³, osorterat avfall. 2ggr/ vecka ÅRKV ANTB
MB1600OS104;;2;;;2;;;STANDARD:Standard Avfall:253;Markbehållare 1,6 m³, osorterat avfall. 2ggr/ vecka ÅRKV ANTB
MB2200OS104;;2;;;2;;;STANDARD:Standard Avfall:259;Markbehållare 2,2 m³, osorterat avfall. 2ggr/ vecka ÅRKV ANTB
MB3200OS104;;2;;;2;;;STANDARD:Standard Avfall:265;Markbehållare 3,2 m³, osorterat avfall. 2ggr/ vecka ÅRKV ANTB
MB5000OS104;;2;;;2;;;STANDARD:Standard Avfall:271;Markbehållare 5 m³, osorterat avfall. 2ggr/ vecka ÅRKV ANTB
FKOMPKASSE22;;22;22;;;;;STANDARD:Standard Avfall:279;Försäljning kompostkassar, 22 L KVAN ANTL
FKOMPSTÄLL22;;22;22;;;;;STANDARD:Standard Avfall:281;Försäljning ställning för 22 L kompostkasse KVAN ANTL
HKÄ240;;240;240;;;;;STANDARD:Standard Avfall:453;Hyra kärl, 240 liter ÅRKV ANTB
TEST240OFFG13;;240|GF|LÅS;240;GF;;LÅS;;RULE:Taxa_från_edp:218;240 2-DELAT KÄRL/4:E VECKA FÄRGAT O OFÄRGAT GLAS TEST Okänd ÅRKV TEST240OFFG13 | 240 2-DELAT KÄRL/4:E VECKA FÄRGAT O OFÄRGAT GLAS TEST | ÅRKV | 240 l kärl/4 vecka test glas färgat ofärgata | ANTB
TEST240OFFG13;;240|GF|LÅS;240;GF;;LÅS;;RULE:Taxa_från_edp:219;240 2-DELAT KÄRL/4:E VECKA FÄRGAT O OFÄRGAT GLAS TEST Okänd KVAN TEST240OFFG13 | 240 2-DELAT KÄRL/4:E VECKA FÄRGAT O OFÄRGAT GLAS TEST | KVAN | 240 l viktavgift färgat ofärgat test | VIKG
VIKTMAT;;240|MA|VIKTMAT;240;MA;;VIKTMAT;;RULE:Taxa_från_edp:266;Tvåfackskärl 240 liter viktavgift Okänd Behållarvolym KVAN VIKTMAT | Tvåfackskärl 240 liter viktavgift | KVAN | Viktavgift matavfall | VIKG,MAX60
VIKTMAT;;240|MA|VIKTMAT;240;MA;;VIKTMAT;;RULE:Taxa_från_edp:267;Tvåfackskärl 240 liter viktavgift Okänd Behållarvolym KVAN VIKTMAT | Tvåfackskärl 240 liter viktavgift | KVAN | Vikt över 60 kg, matavfall | VIKG-60,MIN0
TEST240METE13;;240|ME;240;ME;;;;RULE:Taxa_från_edp:216;240L 2- delat kärl/4:e vecka metall, textil TEST Okänd Metall Behållarvolym ÅRKV TEST240METE13 | 240L 2- delat kärl/4:e vecka metall, textil TEST | ÅRKV | 240 L kärl/4:e vecka metall textil TEST | ANTB
TEST240METE13;;240|ME;240;ME;;;;RULE:Taxa_från_edp:217;240L 2- delat kärl/4:e vecka metall, textil TEST Okänd Metall Behållarvolym KVAN TEST240METE13 | 240L 2- delat kärl/4:e vecka metall, textil TEST | KVAN | 240 L kärl viktavgift metall textil TEST | VIKG
FPASÄCK240;;240|PA;240;PA;;;;STANDARD:Standard Avfall:291;Försäljning pappersäck, 240 L KVAN ANTL
FPLSÄCK240;;240|PL|LÅS;240;PL;;LÅS;;STANDARD:Standard Avfall:293;Försäljning plastsäck, 240 L KVAN ANTL
FPASÄCK350;;350|PA;350;PA;;;;STANDARD:Standard Avfall:292;Försäljning pappersäck, 350 L KVAN ANTL
FPLSÄCK350;;350|PL|LÅS;350;PL;;LÅS;;STANDARD:Standard Avfall:294;Försäljning plastsäck, 350 L KVAN ANTL
H370;;370;370;;;;;RULE:Taxa_från_edp:80;370 L KÄRL 14-DAG. HÄMTN. Okänd Behållarvolym ÅRKV H370 | 370 L KÄRL 14-DAG. HÄMTN. | ÅRKV | 14-dagars hämtning 370 l kärl | ANTB
H370;;370;370;;;;;RULE:Taxa_från_edp:81;370 L KÄRL 14-DAG. HÄMTN. Okänd Behållarvolym ÅRPR H370 | 370 L KÄRL 14-DAG. HÄMTN. | ÅRPR | Grundavgift | 
HKÄ370;;370;370;;;;;STANDARD:Standard Avfall:454;Hyra kärl, 370 liter ÅRKV ANTB
HU370;;370;370;;;;;RULE:Taxa_från_edp:95;370 L KÄRL UTAN GRUNDAVGIFT Okänd Behållarvolym ÅRKV HU370 | 370 L KÄRL UTAN GRUNDAVGIFT | ÅRKV | Sophämtning 370 l kärl | ANTB
HF370;;370|FRITID;370;;;;FRITID;RULE:Taxa_från_edp:91;370 L KÄRL FRITIDSHUS Okänd Behållarvolym ÅRKV HF370 | 370 L KÄRL FRITIDSHUS | ÅRKV | 14-dagars hämtning 370 l kärl | ANTB
HF370;;370|FRITID;370;;;;FRITID;RULE:Taxa_från_edp:92;370 L KÄRL FRITIDSHUS Okänd Behållarvolym ÅRPR HF370 | 370 L KÄRL FRITIDSHUS | ÅRPR | Grundavgift | 
HUF370;;370|FRITID;370;;;;FRITID;RULE:Taxa_från_edp:98;370 L KÄRL FRITIDSHUS UTAN GRUNDAVG. Okänd Behållarvolym ÅRKV HUF370 | 370 L KÄRL FRITIDSHUS UTAN GRUNDAVG. | ÅRKV | Sophämtning 370 l kärl | ANTB
TEST 370VV;;370|PL|LÅS;370;PL;;LÅS;;RULE:Taxa_från_edp:214;370 L KÄRL/14 DGR 2-DELAT PAPPER OCH PLAST Okänd Plast Behållarvolym ÅRKV TEST 370VV | 370 L KÄRL/14 DGR 2-DELAT PAPPER OCH PLAST | ÅRKV | Kärl 370 L kärl test papper plast | ANTB
TEST 370VV;;370|PL|LÅS;370;PL;;LÅS;;RULE:Taxa_från_edp:215;370 L KÄRL/14 DGR 2-DELAT PAPPER OCH PLAST Okänd Plast Behållarvolym KVAN TEST 370VV | 370 L KÄRL/14 DGR 2-DELAT PAPPER OCH PLAST | KVAN | Kärl 370 L kärl test viktavgift papper plast | VIKG
LATRINBEHÅLL;;37|LATRINBEHÅLL|VERKSAMHET;37;;;LATRINBEHÅLL;VERKSAMHET;RULE:Taxepunkter:197;Latrinbehållare 37 liter inkl. mottagning och behandling Flerbostad/verksamhet Styck KVAN 37 §3.4.1 | §3.4.1 | Latrinbehållare 37 liter inkl. mottagning och behandling |  | st | LATRINBEHÅLL | LATRINBEHÅLL | KVAN |  |  |  | 
KK400OS26;;400;400;;;;;STANDARD:Standard Avfall:172;Kärl komp. 400 L, osort. avfall. Var 14:e dag ÅRKV ANTB
KK400OS52;;400;400;;;;;STANDARD:Standard Avfall:171;Kärl komp. 400 L, osort. avfall. Varje vecka ÅRKV ANTB
KK400OS104;;400|2;400;;2;;;STANDARD:Standard Avfall:170;Kärl komp. 400 L, osort. avfall. 2ggr/ vecka ÅRKV ANTB
FKOMPPSÄCK45;;45;45;;;;;STANDARD:Standard Avfall:280;Försäljning kompostsäckar, 45 L KVAN ANTL
FKOMPSTÄLL45;;45;45;;;;;STANDARD:Standard Avfall:282;Försäljning ställning för 45 L kompostsäck, enkelställ på hjul KVAN ANTL
FKOMPSTÄLL45D;;45;45;;;;;STANDARD:Standard Avfall:283;Försäljning ställning för 45 L kompostsäck, dubbelställ på hjul KVAN ANTL
H660;;660;660;;;;;RULE:Taxa_från_edp:82;660 L KÄRL 14-DAG. HÄMTN. Okänd Behållarvolym ÅRKV H660 | 660 L KÄRL 14-DAG. HÄMTN. | ÅRKV | 14-dagars hämtning 660 l kärl | ANTB
HKÄ660;;660;660;;;;;STANDARD:Standard Avfall:455;Hyra kärl, 660 liter ÅRKV ANTB
HU660;;660;660;;;;;RULE:Taxa_från_edp:96;660 L KÄRL UTAN GRUNDAVGIFT Okänd Behållarvolym ÅRKV HU660 | 660 L KÄRL UTAN GRUNDAVGIFT | ÅRKV | Sophämtning 660 l kärl | ANTB
EVEKÄ660RE;;660|RE;660;RE;;;;RULE:Taxa_från_edp:46;Evenemangskärl 660 L, restavfall Okänd Restavfall Behållarvolym KVAN EVEKÄ660RE | Evenemangskärl 660 L, restavfall | KVAN | Evenemangskärl 660 L, restavfall | ANTL
A;;A;;;;A;;RULE:Taxa_från_edp:2;AVLOPP BOSTADSHUS Okänd ÅRPR A | AVLOPP BOSTADSHUS | ÅRPR | Avlopp bostadshus | 
AFC;;AFC|FRITID;;;;AFC;FRITID;RULE:Taxa_från_edp:4;AVLOPP FRITIDSHUS CAMPING Okänd ÅRKV AFC | AVLOPP FRITIDSHUS CAMPING | ÅRKV | Avlopp fritidshus | KETT
AF;;AF|FRITID;;;;AF;FRITID;RULE:Taxa_från_edp:3;AVLOPP FRITIDSHUS Okänd ÅRPR AF | AVLOPP FRITIDSHUS | ÅRPR | Avlopp fritidshus | 
AKUT;;AKUT;;;;AKUT;;RULE:Taxa_från_edp:5;EXTRAAVGIFT AKUT SLAMTÖMNING Slam Slam KVAN AKUT | EXTRAAVGIFT AKUT SLAMTÖMNING | KVAN | Extraavg akut slamtömning | ANTL
AKUTSÄCK;;AKUTSÄCK;;;;AKUTSÄCK;;RULE:Taxepunkter:151;Akutsäck Hushåll KVAN §2.4.10 | §2.4.10 | Akutsäck |  | st/säck | AKUTSÄCK | AKUTSÄCK | KVAN |  |  |  | 
AKUTSÄCK;;AKUTSÄCK;;;;AKUTSÄCK;;RULE:Taxa_från_edp:6;Avgift för akutsäck Okänd KVAN AKUTSÄCK | Avgift för akutsäck | KVAN | Avgift för akutsäck | ANTL
AKUT;;AKUT|VERKSAMHET;;;;AKUT;VERKSAMHET;RULE:Taxepunkter:188;Budning utanför ordinarie tömningsperiod (1 nov – 30 april) Flerbostad/verksamhet Tillfälle KVAN §3.3.1 | §3.3.1 | Budning utanför ordinarie tömningsperiod (1 nov – 30 april) | Inom 24 timmar | kr/tillfälle | AKUT | AKUT | KVAN |  |  |  | 
AMOAVISER;;AMOAVISER;;;;AMOAVISER;;RULE:Taxa_från_edp:7;Amorteringsplanavisering Okänd KVAN AMOAVISER | Amorteringsplanavisering | KVAN | Amorteringsplanavisering | 
AMOPLAN;;AMOPLAN;;;;AMOPLAN;;RULE:Taxa_från_edp:8;Amorteringsplan Okänd KVAN AMOPLAN | Amorteringsplan | KVAN | Amorteringsplan | ANTL
AMORÄNTA;;AMORÄNTA;;;;AMORÄNTA;;RULE:Taxa_från_edp:9;Amorteringsplanränta Okänd KVAN AMORÄNTA | Amorteringsplanränta | KVAN | Amorteringsplanränta | 
AMOUPP;;AMOUPP;;;;AMOUPP;;RULE:Taxa_från_edp:10;Amorteringsplansuppläggning Okänd KVAN AMOUPP | Amorteringsplansuppläggning | KVAN | Amorteringsplansuppläggning | 
ANLSLBASTÖM;;ANLSLBASTÖM;;;;ANLSLBASTÖM;;RULE:Taxa_från_edp:13;Tömning slam från Reningsverksbassäng Slam Slam KVAN ANLSLBASTÖM | Tömning slam från Reningsverksbassäng | KVAN | Tömning slam från Reningsverksbassäng | ANTL
AOBF;;AOBF;;;;AOBF;;RULE:Taxa_från_edp:15;A, OBEBYGGD FAST. INOM DETALJPLAN Okänd ÅRPR AOBF | A, OBEBYGGD FAST. INOM DETALJPLAN | ÅRPR | Avlopp obebygg inom detaljp | 
ANL03SL;;BASE;;;;;;RULE:Taxa_från_edp:11;Tömning slamanläggning Okänd KVAN ANL03SL | Tömning slamanläggning | KVAN | Tömning av slamanläggning | ANTL
ANL36SL;;BASE;;;;;;RULE:Taxa_från_edp:12;Tömning slamanläggning 3,1-6 m³ Okänd KVAN ANL36SL | Tömning slamanläggning 3,1-6 m³ | KVAN | Tömning av slamanlägg. 3,1-6 | ANTL
ANLÖ6SL;;BASE;;;;;;RULE:Taxa_från_edp:14;Tömning slamanläggning över 6 m³ Okänd KVAN ANLÖ6SL | Tömning slamanläggning över 6 m³ | KVAN | Tömning av slamanlägg över 6 m³ | ANTL
AVS03FE;;BASE;;;;;;STANDARD:Standard Slam:114;Avskiljare 0-3 m³, fett KVAN ANTL
AVS03FEB;;BASE;;;;;;STANDARD:Standard Slam:110;Avskiljare 0-3 m³, fett. Budning KVAN ANTL
AVS03FEBUD;;BASE;;;;;;STANDARD:Standard Slam:102;Avskiljare 0-3 m³, fett. Budning ÅRKV 0
AVS03FEO;;BASE;;;;;;STANDARD:Standard Slam:107;Avskiljare 0-3 m³, fett. Ordinarie tur KVAN ANTL
AVS03FEORD;;BASE;;;;;;STANDARD:Standard Slam:99;Avskiljare 0-3 m³, fett. Ordinarie tur ÅRKV 0
AVS03SL;;BASE;;;;;;STANDARD:Standard Slam:76;Avskiljare 0-3 m³, slam KVAN ANTL
AVS03SLB;;BASE;;;;;;STANDARD:Standard Slam:59;Avskiljare 0-3 m³, slam. Budning KVAN ANTL
AVS03SLBUD;;BASE;;;;;;STANDARD:Standard Slam:26;Avskiljare 0-3 m³, slam. Budning ÅRKV 0
AVS03SLO;;BASE;;;;;;STANDARD:Standard Slam:43;Avskiljare 0-3 m³, slam. Ordinarie tur KVAN ANTL
AVS03SLORD;;BASE;;;;;;STANDARD:Standard Slam:10;Avskiljare 0-3 m³, slam. Ordinarie tur ÅRKV 0
AVS36FE;;BASE;;;;;;STANDARD:Standard Slam:115;Avskiljare 3-6 m³, fett KVAN ANTL
AVS36FEB;;BASE;;;;;;STANDARD:Standard Slam:111;Avskiljare 3-6 m³, fett. Budning KVAN ANTL
AVS36FEBUD;;BASE;;;;;;STANDARD:Standard Slam:103;Avskiljare 3-6 m³, fett. Budning ÅRKV 1
AVS36FEO;;BASE;;;;;;STANDARD:Standard Slam:108;Avskiljare 3-6 m³, fett. Ordinarie tur KVAN ANTL
AVS36FEORD;;BASE;;;;;;STANDARD:Standard Slam:100;Avskiljare 3-6 m³, fett. Ordinarie tur ÅRKV 0
AVS36SL;;BASE;;;;;;STANDARD:Standard Slam:77;Avskiljare 3,1-6 m³, slam KVAN ANTL
AVS36SLB;;BASE;;;;;;STANDARD:Standard Slam:60;Avskiljare 3,1-6 m³, slam. Budning KVAN ANTL
AVS36SLBUD;;BASE;;;;;;STANDARD:Standard Slam:27;Avskiljare 3,1-6 m³, slam. Budning ÅRKV 0
AVS36SLO;;BASE;;;;;;STANDARD:Standard Slam:44;Avskiljare 3,1-6 m³, slam. Ordinarie tur KVAN ANTL
AVS36SLORD;;BASE;;;;;;STANDARD:Standard Slam:11;Avskiljare 3,1-6 m³, slam. Ordinarie tur ÅRKV 0
AVSLUTA_TJÄNST;;BASE;;;;;;RULE:Taxa_från_edp:16;Dummy för avslut av tjänst via order Okänd KVAN AVSLUTA_TJÄNST | Dummy för avslut av tjänst via order | KVAN | Avslut av tjänst | 0
AVSÖ6FE;;BASE;;;;;;STANDARD:Standard Slam:116;Avskiljare över 6 m³, fett KVAN ANTL
AVSÖ6FEB;;BASE;;;;;;STANDARD:Standard Slam:112;Avskiljare över 6 m³, fett. Budning KVAN ANTL
AVSÖ6FEBUD;;BASE;;;;;;STANDARD:Standard Slam:104;Avskiljare över 6 m³, fett. Budning ÅRKV 2
AVSÖ6FEO;;BASE;;;;;;STANDARD:Standard Slam:109;Avskiljare över 6 m³, fett. Ordinarie tur KVAN ANTL
AVSÖ6FEORD;;BASE;;;;;;STANDARD:Standard Slam:101;Avskiljare över 6 m³, fett. Ordinarie tur ÅRKV 0
AVSÖ6SL;;BASE;;;;;;STANDARD:Standard Slam:78;Avskiljare över 6 m³, slam KVAN ANTL
AVSÖ6SLB;;BASE;;;;;;STANDARD:Standard Slam:61;Avskiljare över 6 m³, slam. Budning KVAN ANTL
AVSÖ6SLBUD;;BASE;;;;;;STANDARD:Standard Slam:28;Avskiljare över 6 m³, slam. Budning ÅRKV 0
AVSÖ6SLO;;BASE;;;;;;STANDARD:Standard Slam:45;Avskiljare över 6 m³, slam. Ordinarie tur KVAN ANTL
AVSÖ6SLORD;;BASE;;;;;;STANDARD:Standard Slam:12;Avskiljare över 6 m³, slam. Ordinarie tur ÅRKV 0
B100;;BASE;;;;;;STANDARD:Standard Avfall:447;Behandling brännbart avfall, pris per kilo KVAN VIKG
BDT03SL;;BASE;;;;;;STANDARD:Standard Slam:85;BDT, 0-3 m³ slam KVAN ANTL
BDT03SLB;;BASE;;;;;;STANDARD:Standard Slam:68;BDT, 0-3 m³ slam. Budning KVAN ANTL
BDT03SLBUD;;BASE;;;;;;STANDARD:Standard Slam:35;BDT, 0-3 m³ slam. Budning ÅRKV 5
BDT03SLBUD;;BASE;;;;;;RULE:Taxa_från_edp:18;BDT 0-3 m³, slam. Budning Slam Slam ÅRKV BDT03SLBUD | BDT 0-3 m³, slam. Budning | ÅRKV | BDT 0-3 m³, slam. Budning | ANTB
BDT03SLO;;BASE;;;;;;STANDARD:Standard Slam:52;BDT, 0-3 m³ slam. Ordinarie tur KVAN ANTL
BDT03SLORD;;BASE;;;;;;STANDARD:Standard Slam:19;BDT, 0-3 m³ slam. Ordinarie tur ÅRKV 0
BDT03SLORD;;BASE;;;;;;RULE:Taxa_från_edp:19;BDT 0-3 m³, slam. Ordinarie tur Slam Slam ÅRKV BDT03SLORD | BDT 0-3 m³, slam. Ordinarie tur | ÅRKV | BDT 0-3 m³, slam. Ord. tur | ANTB
BDT36SL;;BASE;;;;;;STANDARD:Standard Slam:86;BDT, 3,1-6 m³ slam KVAN ANTL
BDT36SLB;;BASE;;;;;;STANDARD:Standard Slam:69;BDT, 3,1-6 m³ slam. Budning KVAN ANTL
BDT36SLBUD;;BASE;;;;;;STANDARD:Standard Slam:36;BDT, 3,1-6 m³ slam. Budning ÅRKV 6
BDT36SLBUD;;BASE;;;;;;RULE:Taxa_från_edp:20;BDT 3,1-6 m³, slam. Budning Slam Slam ÅRKV BDT36SLBUD | BDT 3,1-6 m³, slam. Budning | ÅRKV | BDT 3,1-6 m³, slam. Budning | ANTB
BDT36SLO;;BASE;;;;;;STANDARD:Standard Slam:53;BDT, 3,1-6 m³ slam. Ordinarie tur KVAN ANTL
BDT36SLORD;;BASE;;;;;;STANDARD:Standard Slam:20;BDT, 3,1-6 m³ slam. Ordinarie tur ÅRKV 0
BDT36SLORD;;BASE;;;;;;RULE:Taxa_från_edp:21;BDT 3,1-6 m³, slam. Ord. tur Slam Slam ÅRKV BDT36SLORD | BDT 3,1-6 m³, slam. Ord. tur | ÅRKV | BDT 3,1-6 m³, slam. Ord. tur | ANTB
BDTÖ6SLBUD;;BASE;;;;;;RULE:Taxa_från_edp:22;BDT över 6 m³, slam. Budning Slam Slam ÅRKV BDTÖ6SLBUD | BDT över 6 m³, slam. Budning | ÅRKV | BDT över 6 m³, slam. Budning | ANTB
BDTÖ6SLORD;;BASE;;;;;;RULE:Taxa_från_edp:23;BDT över 6 m³, slam. Ord. tur Slam Slam ÅRKV BDTÖ6SLORD | BDT över 6 m³, slam. Ord. tur | ÅRKV | BDT över 6 m³, slam. Ord. tur | ANTB
BINI500;;BASE;;;;;;RULE:Taxa_från_edp:30;Bini 610/500 Okänd KVAN BINI500 | Bini 610/500 | KVAN | Bini 610/500 | TIMT
BRN03SL;;BASE;;;;;;STANDARD:Standard Slam:73;Brunn 0-3 m³, slam KVAN ANTL
BRN03SLB;;BASE;;;;;;STANDARD:Standard Slam:56;Brunn 0-3 m³, slam. Budning KVAN ANTL
BRN03SLBUD;;BASE;;;;;;STANDARD:Standard Slam:23;Brunn 0-3 m³, slam. Budning ÅRKV 0
BRN03SLBUD;;BASE;;;;;;RULE:Taxa_från_edp:31;Brunn 0-3 m³, slam. Budning Slam Slam ÅRKV BRN03SLBUD | Brunn 0-3 m³, slam. Budning | ÅRKV | Brunn 0-3 m³, slam. Budning | ANTB
BRN03SLO;;BASE;;;;;;STANDARD:Standard Slam:40;Brunn 0-3 m³, Slam. Ordinarie tur KVAN ANTL
BRN03SLORD;;BASE;;;;;;STANDARD:Standard Slam:7;Brunn 0-3 m³, Slam. Ordinarie tur ÅRKV 0
BRN03SLORD;;BASE;;;;;;RULE:Taxa_från_edp:32;Brunn 0-3 m³, slam. Ord. tur Slam Slam ÅRKV BRN03SLORD | Brunn 0-3 m³, slam. Ord. tur | ÅRKV | Brunn 0-3 m³, slam. Ord. tur | ANTB
BRN36SL;;BASE;;;;;;STANDARD:Standard Slam:74;Brunn 3,1-6 m³, slam KVAN ANTL
BRN36SLB;;BASE;;;;;;STANDARD:Standard Slam:57;Brunn 3,1-6 m³, slam. Budning KVAN ANTL
BRN36SLBUD;;BASE;;;;;;STANDARD:Standard Slam:24;Brunn 3,1-6 m³, slam. Budning ÅRKV 0
BRN36SLBUD;;BASE;;;;;;RULE:Taxa_från_edp:33;Brunn 3,1-6 m³, slam. Budning Slam Slam ÅRKV BRN36SLBUD | Brunn 3,1-6 m³, slam. Budning | ÅRKV | Brunn 3,1-6 m³, slam. Budning | ANTB
BRN36SLO;;BASE;;;;;;STANDARD:Standard Slam:41;Brunn 3,1-6 m³, slam. Ordinarie tur KVAN ANTL
BRN36SLORD;;BASE;;;;;;STANDARD:Standard Slam:8;Brunn 3,1-6 m³, slam. Ordinarie tur ÅRKV 0
BRN36SLORD;;BASE;;;;;;RULE:Taxa_från_edp:34;Brunn 3,1-6 m³, slam. Ord. tur Slam Slam ÅRKV BRN36SLORD | Brunn 3,1-6 m³, slam. Ord. tur | ÅRKV | Brunn över 6 m³, slam. Ord. tur | ANTB
BRNÖ6SL;;BASE;;;;;;STANDARD:Standard Slam:75;Brunn över 6 m³, slam KVAN ANTL
BRNÖ6SLB;;BASE;;;;;;STANDARD:Standard Slam:58;Brunn över 6 m³, slam. Budning KVAN ANTL
BRNÖ6SLBUD;;BASE;;;;;;STANDARD:Standard Slam:25;Brunn över 6 m³, slam. Budning ÅRKV 0
BRNÖ6SLBUD;;BASE;;;;;;RULE:Taxa_från_edp:35;Brunn över 6 m³, slam. Budning Slam Slam ÅRKV BRNÖ6SLBUD | Brunn över 6 m³, slam. Budning | ÅRKV | Brunn över 6 m³, slam. Budning | ANTB
BRNÖ6SLO;;BASE;;;;;;STANDARD:Standard Slam:42;Brunn över 6 m³, slam. Ordinarie tur KVAN ANTL
BRNÖ6SLORD;;BASE;;;;;;STANDARD:Standard Slam:9;Brunn över 6 m³, slam. Ordinarie tur ÅRKV 0
BRNÖ6SLORD;;BASE;;;;;;RULE:Taxa_från_edp:36;Brunn över 6 m³, slam. Ord. tur Slam Slam ÅRKV BRNÖ6SLORD | Brunn över 6 m³, slam. Ord. tur | ÅRKV | Brunn över 6 m³, slam. Ord. tur | ANTB
CO08BR52;;BASE;;;;;;STANDARD:Standard Avfall:416;Container 8 m³, brännbart avfall. Varje vecka ÅRKV ANTB
CO08BR52;;BASE;;;;;;STANDARD:Standard Avfall:421;Container 8 m³, brännbart avfall. Varje vecka ÅRKV ANTB
FKOMPPÅSE9;;BASE;;;;;;STANDARD:Standard Avfall:278;Försäljning kompostpåsar, 9 L KVAN ANTL
FSÄMB52;;BASE;;;;;;STANDARD:Standard Avfall:296;Försäljning säck, markbehållare. Varje vecka KVAN ANTL
GRUNDFÖR1;;BASE;;;;;;RULE:Taxa_från_edp:69;Grundavgift nivå 1, små/medel Okänd ÅRPR GRUNDFÖR1 | Grundavgift nivå 1, små/medel | ÅRPR | Grundavgift nivå 1 | 
GRUNDFÖR2;;BASE;;;;;;RULE:Taxa_från_edp:70;Grundavgift nivå 2, större företag Okänd ÅRPR GRUNDFÖR2 | Grundavgift nivå 2, större företag | ÅRPR | Grundavgift nivå 2 | 
HCO03;;BASE;;;;;;RULE:Taxa_från_edp:83;Hyra container 3 m³ Okänd ÅRKV HCO03 | Hyra container 3 m³ | ÅRKV | Hyra container 3 m³ | ANTB
HCO05;;BASE;;;;;;RULE:Taxa_från_edp:84;Hyra container 5 m³ Okänd ÅRKV HCO05 | Hyra container 5 m³ | ÅRKV | Hyra container 5 m³ | ANTB
HCO08;;BASE;;;;;;STANDARD:Standard Avfall:425;Hyra container 8 m³ ÅRKV ANTB
HCO08;;BASE;;;;;;RULE:Taxa_från_edp:85;Hyra container 8 m³ Okänd ÅRKV HCO08 | Hyra container 8 m³ | ÅRKV | Hyra container 8 m³ | ANTB
HRF20;;BASE;;;;;;STANDARD:Standard Avfall:467;Hyra rullflak container 10-20 m³ ÅRKV ANTB
HRF20K;;BASE;;;;;;STANDARD:Standard Avfall:468;Hyra rullflak container 10-20 m³, korttidsHyra ÅRKV ANTB
HRF40;;BASE;;;;;;STANDARD:Standard Avfall:469;Hyra rullflak container 22-40 m³ ÅRKV ANTB
HRF40K;;BASE;;;;;;STANDARD:Standard Avfall:470;Hyra rullflak container 22-40 m³, korttidsHyra ÅRKV ANTB
HSK2;;BASE;;;;;;STANDARD:Standard Avfall:459;Hyra sopskåp, 2 luckor ÅRKV ANTB
HSK3;;BASE;;;;;;STANDARD:Standard Avfall:460;Hyra sopskåp, 3 luckor ÅRKV ANTB
LD06BR13;;BASE;;;;;;STANDARD:Standard Avfall:419;Liftdumper container 6 m³, brännbart avfall. Var 4:e vecka ÅRKV ANTB
MB1300OS13;;BASE;;;;;;STANDARD:Standard Avfall:244;Markbehållare 1,3 m³, osorterat avfall. Var 4:e vecka ÅRKV ANTB
MB1300OS26;;BASE;;;;;;STANDARD:Standard Avfall:243;Markbehållare 1,3 m³, osorterat avfall. Var 14:e dag ÅRKV ANTB
MB1300OS52;;BASE;;;;;;STANDARD:Standard Avfall:242;Markbehållare 1,3 m³, osorterat avfall. Varje vecka ÅRKV ANTB
MB1300OSBUD;;BASE;;;;;;STANDARD:Standard Avfall:245;Markbehållare 1,3 m³, osorterat avfall. Budning KVAN ANTL
MB1600OS13;;BASE;;;;;;STANDARD:Standard Avfall:256;Markbehållare 1,6 m³, osorterat avfall. Var 4:e vecka ÅRKV ANTB
MB1600OS26;;BASE;;;;;;STANDARD:Standard Avfall:255;Markbehållare 1,6 m³, osorterat avfall. Var 14:e dag ÅRKV ANTB
MB1600OS52;;BASE;;;;;;STANDARD:Standard Avfall:254;Markbehållare 1,6 m³, osorterat avfall. Varje vecka ÅRKV ANTB
MB1600OSBUD;;BASE;;;;;;STANDARD:Standard Avfall:257;Markbehållare 1,6 m³, osorterat avfall. Budning KVAN ANTL
MB2200OS13;;BASE;;;;;;STANDARD:Standard Avfall:262;Markbehållare 2,2 m³, osorterat avfall. Var 4:e vecka ÅRKV ANTB
MB2200OS26;;BASE;;;;;;STANDARD:Standard Avfall:261;Markbehållare 2,2 m³, osorterat avfall. Var 14:e dag ÅRKV ANTB
MB2200OS52;;BASE;;;;;;STANDARD:Standard Avfall:260;Markbehållare 2,2 m³, osorterat avfall. Varje vecka ÅRKV ANTB
MB2200OSBUD;;BASE;;;;;;STANDARD:Standard Avfall:263;Markbehållare 2,2 m³, osorterat avfall. Budning KVAN ANTL
MB3200OS13;;BASE;;;;;;STANDARD:Standard Avfall:268;Markbehållare 3,2 m³, osorterat avfall. Var 4:e vecka ÅRKV ANTB
MB3200OS26;;BASE;;;;;;STANDARD:Standard Avfall:267;Markbehållare 3,2 m³, osorterat avfall. Var 14:e dag ÅRKV ANTB
MB3200OS52;;BASE;;;;;;STANDARD:Standard Avfall:266;Markbehållare 3,2 m³, osorterat avfall. Varje vecka ÅRKV ANTB
MB3200OSBUD;;BASE;;;;;;STANDARD:Standard Avfall:269;Markbehållare 3,2 m³, osorterat avfall. Budning KVAN ANTL
MB5000OS13;;BASE;;;;;;STANDARD:Standard Avfall:274;Markbehållare 5 m³, osorterat avfall. Var 4:e vecka ÅRKV ANTB
MB5000OS26;;BASE;;;;;;STANDARD:Standard Avfall:273;Markbehållare 5 m³, osorterat avfall. Var 14:e dag ÅRKV ANTB
MB5000OS52;;BASE;;;;;;STANDARD:Standard Avfall:272;Markbehållare 5 m³, osorterat avfall. Varje vecka ÅRKV ANTB
MB5000OSBUD;;BASE;;;;;;STANDARD:Standard Avfall:275;Markbehållare 5 m³, osorterat avfall. Budning KVAN ANTL
MF1;;BASE;;;;;;RULE:Taxa_från_edp:155;Miljöfarligt avfall nivå , små/medel företag Okänd ÅRPR MF1 | Miljöfarligt avfall nivå , små/medel företag | ÅRPR | Miljöfarligt avfall nivå 1 | 
MF2;;BASE;;;;;;RULE:Taxa_från_edp:156;Miljöfarligt avfall nivå 2, större företag Okänd ÅRPR MF2 | Miljöfarligt avfall nivå 2, större företag | ÅRPR | Miljöfarligt avfall nivå 2 | 
MRV03SL;;BASE;;;;;;STANDARD:Standard Slam:82;Minireningsverk, 0-3 m³ slam KVAN ANTL
MRV03SLB;;BASE;;;;;;STANDARD:Standard Slam:65;Minireningsverk, 0-3 m³ slam. Budning KVAN ANTL
MRV03SLBUD;;BASE;;;;;;STANDARD:Standard Slam:32;Minireningsverk, 0-3 m³ slam. Budning ÅRKV 2
MRV03SLBUD;;BASE;;;;;;RULE:Taxa_från_edp:157;Minireningsverk 0-3 m³, slam. Budning Slam Slam ÅRKV MRV03SLBUD | Minireningsverk 0-3 m³, slam. Budning | ÅRKV | Minireningsverk 0-3 m³, slam. Budning | ANTB
MRV03SLO;;BASE;;;;;;STANDARD:Standard Slam:49;Minireningsverk, 0-3 m³ slam. Ordinarie tur KVAN ANTL
MRV03SLORD;;BASE;;;;;;STANDARD:Standard Slam:16;Minireningsverk, 0-3 m³ slam. Ordinarie tur ÅRKV 0
MRV03SLORD;;BASE;;;;;;RULE:Taxa_från_edp:158;Minireningsverk 0-3 m³, slam. Ordinarie tur Slam Slam ÅRKV MRV03SLORD | Minireningsverk 0-3 m³, slam. Ordinarie tur | ÅRKV | Minireningsverk 0-3 m³, slam. Ordinarie tur | ANTB
MRV36SL;;BASE;;;;;;STANDARD:Standard Slam:83;Minireningsverk, 3,1-6 m³ slam KVAN ANTL
MRV36SLB;;BASE;;;;;;STANDARD:Standard Slam:66;Minireningsverk, 3,1-6 m³ slam. Budning KVAN ANTL
MRV36SLBUD;;BASE;;;;;;STANDARD:Standard Slam:33;Minireningsverk, 3,1-6 m³ slam. Budning ÅRKV 3
MRV36SLBUD;;BASE;;;;;;RULE:Taxa_från_edp:159;Minireningsverk 3,1-6 m³, slam. Budning Slam Slam ÅRKV MRV36SLBUD | Minireningsverk 3,1-6 m³, slam. Budning | ÅRKV | Minireningsverk 3,1-6 m³, slam. Budning | ANTB
MRV36SLO;;BASE;;;;;;STANDARD:Standard Slam:50;Minireningsverk, 3,1-6 m³ slam. Ordinarie tur KVAN ANTL
MRV36SLORD;;BASE;;;;;;STANDARD:Standard Slam:17;Minireningsverk, 3,1-6 m³ slam. Ordinarie tur ÅRKV 0
MRV36SLORD;;BASE;;;;;;RULE:Taxa_från_edp:160;Minireningsverk 3,1-6 m³, slam. Ordinarie tur Slam Slam ÅRKV MRV36SLORD | Minireningsverk 3,1-6 m³, slam. Ordinarie tur | ÅRKV | Minireningsverk 3,1-6 m³, slam. Ordinarie tur | ANTB
MRVÖ6SL;;BASE;;;;;;STANDARD:Standard Slam:84;Minireningsverk, över 6 m³ slam KVAN ANTL
MRVÖ6SLB;;BASE;;;;;;STANDARD:Standard Slam:67;Minireningsverk, över 6 m³ slam. Budning KVAN ANTL
MRVÖ6SLBUD;;BASE;;;;;;STANDARD:Standard Slam:34;Minireningsverk, över 6 m³ slam. Budning ÅRKV 4
MRVÖ6SLBUD;;BASE;;;;;;RULE:Taxa_från_edp:161;Minireningsverk över 6 m³, slam. Budning Slam Slam ÅRKV MRVÖ6SLBUD | Minireningsverk över 6 m³, slam. Budning | ÅRKV | Minireningsverk över 6 m³, slam. Budning | ANTB
MRVÖ6SLO;;BASE;;;;;;STANDARD:Standard Slam:51;Minireningsverk, över 6 m³ slam. Ordinarie tur KVAN ANTL
MRVÖ6SLORD;;BASE;;;;;;STANDARD:Standard Slam:18;Minireningsverk, över 6 m³ slam. Ordinarie tur ÅRKV 0
MRVÖ6SLORD;;BASE;;;;;;RULE:Taxa_från_edp:162;Minireningsverk över 6 m³, slam. Ordinarie tur Slam Slam ÅRKV MRVÖ6SLORD | Minireningsverk över 6 m³, slam. Ordinarie tur | ÅRKV | Minireningsverk över 6 m³, slam. Ordinarie tur | ANTB
NYFF1;;BASE;;;;;;STANDARD:Standard Avfall:312;Dummytaxa, ny tjänst via ändringsorder Fyrfack 1 ÅRKV 0
NYFF2;;BASE;;;;;;STANDARD:Standard Avfall:313;Dummytaxa, ny tjänst via ändringsorder Fyrfack 2 ÅRKV 0
RF30BR52;;BASE;;;;;;STANDARD:Standard Avfall:418;Rullflak container 30 m³, brännbart avfall. Varje vecka ÅRKV ANTB
VAK2;;BASE;;;;;;RULE:Taxa_från_edp:250;VA MER ÄN 200 kvm Okänd ÅRPR VAK2 | VA MER ÄN 200 kvm | ÅRPR | Vatten och avlopp | 
VOLVOL60G;;BASE;;;;;;RULE:Taxa_från_edp:276;Volvo L60G- externa tjänster Okänd KVAN VOLVOL60G | Volvo L60G- externa tjänster | KVAN | Volvo L60G | TIMT
BASSLORDKOM;;BASSLORDKOM;;;;BASSLORDKOM;;RULE:Taxa_från_edp:17;Reningsverksbassäng, slam. Ord. tur Kommunal Slam Slam ÅRKV BASSLORDKOM | Reningsverksbassäng, slam. Ord. tur Kommunal | ÅRKV | Reningsverksbassäng, slam. Ord. tur Kommunal | ANTB
BBRÄNNBART;;BBRÄNNBART;;;;BBRÄNNBART;;STANDARD:Standard Avfall:448;Behandling brännbart avfall, pris per kilo KVAN VIKG
BEHASKA;;BEHASKA;;;;BEHASKA;;RULE:Taxa_från_edp:24;Behandlingsavgift Aska Okänd KVAN BEHASKA | Behandlingsavgift Aska | KVAN | Behandlingsavgift Aska | KBM
BEHSLAM;;BEHSLAM;;;;BEHSLAM;;RULE:Taxa_från_edp:26;Behandlingsavgift Slam Slam Slam KVAN BEHSLAM | Behandlingsavgift Slam | KVAN | Behandlingsavgift Slam | KBM
BEHSLAMSTAT;;BEHSLAMSTAT;;;;BEHSLAMSTAT;;RULE:Taxa_från_edp:27;Behandlingsavgift Slam Statistik Slam Slam KVAN BEHSLAMSTAT | Behandlingsavgift Slam Statistik | KVAN | Behandlingsavgift Slam | KBM
BETALSÄCK;;BETALSÄCK;;;;BETALSÄCK;;RULE:Taxepunkter:150;Betalsäck Hushåll KVAN §2.4.10 | §2.4.10 | Betalsäck |  | st/säck | BETALSÄCK | BETALSÄCK | KVAN |  |  |  | 
BETALSÄCK;;BETALSÄCK;;;;BETALSÄCK;;RULE:Taxa_från_edp:28;Betalsäck, pris per säck Okänd KVAN BETALSÄCK | Betalsäck, pris per säck | KVAN | Betalsäck, pris per säck | ANTL
BRÄNNBART;;BRÄNNBART;;;;BRÄNNBART;;RULE:Taxa_från_edp:37;Brännbart avfall Okänd KVAN BRÄNNBART | Brännbart avfall | KVAN | Brännbart avfall | VITO
BS;;BS;;;;BS;;RULE:Taxa_från_edp:38;Byte av sopkärl Okänd KVAN BS | Byte av sopkärl | KVAN | Byte av sopkärl | ANTL
BUDNING;;BUDNING;;;;BUDNING;;STANDARD:Standard Avfall:200;Budningsavgift KVAN ANTL
DRÖJRÄNTA;;DRÖJRÄNTA;;;;DRÖJRÄNTA;;RULE:Taxa_från_edp:43;Dröjsmålsränta Okänd KVAN DRÖJRÄNTA | Dröjsmålsränta | KVAN | Dröjsmålsränta | 
EVENEMANG;;EVENEMANG;;;;EVENEMANG;;RULE:Taxa_från_edp:47;Tjänsttaxa för tillfälliga evenemangskärl Okänd ÅRKV EVENEMANG | Tjänsttaxa för tillfälliga evenemangskärl | ÅRKV | Tjänsttaxa för evenemangskärl | 0
EXTRA;;EX;;;;EX;;RULE:Taxa_från_edp:48;Efteranmälan slamtömning Slam Slam KVAN EXTRA | Efteranmälan slamtömning | KVAN | Förseningsavgift efteranmälan | ANTL
VAK2;;EX;;;;EX;;RULE:Taxa_från_edp:251;VA MER ÄN 200 kvm Okänd ÅRKV VAK2 | VA MER ÄN 200 kvm | ÅRKV | Extra avgift per 100kvm över 200kvm | KVM
FBATTLÅDA;;FBATTLÅDA;;;;FBATTLÅDA;;STANDARD:Standard Avfall:288;Försäljning batterilåda, inkl. stativ KVAN ANTL
FDEKALL;;FDEKALL;;;;FDEKALL;;STANDARD:Standard Avfall:285;Försäljning dekal, liten KVAN ANTL
FDEKALS;;FDEKALS;;;;FDEKALS;;STANDARD:Standard Avfall:286;Försäljning dekal, stor KVAN ANTL
FEAKUT;;FEAKUT;;;;FEAKUT;;STANDARD:Standard Slam:119;Fett, akuttömning KVAN ANTL
FEBEHAVG;;FEBEHAVG;;;;FEBEHAVG;;STANDARD:Standard Slam:120;Fett, behandlingsavgift KVAN VITO eller KBMF
FEBUD;;FEBUD;;;;FEBUD;;STANDARD:Standard Slam:118;Fett, tillägg budning KVAN ANTL
FELSORT;;FELSORT;;;;FELSORT;;RULE:Taxepunkter:131;Kärl Hushåll Tillfälle KVAN §2.4.6 | §2.4.6 | Kärl |  | st/tillfälle | FELSORT | FELSORT | KVAN |  |  |  | 
FELSORT;;FELSORT;;;;FELSORT;;RULE:Taxepunkter:132;Bottentömmande behållare Hushåll Tillfälle KVAN §2.4.6 | §2.4.6 | Bottentömmande behållare |  | st/tillfälle | FELSORT | FELSORT | KVAN |  |  |  | 
FELSORT;;FELSORT;;;;FELSORT;;RULE:Taxa_från_edp:50;Felsorteringsavgift, pris per tillfälle och kärl Okänd Tillfälle KVAN FELSORT | Felsorteringsavgift, pris per tillfälle och kärl | KVAN | Felsorteringsavgift, pris per tillfälle och kärl | ANTL
FELSORTAVG;;FELSORTAVG;;;;FELSORTAVG;;STANDARD:Standard Avfall:303;Felsorteringsavgift KVAN ANTL
FEÖVERKBM;;FEÖVERKBM;;;;FEÖVERKBM;;STANDARD:Standard Slam:121;Fett, tillägg överkbm KVAN KBMÖ
FILMBESIKT;;FILMBESIKT;;;;FILMBESIKT;;RULE:Taxa_från_edp:51;Filmning/besiktning Okänd KVAN FILMBESIKT | Filmning/besiktning | KVAN | Filmning/besiktning | TIMT
FJ;;FJ;;;;FJ;;RULE:Taxa_från_edp:52;FJÄRRVÄRME Okänd FÖRB FJ | FJÄRRVÄRME | FÖRB | Fjärrvärme | 
FLAKÄRL;;FLAKÄRL;;;;FLAKÄRL;;STANDARD:Standard Avfall:284;Försäljning Latrinkärl KVAN ANTL
FRAMKAVG;;FRAMKAVG;;;;FRAMKAVG;;RULE:Taxa_från_edp:53;Framkörningsavgift Okänd KVAN FRAMKAVG | Framkörningsavgift | KVAN | Framkörningsavgift | ANTL
FRAMKAVG;;FRAMKAVG|VERKSAMHET;;;;FRAMKAVG;VERKSAMHET;RULE:Taxepunkter:193;Framkörningsavgift då ordinarie tömning inte skett på grund av hinder, abonnenten vägrar, bristfällig väg eller annat Flerbostad/verksamhet Tillfälle KVAN §3.3.2 | §3.3.2 | Framkörningsavgift då ordinarie tömning inte skett på grund av hinder, abonnenten vägrar, bristfällig väg eller annat |  | kr/tillfälle | FRAMKAVG | FRAMKAVG | KVAN |  |  |  | 
GEMNYCKEL3;;FRITID;;;;;FRITID;RULE:Taxa_från_edp:61;Telefonnyckel nr 3 Gemlipfri Okänd ÅRPR GEMNYCKEL3 | Telefonnyckel nr 3 Gemlipfri | ÅRPR | Telefonnyckel nr 3 Gemlipfri | 
GEMNYCKEL4;;FRITID;;;;;FRITID;RULE:Taxa_från_edp:62;Telefonnyckel nr 4 Gemlipfri Okänd ÅRPR GEMNYCKEL4 | Telefonnyckel nr 4 Gemlipfri | ÅRPR | Telefonnyckel nr 4 Gemlipfri | 
FRIFAKTURA;;FRI|FRITID;;;;FRI;FRITID;RULE:Taxa_från_edp:54;Fri faktura, standard Okänd KVAN FRIFAKTURA | Fri faktura, standard | KVAN | Fri faktura, standard | 
FRIKV;;FRI|FRITID;;;;FRI;FRITID;RULE:Taxa_från_edp:55;FRI KVANTITET Okänd KVAN FRIKV | FRI KVANTITET | KVAN |  | ANTB
FRIUT;;FRI|FRITID;;;;FRI;FRITID;RULE:Taxa_från_edp:56;FRITT UTFÖRANDE Okänd KVAN FRIUT | FRITT UTFÖRANDE | KVAN |  | ANTL
FRUSEN;;FRUSEN;;;;FRUSEN;;RULE:Taxa_från_edp:57;BYTE AV FRUSEN MÄTARE Okänd KVAN FRUSEN | BYTE AV FRUSEN MÄTARE | KVAN | Byte av frusen mätare | ANTL
FSKYLT;;FSKYLT;;;;FSKYLT;;STANDARD:Standard Avfall:287;Försäljning skylt KVAN ANTL
FSÄMB;;FSÄMB;;;;FSÄMB;;STANDARD:Standard Avfall:295;Försäljning säck, markbehållare. Pris per st KVAN ANTL
GEMKÄFRI;;GEMKÄFRI|FRITID;;;;GEMKÄFRI;FRITID;RULE:Taxa_från_edp:58;Gemensam uppsamlingsplats med eget kärl, fritidshus Okänd ÅRKV GEMKÄFRI | Gemensam uppsamlingsplats med eget kärl, fritidshus | ÅRKV | Hämtningavgift gemensam uppsamlingsplats, eget kärl | ANTB
GEMNYCKELTAGG;;GEMNYCKELTAGG|FRITID;;;;GEMNYCKELTAGG;FRITID;RULE:Taxa_från_edp:63;Tagg Gemlipfri Okänd ÅRPR GEMNYCKELTAGG | Tagg Gemlipfri | ÅRPR | Tagg Gemlipfri | 
GM;;GM;;;;GM;;RULE:Taxa_från_edp:64;GRUND OCH MÄTARAVGIFT Okänd ÅRPR GM | GRUND OCH MÄTARAVGIFT | ÅRPR | Grund och mätaravgift | 
GROVAVFALL;;GROVAVFALL|VERKSAMHET;;;;GROVAVFALL;VERKSAMHET;RULE:Taxa_från_edp:65;Grovavfall/organiskt avfall, storkompost (verksamhet) Okänd KVAN GROVAVFALL | Grovavfall/organiskt avfall, storkompost (verksamhet) | KVAN | Grovavfall/organiskt avfall, storkompost | VITO
GROVBUD;;GROVBUD;;;;GROVBUD;;STANDARD:Standard Avfall:198;Hämtning grovavfall, budning KVAN ANTL
GROVBUD;;GROVBUD;;;;GROVBUD;;RULE:Taxa_från_edp:66;Budning av grovavfall, pris per tillfälle Okänd Tillfälle KVAN GROVBUD | Budning av grovavfall, pris per tillfälle | KVAN | Budning av grovavfall, pris per tillfälle | ANTL
GRUNDFLB;;GRUNDFLB|LÄGENHET;;;;GRUNDFLB;LÄGENHET;RULE:Taxepunkter:12;Lägenhet i flerbostadshus Hushåll ÅRKV §2.1 | §2.1 | Lägenhet i flerbostadshus |  | st/år | GRUNDFLB | GRUNDFLB | ÅRKV |  |  |  | 
GRUNDFLB;;GRUNDFLB|LÄGENHET;;;;GRUNDFLB;LÄGENHET;RULE:Taxa_från_edp:67;Grundavgift per lägenhet, flerbostadshus Okänd ÅRKV GRUNDFLB | Grundavgift per lägenhet, flerbostadshus | ÅRKV | Grundavgift per lägenhet | LÄGH
GRUNDFRI;;GRUNDFRI|FRITID;;;;GRUNDFRI;FRITID;RULE:Taxepunkter:10;Fritidshus Hushåll ÅRPR §2.1 | §2.1 | Fritidshus |  | st/år | GRUNDFRI | GRUNDFRI | ÅRPR |  |  |  | 
GRUNDFRI;;GRUNDFRI|FRITID;;;;GRUNDFRI;FRITID;RULE:Taxa_från_edp:68;Grundavgift fritidshus Okänd ÅRPR GRUNDFRI | Grundavgift fritidshus | ÅRPR | Grundavg. renhåll. fritid | 
GRUNDLOK;;GRUNDLOK;;;;GRUNDLOK;;RULE:Taxa_från_edp:71;Grundavgift lokaler, föreningar etc. Okänd ÅRPR GRUNDLOK | Grundavgift lokaler, föreningar etc. | ÅRPR | Grundavgift | 
GRUNDLÄG;;GRUNDLÄG|LÄGENHET;;;;GRUNDLÄG;LÄGENHET;RULE:Taxa_från_edp:72;Grundavgift, tvåbostadshus Okänd ÅRKV GRUNDLÄG | Grundavgift, tvåbostadshus | ÅRKV | Grundavgift per lägenhet | LÄGH
GRUNDLÄG;;GRUNDLÄG|VERKSAMHET;;;;GRUNDLÄG;VERKSAMHET;RULE:Taxepunkter:11;Verksamhet Hushåll ÅRKV §2.1 | §2.1 | Verksamhet |  | st/år | GRUNDLÄG | GRUNDLÄG | ÅRKV |  |  |  | 
GRUNDPERM;;GRUNDPERM|PERMANENT;;;;GRUNDPERM;PERMANENT;RULE:Taxa_från_edp:74;Grundavgift permanentboende *ska upphöra* Okänd ÅRPR GRUNDPERM | Grundavgift permanentboende *ska upphöra* | ÅRPR | Grundavgift permanentboende | 
GRUNDPER;;GRUNDPER|PERMANENT;;;;GRUNDPER;PERMANENT;RULE:Taxa_från_edp:73;Grundavgift permanentboende Okänd ÅRPR GRUNDPER | Grundavgift permanentboende | ÅRPR | Grundavgift renhållning perm. | 
GRUNDPER;;GRUNDPER|SMÅHUS;;;;GRUNDPER;SMÅHUS;RULE:Taxepunkter:9;En- och tvåbostadshus Hushåll ÅRPR §2.1 | §2.1 | En- och tvåbostadshus |  | st/år | GRUNDPER | GRUNDPER | ÅRPR |  |  |  | 
HBL;;HBL;;;;HBL;;STANDARD:Standard Avfall:457;Hyra batterilåda ÅRKV ANTB
HBL;;HBL;;;;HBL;;STANDARD:Standard Avfall:463;Hyra baklastar container ÅRKV ANTB
HBP;;HBP;;;;HBP;;STANDARD:Standard Avfall:458;Hyra balpress ÅRKV ANTB
HEMKOMP;;HEMKOMP;;;;HEMKOMP;;STANDARD:Standard Avfall:315;Dummytaxa hemkompost ÅRKV 0
HFL;;HFL;;;;HFL;;STANDARD:Standard Avfall:462;Hyra frontlastar container ÅRKV ANTB
HKP;;HKP;;;;HKP;;STANDARD:Standard Avfall:464;Hyra komprimator/ komprimerande container ÅRKV ANTB
HLD;;HLD;;;;HLD;;STANDARD:Standard Avfall:465;Hyra liftdumper container ÅRKV ANTB
HLDK;;HLDK;;;;HLDK;;STANDARD:Standard Avfall:466;Hyra liftdumper container, korttidsHyra ÅRKV ANTB
HÄMTFARLIGT;;HÄMTFARLIGT;;;;HÄMTFARLIGT;;RULE:Taxa_från_edp:99;Hämtning av farligt avfall hos hushåll (max 25 kg) Okänd Farligt avfall KVAN HÄMTFARLIGT | Hämtning av farligt avfall hos hushåll (max 25 kg) | KVAN | Hämtning av farligt avfall, pris per tillfälle | ANTL
INERTAVFALL;;INERTAVFALL;;;;INERTAVFALL;;RULE:Taxa_från_edp:100;Inert avfall. Tex klinker, porslin, toalettstolar Okänd KVAN INERTAVFALL | Inert avfall. Tex klinker, porslin, toalettstolar | KVAN | Inert avfall. Tex klinker, porslin, toalettstolar | VITO
INKASSO;;INKASSO;;;;INKASSO;;RULE:Taxa_från_edp:101;Inkassoavgift Okänd KVAN INKASSO | Inkassoavgift | KVAN | Inkassoavgift | 
KONTRAVG;;KONTRAVG;;;;KONTRAVG;;STANDARD:Standard Avfall:302;Kontrollavgift KVAN ANTL
KREDGRUNDPER;;KREDGRUNDPER;;;;KREDGRUNDPER;;RULE:Taxa_från_edp:102;Kreditering av grundavgifter april/maj 2023 Okänd KVAN KREDGRUNDPER | Kreditering av grundavgifter april/maj 2023 | KVAN | Kreditering av grundavgifter april/maj 2023 | ANTL
KÖKSL;;KÖKSL;;;;KÖKSL;;STANDARD:Standard Slam:88;Köksavlopp, slam KVAN ANTL
KÖKSLB;;KÖKSLB;;;;KÖKSLB;;STANDARD:Standard Slam:71;Köksavlopp, slam. Budning KVAN ANTL
KÖKSLBUD;;KÖKSLBUD;;;;KÖKSLBUD;;STANDARD:Standard Slam:38;Köksavlopp, slam. Budning ÅRKV 8
KÖKSLO;;KÖKSLO;;;;KÖKSLO;;STANDARD:Standard Slam:55;Köksavlopp, slam. Ordinarie tur KVAN ANTL
KÖKSLORD;;KÖKSLORD;;;;KÖKSLORD;;STANDARD:Standard Slam:22;Köksavlopp, slam. Ordinarie tur ÅRKV 0
L;;L;;;;L;;RULE:Taxa_från_edp:133;EXTRA SLANG > 5 M Okänd KVAN L | EXTRA SLANG > 5 M | KVAN | Extra slang > 5 m | ANTL
LATKOMP;;LATKOMP;;;;LATKOMP;;STANDARD:Standard Avfall:317;Dummytaxa latrinkompost ÅRKV 0
LATRINBEHÅLL;;LATRINBEHÅLL;;;;LATRINBEHÅLL;;RULE:Taxa_från_edp:134;Avgift för latrinbehållare Okänd KVAN LATRINBEHÅLL | Avgift för latrinbehållare | KVAN | Avgift för latrinbehållare | ANTL
VAL2;;LÄGENHET;;;;;LÄGENHET;RULE:Taxa_från_edp:252;VA HÖGST 2 LÄGENHETER Okänd ÅRPR VAL2 | VA HÖGST 2 LÄGENHETER | ÅRPR | Vatten och avlopp | 
VAL3;;LÄGENHET;;;;;LÄGENHET;RULE:Taxa_från_edp:253;VA MER ÄN 2 LÄGENHETER Okänd ÅRKV VAL3 | VA MER ÄN 2 LÄGENHETER | ÅRKV | Vatten och avlopp mer än 2 lgh | KBMV
BINI1000;;LÅS;;;;LÅS;;RULE:Taxa_från_edp:29;Bini 1000 lastväxlare- Okänd KVAN BINI1000 | Bini 1000 lastväxlare- | KVAN | Bini 1000 lastväxlare | TIMT
FL04BR26;;LÅS;;;;LÅS;;STANDARD:Standard Avfall:417;Frontlastar container 4 m³, brännbart avfall. Var 14:e dag ÅRKV ANTB
MB1400GF;;LÅS;;;;LÅS;;RULE:Taxa_från_edp:136;Tömning Markbehållare 1.4 m³, glas färgat. Tjänsttaxa Okänd ÅRKV MB1400GF | Tömning Markbehållare 1.4 m³, glas färgat. Tjänsttaxa | ÅRKV | Tömning Markbehållare 1.4 m³, glas färgat. | 0
MB1400GFTÖM;;LÅS;;;;LÅS;;RULE:Taxa_från_edp:137;Tömning Markbehållare 1.4 m³, glas färgat. Okänd KVAN MB1400GFTÖM | Tömning Markbehållare 1.4 m³, glas färgat. | KVAN | Tömning Markbehållare 1.4 m³, glas färgat. | ANTL
MB1400GO;;LÅS;;;;LÅS;;RULE:Taxa_från_edp:138;Tömning Markbehållare 1.4 m³, glas ofärgat. Tjänsttaxa Okänd ÅRKV MB1400GO | Tömning Markbehållare 1.4 m³, glas ofärgat. Tjänsttaxa | ÅRKV | Tömning Markbehållare 1.4 m³, glas ofärgat. | 0
MB1400GOTÖM;;LÅS;;;;LÅS;;RULE:Taxa_från_edp:139;Tömning Markbehållare 1.4 m³, glas ofärgat. Okänd KVAN MB1400GOTÖM | Tömning Markbehållare 1.4 m³, glas ofärgat. | KVAN | TTömning Markbehållare 1.4 m³, glas ofärgat. | ANTL
UJ1500GF;;LÅS;;;;LÅS;;RULE:Taxa_från_edp:225;Underjordsbehållare 1,5 m³, glas färgat. Tjänsttaxa Okänd ÅRKV UJ1500GF | Underjordsbehållare 1,5 m³, glas färgat. Tjänsttaxa | ÅRKV | Underjordsbehållare 1,5 m³, glas färgat | 0
UJ1500GFTÖM;;LÅS;;;;LÅS;;RULE:Taxa_från_edp:226;Tömning underjordsbehållare 1,5 m³, glasförp färgat Okänd KVAN UJ1500GFTÖM | Tömning underjordsbehållare 1,5 m³, glasförp färgat | KVAN | Tömning underjordsbehållare 1,5 m³, glasförp färgat | ANTL
UJ1500GO;;LÅS;;;;LÅS;;RULE:Taxa_från_edp:227;Underjordsbehållare 1,5 m³, glas ofärgat. Tjänsttaxa Okänd ÅRKV UJ1500GO | Underjordsbehållare 1,5 m³, glas ofärgat. Tjänsttaxa | ÅRKV | Underjordsbehållare 1,5 m³, glas ofärgat | 0
UJ1500GOTÖM;;LÅS;;;;LÅS;;RULE:Taxa_från_edp:228;Tömning underjordsbehållare 1,5 m³, glasförp ofärgat Okänd KVAN UJ1500GOTÖM | Tömning underjordsbehållare 1,5 m³, glasförp ofärgat | KVAN | Tömning underjordsbehållare 1,5 m³, glasförp ofärgat | ANTL
LÖSTKBMBUD;;LÖSTKBMBUD;;;;LÖSTKBMBUD;;STANDARD:Standard Avfall:199;Hämtning löst avfall, per kbm. Budning KVAN ANTL
MB1300MA13;;MA;;MA;;;;STANDARD:Standard Avfall:238;Markbehållare 1,3 m³, matavfall. Var 4:e vecka ÅRKV ANTB
MB1300MA26;;MA;;MA;;;;STANDARD:Standard Avfall:237;Markbehållare 1,3 m³, matavfall. Var 14:e dag ÅRKV ANTB
MB1300MA52;;MA;;MA;;;;STANDARD:Standard Avfall:236;Markbehållare 1,3 m³, matavfall. Varje vecka ÅRKV ANTB
MB1300MABUD;;MA;;MA;;;;STANDARD:Standard Avfall:239;Markbehållare 1,3 m³, matavfall. Budning KVAN ANTL
MB1400MA;;MA;;MA;;;;RULE:Taxa_från_edp:140;Tömning Markbehållare 1.4 m³, matavfall. Tjänsttaxa Okänd Matavfall ÅRKV MB1400MA | Tömning Markbehållare 1.4 m³, matavfall. Tjänsttaxa | ÅRKV | Tömning Markbehållare 1.4 m³, matavfall. | 0
MB1400MATÖM;;MA;;MA;;;;RULE:Taxa_från_edp:141;Tömning Markbehållare 1.4 m³, matavfall Okänd Matavfall KVAN MB1400MATÖM | Tömning Markbehållare 1.4 m³, matavfall | KVAN | Tömning Markbehållare 1.4 m³, matavfall | ANTL
MB1400TÖM;;MA;;MA;;;;RULE:Taxa_från_edp:146;Tömning Markbehållare 1.4 m³, matavfall Okänd Matavfall KVAN MB1400TÖM | Tömning Markbehållare 1.4 m³, matavfall | KVAN | Tömning Markbehållare 1.4 m³, matavfall | ANTL
MB1600MA13;;MA;;MA;;;;STANDARD:Standard Avfall:250;Markbehållare 1,6 m³, matavfall. Var 4:e vecka ÅRKV ANTB
MB1600MA26;;MA;;MA;;;;STANDARD:Standard Avfall:249;Markbehållare 1,6 m³, matavfall. Var 14:e dag ÅRKV ANTB
MB1600MA52;;MA;;MA;;;;STANDARD:Standard Avfall:248;Markbehållare 1,6 m³, matavfall. Varje vecka ÅRKV ANTB
MB1600MABUD;;MA;;MA;;;;STANDARD:Standard Avfall:251;Markbehållare 1,6m³, matavfall. Budning KVAN ANTL
MB800MA13;;MA;;MA;;;;STANDARD:Standard Avfall:232;Markbehållare 0,8 m³, matavfall. Var 4:e vecka ÅRKV ANTB
MB800MA26;;MA;;MA;;;;STANDARD:Standard Avfall:231;Markbehållare 0,8 m³, matavfall. Var 14:e dag ÅRKV ANTB
MB800MA52;;MA;;MA;;;;STANDARD:Standard Avfall:230;Markbehållare 0,8 m³, matavfall. Varje vecka ÅRKV ANTB
MB800MABUD;;MA;;MA;;;;STANDARD:Standard Avfall:233;Markbehållare 0,8 m³, matavfall. Budning KVAN ANTL
UJ800MA;;MA;;MA;;;;RULE:Taxa_från_edp:241;Underjordsbehållare 0,8 m³, matavfall. Tjänsttaxa Okänd Matavfall ÅRKV UJ800MA | Underjordsbehållare 0,8 m³, matavfall. Tjänsttaxa | ÅRKV | Underjordsbehållare 0,8 m³, matavfall | 0
UJ800MATÖM;;MA;;MA;;;;RULE:Taxa_från_edp:242;Tömning underjordsbehållare 0,8 m³, matavfall Okänd Matavfall KVAN UJ800MATÖM | Tömning underjordsbehållare 0,8 m³, matavfall | KVAN | Tömning underjordsbehållare 0,8 m³, matavfall | ANTL
MB1300MA104;;MA|2;;MA;2;;;STANDARD:Standard Avfall:235;Markbehållare 1,3 m³, matavfall. 2ggr/ vecka ÅRKV ANTB
MB1600MA104;;MA|2;;MA;2;;;STANDARD:Standard Avfall:247;Markbehållare 1,6 m³, matavfall. 2ggr/ vecka ÅRKV ANTB
MB800MA104;;MA|2;;MA;2;;;STANDARD:Standard Avfall:229;Markbehållare 0,8 m³, matavfall. 2ggr/ vecka ÅRKV ANTB
GEMKÄFRI;;MA|GEMKÄFRI|FRITID;;MA;;GEMKÄFRI;FRITID;RULE:Taxa_från_edp:59;Gemensam uppsamlingsplats med eget kärl, fritidshus Okänd ÅRKV GEMKÄFRI | Gemensam uppsamlingsplats med eget kärl, fritidshus | ÅRKV | Viktavgift rest- matavfall kr/kg | VIKG
NYMAT;;MA|NYMAT;;MA;;NYMAT;;STANDARD:Standard Avfall:311;Dummytaxa, ny tjänst via ändringsorder Matavfall ÅRKV 0
NYRFID;;MA|NYRFID;;MA;;NYRFID;;RULE:Taxa_från_edp:163;Mottagarantjänstför okänt RFID Okänd ÅRKV NYRFID | Mottagarantjänstför okänt RFID | ÅRKV | Tvåfackskärl , rest/matavfall. | 0
VIKTMA;;MA|VIKTMA;;MA;;VIKTMA;;RULE:Taxa_från_edp:264;Vikt, matavfall Okänd Matavfall KVAN VIKTMA | Vikt, matavfall | KVAN | Vikt, matavfall | VIKG
VIKTMAT;;MA|VIKTMAT;;MA;;VIKTMAT;;RULE:Taxepunkter:106;Viktavgift matavfall Hushåll Matavfall KVAN §2.3.1 | §2.3.1 | Viktavgift matavfall |  | kr/kg | VIKTMAT |  | KVAN |  |  |  | 
MBSPRINTER;;MBSPRINTER;;;;MBSPRINTER;;RULE:Taxa_från_edp:153;MB Sprinter- externa tjänster Okänd KVAN MBSPRINTER | MB Sprinter- externa tjänster | KVAN | MB Sprinter | TIMT
MB1400ME;;ME;;ME;;;;RULE:Taxa_från_edp:142;Tömning Markbehållare 1.4 m³, metallförpackningar. Tjänsttaxa Okänd ÅRKV MB1400ME | Tömning Markbehållare 1.4 m³, metallförpackningar. Tjänsttaxa | ÅRKV | Tömning Markbehållare 1.4 m³, metallförpackningar. | 0
MB1400METÖM;;ME;;ME;;;;RULE:Taxa_från_edp:143;Tömning Markbehållare 1.4 m³, metallförpackningar. Okänd KVAN MB1400METÖM | Tömning Markbehållare 1.4 m³, metallförpackningar. | KVAN | Tömning Markbehållare 1.4 m³, metallförpackningar. | ANTL
UJ1500ME;;ME;;ME;;;;RULE:Taxa_från_edp:229;Underjordsbehållare 1,5 m³, metallförpackningar. Tjänsttaxa Okänd ÅRKV UJ1500ME | Underjordsbehållare 1,5 m³, metallförpackningar. Tjänsttaxa | ÅRKV | Underjordsbehållare 1,5 m³, metallförpackningar | 0
UJ1500METÖM;;ME;;ME;;;;RULE:Taxa_från_edp:230;Tömning underjordsbehållare 1,5 m³, metallförpackningar Okänd KVAN UJ1500METÖM | Tömning underjordsbehållare 1,5 m³, metallförpackningar | KVAN | Tömning underjordsbehållare 1,5 m³, metallförpackningar | ANTL
VIKTME;;ME|VIKTME;;ME;;VIKTME;;RULE:Taxa_från_edp:268;Vikt, metallförpackningar Okänd KVAN VIKTME | Vikt, metallförpackningar | KVAN | Vikt, metallförpackningar | VIKG
ÅBEHME;;ME|ÅBEHME;;ME;;ÅBEHME;;STANDARD:Standard ÅVS:16;ÅVS behandling metallförpackningar KVAN ANTL
ÅBUDME;;ME|ÅBUDME;;ME;;ÅBUDME;;STANDARD:Standard ÅVS:27;ÅVS budad tömning metallförpackningar KVAN ANTL
ÅTÖMME;;ME|ÅTÖMME;;ME;;ÅTÖMME;;STANDARD:Standard ÅVS:15;ÅVS tömning metallförpackningar KVAN ANTL
ÅVSME;;ME|ÅVSME;;ME;;ÅVSME;;STANDARD:Standard ÅVS:5;ÅVS metallförpackningar. Tjänsttaxa ÅRKV ANTB
NYOSO;;NYOSO;;;;NYOSO;;STANDARD:Standard Avfall:310;Dummytaxa, ny tjänst via ändringsorder Osorterat avfall ÅRKV 0
NYTJÄNST;;NYTJÄNST;;;;NYTJÄNST;;STANDARD:Standard Avfall:314;Dummytaxa, ny tjänst via ändringsorder ÅRKV 0
NYTJÄNST;;NYTJÄNST;;;;NYTJÄNST;;RULE:Taxa_från_edp:164;Dummytaxa, ny tjänst via ändringsorder Okänd ÅRKV NYTJÄNST | Dummytaxa, ny tjänst via ändringsorder | ÅRKV | Dummytaxa, ny tjänst via ändringsorder | ANTB
OA;;OA;;;;OA;;RULE:Taxa_från_edp:165;OBEBOTT AVLOPP Okänd ÅRPR OA | OBEBOTT AVLOPP | ÅRPR | Obebott, avlopp | 
OMKLASS;;OMKLASS;;;;OMKLASS;;RULE:Taxa_från_edp:166;Omklassning av felsorterad container Okänd KVAN OMKLASS | Omklassning av felsorterad container | KVAN | Omklassning av felsorterad container | ANTL
ORTRASIGTKÄRL;;ORTRASIGTKÄRL;;;;ORTRASIGTKÄRL;;RULE:Taxa_från_edp:167;Orderrad för trasigt kärl, byta/laga Okänd KVAN ORTRASIGTKÄRL | Orderrad för trasigt kärl, byta/laga | KVAN | Orderrad för trasigt kärl, byta/laga | 0
OV;;OV;;;;OV;;RULE:Taxa_från_edp:168;OBEBOTT VATTEN Okänd ÅRPR OV | OBEBOTT VATTEN | ÅRPR | Obebott, vatten | 
OVA;;OVA;;;;OVA;;RULE:Taxa_från_edp:169;OBEBOTT VA Okänd ÅRPR OVA | OBEBOTT VA | ÅRPR | Obebott, vatten och avlopp | 
MB2600PA;;PA;;PA;;;;RULE:Taxa_från_edp:147;Tömning Markbehållare 2,6 m³, pappersförpackningar. Tjänsttaxa Okänd ÅRKV MB2600PA | Tömning Markbehållare 2,6 m³, pappersförpackningar. Tjänsttaxa | ÅRKV | Tömning Markbehållare 2,6 m³, pappersförpackningar. | 0
MB2600PATÖM;;PA;;PA;;;;RULE:Taxa_från_edp:148;Tömning Markbehållare 2,6 m³, pappersförpackningar. Okänd KVAN MB2600PATÖM | Tömning Markbehållare 2,6 m³, pappersförpackningar. | KVAN | Tömning Markbehållare 2,6 m³, pappersförpackningar. | ANTL
UJ5000PA;;PA;;PA;;;;RULE:Taxa_från_edp:237;Underjordsbehållare 5 m³, pappersförpackningar. Tjänsttaxa Okänd ÅRKV UJ5000PA | Underjordsbehållare 5 m³, pappersförpackningar. Tjänsttaxa | ÅRKV | Underjordsbehållare 5 m³, pappersförpackningar | 0
UJ5000PATÖM;;PA;;PA;;;;RULE:Taxa_från_edp:238;Tömning underjordsbehållare 5 m³, pappersförpackningar Okänd KVAN UJ5000PATÖM | Tömning underjordsbehållare 5 m³, pappersförpackningar | KVAN | Tömning underjordsbehållare 5 m³, pappersförpackningar | ANTL
VIKTPA;;PA|VIKTPA;;PA;;VIKTPA;;RULE:Taxa_från_edp:269;Vikt, pappersförpackningar Okänd KVAN VIKTPA | Vikt, pappersförpackningar | KVAN | Vikt, pappersförpackningar | VIKG
ÅBEHPA;;PA|ÅBEHPA;;PA;;ÅBEHPA;;STANDARD:Standard ÅVS:18;ÅVS behandling pappersförpackningar KVAN ANTL
ÅBUDPA;;PA|ÅBUDPA;;PA;;ÅBUDPA;;STANDARD:Standard ÅVS:28;ÅVS budad tömning pappersförpackningar KVAN ANTL
ÅTÖMPA;;PA|ÅTÖMPA;;PA;;ÅTÖMPA;;STANDARD:Standard ÅVS:17;ÅVS tömning pappersförpackningar KVAN ANTL
ÅVSPA;;PA|ÅVSPA;;PA;;ÅVSPA;;STANDARD:Standard ÅVS:6;ÅVS pappersförpackningar. Tjänsttaxa ÅRKV ANTB
PERSONAL;;PERSONAL;;;;PERSONAL;;RULE:Taxa_från_edp:170;Personal- externa tjänster Okänd KVAN PERSONAL | Personal- externa tjänster | KVAN | Personal | TIMT
PERSONBIL;;PERSONBIL;;;;PERSONBIL;;RULE:Taxa_från_edp:171;Personbil- externa tjänster Okänd KVAN PERSONBIL | Personbil- externa tjänster | KVAN | Personbil | TIMT
MB2600PL;;PL|LÅS;;PL;;LÅS;;RULE:Taxa_från_edp:149;Tömning Markbehållare 2,6 m³, plastförpackning. Tjänsttaxa Okänd ÅRKV MB2600PL | Tömning Markbehållare 2,6 m³, plastförpackning. Tjänsttaxa | ÅRKV | Tömning Markbehållare 2,6 m³, plastförpackning. | 0
MB2600PLTÖM;;PL|LÅS;;PL;;LÅS;;RULE:Taxa_från_edp:150;Tömning Markbehållare 2,6 m³, plastförpackning. Okänd KVAN MB2600PLTÖM | Tömning Markbehållare 2,6 m³, plastförpackning. | KVAN | Tömning Markbehållare 2,6 m³, plastförpackning. | ANTL
UJ3200PL;;PL|LÅS;;PL;;LÅS;;RULE:Taxa_från_edp:233;Underjordsbehållare 3,2 m³, plastförpackningar. Tjänsttaxa Okänd ÅRKV UJ3200PL | Underjordsbehållare 3,2 m³, plastförpackningar. Tjänsttaxa | ÅRKV | Underjordsbehållare 3,2 m³, plastförpackningar | 0
UJ3200PLTÖM;;PL|LÅS;;PL;;LÅS;;RULE:Taxa_från_edp:234;Tömning underjordsbehållare 3,2 m³, plastförpackningar Okänd KVAN UJ3200PLTÖM | Tömning underjordsbehållare 3,2 m³, plastförpackningar | KVAN | Tömning underjordsbehållare 3,2 m³, plastförpackningar | ANTL
UJ5000PL;;PL|LÅS;;PL;;LÅS;;RULE:Taxa_från_edp:239;Underjordsbehållare 5 m³, plastförpackningar. Tjänsttaxa Okänd ÅRKV UJ5000PL | Underjordsbehållare 5 m³, plastförpackningar. Tjänsttaxa | ÅRKV | Underjordsbehållare 5 m³, plastförpackningar | 0
UJ5000PLTÖM;;PL|LÅS;;PL;;LÅS;;RULE:Taxa_från_edp:240;Tömning underjordsbehållare 5 m³, plastförpackningar Okänd KVAN UJ5000PLTÖM | Tömning underjordsbehållare 5 m³, plastförpackningar | KVAN | Tömning underjordsbehållare 5 m³, plastförpackningar | ANTL
VIKTPL;;PL|VIKTPL;;PL;;VIKTPL;;RULE:Taxa_från_edp:270;Vikt, plastförpackningar Okänd KVAN VIKTPL | Vikt, plastförpackningar | KVAN | Vikt, plastförpackningar | VIKG
ÅBEHPL;;PL|ÅBEHPL;;PL;;ÅBEHPL;;STANDARD:Standard ÅVS:20;ÅVS behandling plastförpackningar KVAN ANTL
ÅBUDPL;;PL|ÅBUDPL;;PL;;ÅBUDPL;;STANDARD:Standard ÅVS:29;ÅVS budad tömning plastförpackningar KVAN ANTL
ÅTÖMPL;;PL|ÅTÖMPL;;PL;;ÅTÖMPL;;STANDARD:Standard ÅVS:19;ÅVS tömning plastförpackningar KVAN ANTL
ÅVSPL;;PL|ÅVSPL;;PL;;ÅVSPL;;STANDARD:Standard ÅVS:7;ÅVS plastförpackningar. Tjänsttaxa ÅRKV ANTB
PÅMINN;;PÅMINN;;;;PÅMINN;;RULE:Taxa_från_edp:172;Påminnelsavgift Okänd KVAN PÅMINN | Påminnelsavgift | KVAN | Påminnelsavgift | 
RBRSL;;RBRSL;;;;RBRSL;;STANDARD:Standard Slam:87;Rensbrunn, slam KVAN ANTL
RBRSLB;;RBRSLB;;;;RBRSLB;;STANDARD:Standard Slam:70;Rensbrunn, slam. Budning KVAN ANTL
RBRSLBUD;;RBRSLBUD;;;;RBRSLBUD;;STANDARD:Standard Slam:37;Rensbrunn, slam. Budning ÅRKV 7
RBRSLO;;RBRSLO;;;;RBRSLO;;STANDARD:Standard Slam:54;Rensbrunn, slam. Ordinarie tur KVAN ANTL
RBRSLORD;;RBRSLORD;;;;RBRSLORD;;STANDARD:Standard Slam:21;Rensbrunn, slam. Ordinarie tur ÅRKV 0
MB1300RE13;;RE;;RE;;;;STANDARD:Standard Avfall:214;Markbehållare 1,3 m³, restavfall. Var 4:e vecka ÅRKV ANTB
MB1300RE26;;RE;;RE;;;;STANDARD:Standard Avfall:213;Markbehållare 1,3 m³, restavfall. Var 14:e dag ÅRKV ANTB
MB1300RE52;;RE;;RE;;;;STANDARD:Standard Avfall:212;Markbehållare 1,3 m³, restavfall. Varje vecka ÅRKV ANTB
MB1300REBUD;;RE;;RE;;;;STANDARD:Standard Avfall:215;Markbehållare 1,3 m³, restavfall. Budning KVAN ANTL
MB2200RE13;;RE;;RE;;;;STANDARD:Standard Avfall:220;Markbehållare 2,2 m³, restavfall. Var 4:e vecka ÅRKV ANTB
MB2200RE26;;RE;;RE;;;;STANDARD:Standard Avfall:219;Markbehållare 2,2 m³, restavfall. Var 14:e dag ÅRKV ANTB
MB2200RE52;;RE;;RE;;;;STANDARD:Standard Avfall:218;Markbehållare 2,2 m³, restavfall. Varje vecka ÅRKV ANTB
MB2200REBUD;;RE;;RE;;;;STANDARD:Standard Avfall:221;Markbehållare 2,2 m³, restavfall. Budning KVAN ANTL
MB2600RE;;RE;;RE;;;;RULE:Taxa_från_edp:151;Tömning Markbehållare 2,6 m³, restavfall. Tjänsttaxa Okänd Restavfall ÅRKV MB2600RE | Tömning Markbehållare 2,6 m³, restavfall. Tjänsttaxa | ÅRKV | Tömning Markbehållare 2,6 m³, restavfall. | 0
MB2600RETÖM;;RE;;RE;;;;RULE:Taxa_från_edp:152;Tömning Markbehållare 2,6 m³, restavfall. Okänd Restavfall KVAN MB2600RETÖM | Tömning Markbehållare 2,6 m³, restavfall. | KVAN | Tömning Markbehållare 2,6 m³, restavfall. | ANTL
MB5000RE13;;RE;;RE;;;;STANDARD:Standard Avfall:226;Markbehållare 5 m³, restavfall. Var 4:e vecka ÅRKV ANTB
MB5000RE26;;RE;;RE;;;;STANDARD:Standard Avfall:225;Markbehållare 5 m³, restavfall. Var 14:e dag ÅRKV ANTB
MB5000RE52;;RE;;RE;;;;STANDARD:Standard Avfall:224;Markbehållare 5 m³, restavfall. Varje vecka ÅRKV ANTB
MB5000REBUD;;RE;;RE;;;;STANDARD:Standard Avfall:227;Markbehållare 5 m³, restavfall. Budning KVAN ANTL
UJ3200RE;;RE;;RE;;;;RULE:Taxa_från_edp:235;Underjordsbehållare 3,2 m³, restavfall. Tjänsttaxa Okänd Restavfall ÅRKV UJ3200RE | Underjordsbehållare 3,2 m³, restavfall. Tjänsttaxa | ÅRKV | Underjordsbehållare 3,2 m³, restavfall | 0
UJ3200RETÖM;;RE;;RE;;;;RULE:Taxa_från_edp:236;Tömning underjordsbehållare 3,2 m³, restavfall Okänd Restavfall KVAN UJ3200RETÖM | Tömning underjordsbehållare 3,2 m³, restavfall | KVAN | Tömning underjordsbehållare 3,2 m³, restavfall | ANTL
MB1300RE104;;RE|2;;RE;2;;;STANDARD:Standard Avfall:211;Markbehållare 1,3 m³, restavfall. 2ggr/ vecka ÅRKV ANTB
MB2200RE104;;RE|2;;RE;2;;;STANDARD:Standard Avfall:217;Markbehållare 2,2 m³, restavfall. 2ggr/ vecka ÅRKV ANTB
MB5000RE104;;RE|2;;RE;2;;;STANDARD:Standard Avfall:223;Markbehållare 5 m³, restavfall. 2ggr/ vecka ÅRKV ANTB
BEHREST;;RE|BEHREST;;RE;;BEHREST;;RULE:Taxa_från_edp:25;Behandlingsavgift Restavfall Okänd Restavfall KVAN BEHREST | Behandlingsavgift Restavfall | KVAN | Behandlingsavgift Restavfall | VITO
GEMLIPFRI;;RE|GEMLIPFRI|FRITID;;RE;;GEMLIPFRI;FRITID;RULE:Taxa_från_edp:60;Gemensam uppsamlingsplats (LIP), fritidshus Okänd ÅRKV GEMLIPFRI | Gemensam uppsamlingsplats (LIP), fritidshus | ÅRKV | LIP, mat- och restavfall | FAST
GEMUPPFRI;;RE|GEMUPPFRI|FRITID;;RE;;GEMUPPFRI;FRITID;RULE:Taxepunkter:31;Gemensam uppsamlingsplats för mat-/restavfall Hushåll Restavfall §2.2.3 | §2.2.3 | Gemensam uppsamlingsplats för mat-/restavfall |  | st/år | GEMUPPFRI | GEMUPPFRI |  |  |  |  | 
NYRES;;RE|NYRES;;RE;;NYRES;;STANDARD:Standard Avfall:309;Dummytaxa, ny tjänst via ändringsorder Restavfall ÅRKV 0
VIKTRE;;RE|VIKTRE;;RE;;VIKTRE;;RULE:Taxa_från_edp:271;Vikt, restavfall Okänd Restavfall KVAN VIKTRE | Vikt, restavfall | KVAN | Vikt, restavfall | VIKG
VIKTREST;;RE|VIKTREST;;RE;;VIKTREST;;RULE:Taxepunkter:107;Viktavgift restavfall Hushåll Restavfall KVAN §2.3.1 | §2.3.1 | Viktavgift restavfall |  | kr/kg | VIKTREST |  | KVAN |  |  |  | 
VIKTREST;;RE|VIKTREST;;RE;;VIKTREST;;RULE:Taxa_från_edp:272;Tvåfackskärl, viktavgift rest Okänd KVAN VIKTREST | Tvåfackskärl, viktavgift rest | KVAN | Viktavgift restavfall | VIKG,MAX60
VIKTREST;;RE|VIKTREST;;RE;;VIKTREST;;RULE:Taxa_från_edp:273;Tvåfackskärl, viktavgift rest Okänd KVAN VIKTREST | Tvåfackskärl, viktavgift rest | KVAN | Vikt över 60 kg, restavfall | VIKG-60,MIN0
RHKORR;;RHKORR;;;;RHKORR;;STANDARD:Standard Avfall:304;Korrigering av händelse, konto och pris sätts manuellt KVAN ANTL
RHTILLAV;;RHTILLAV;;;;RHTILLAV;;RULE:Taxa_från_edp:175;Renh, tillägg-avdrag Okänd KVAN RHTILLAV | Renh, tillägg-avdrag | KVAN | Renh, tillägg-avdrag | 
SORTERING;;SORTERING;;;;SORTERING;;RULE:Taxa_från_edp:212;Material till sortering (Ej farligt avfall och elavfall) Okänd Elavfall KVAN SORTERING | Material till sortering (Ej farligt avfall och elavfall) | KVAN | Material till sortering | VITO
SPOLVAGN;;SPOLVAGN;;;;SPOLVAGN;;RULE:Taxa_från_edp:213;Spolvagn- externa tjänster Okänd KVAN SPOLVAGN | Spolvagn- externa tjänster | KVAN | Spolvagn | TIMT
TBL;;TBL;;;;TBL;;STANDARD:Standard Avfall:442;Transport/ tömning baklastarbil KVAN ANTL
TBOM;;TBOM;;;;TBOM;;STANDARD:Standard Avfall:432;Transport, bomkörning KVAN ANTL
TCOTIM;;TCOTIM;;;;TCOTIM;;STANDARD:Standard Avfall:438;Transport/tömning container, timtid KVAN ANTL
TFB;;TFB;;;;TFB;;STANDARD:Standard Avfall:441;Transport/ tömning flakbil KVAN ANTL
TFL;;TFL;;;;TFL;;STANDARD:Standard Avfall:440;Transport/ tömning frontlastarbil KVAN ANTL
MB1400TI;;TI;;TI;;;;RULE:Taxa_från_edp:144;Tömning Markbehållare 1.4 m³, tidningar. Tjänsttaxa Okänd ÅRKV MB1400TI | Tömning Markbehållare 1.4 m³, tidningar. Tjänsttaxa | ÅRKV | Tömning Markbehållare 1.4 m³, tidningar. | 0
MB1400TITÖM;;TI;;TI;;;;RULE:Taxa_från_edp:145;Tömning Markbehållare 1.4 m³, tidningar. Okänd KVAN MB1400TITÖM | Tömning Markbehållare 1.4 m³, tidningar. | KVAN | Tömning Markbehållare 1.4 m³, tidningar. | ANTL
UJ1500TI;;TI;;TI;;;;RULE:Taxa_från_edp:231;Underjordsbehållare 1,5 m³, tidningar. Tjänsttaxa Okänd ÅRKV UJ1500TI | Underjordsbehållare 1,5 m³, tidningar. Tjänsttaxa | ÅRKV | Underjordsbehållare 1,5 m³, tidningar | 0
UJ1500TITÖM;;TI;;TI;;;;RULE:Taxa_från_edp:232;Tömning underjordsbehållare 1,5 m³, tidningar Okänd KVAN UJ1500TITÖM | Tömning underjordsbehållare 1,5 m³, tidningar | KVAN | Tömning underjordsbehållare 1,5 m³, tidningar | ANTL
VIKTTI;;TI|VIKTTI;;TI;;VIKTTI;;RULE:Taxa_från_edp:274;Vikt, tidningar Okänd KVAN VIKTTI | Vikt, tidningar | KVAN | Vikt, tidningar | VIKG
TLD;;TLD;;;;TLD;;STANDARD:Standard Avfall:443;Transport/ tömning liftdumperbil KVAN ANTL
TLEVERANS;;TLEVERANS;;;;TLEVERANS;;STANDARD:Standard Avfall:433;Transport, leveranskostnad KVAN ANTL
TLV;;TLV;;;;TLV;;STANDARD:Standard Avfall:444;Transport/ tömning lastväxlarbil KVAN ANTL
TSBTIM;;TSBTIM;;;;TSBTIM;;STANDARD:Standard Avfall:439;Transport/ tömning sopbil, timtid KVAN ANTL
Tungt lock;;TUNGTLOCK;;;;TUNGTLOCK;;RULE:Taxa_från_edp:224;Lyft av tung lock över 15 kilo slam Slam Slam KVAN Tungt lock | Lyft av tung lock över 15 kilo slam | KVAN | Lyft av tungt brunnslock över 15 kg | ANTL
TUTSTÄLLCO;;TUTSTÄLLCO;;;;TUTSTÄLLCO;;STANDARD:Standard Avfall:436;Transport, utställningskostnad container KVAN ANTL
TUTSTÄLLKÄ;;TUTSTÄLLKÄ;;;;TUTSTÄLLKÄ;;STANDARD:Standard Avfall:434;Transport, utställningskostnad kärl KVAN ANTL
UPPEHÅLL;;UPPEHÅLL;;;;UPPEHÅLL;;STANDARD:Standard Avfall:308;Dummytaxa för tjänst som har upphåll i hämtning ÅRKV 0
UTEDASS;;UTEDASS;;;;UTEDASS;;RULE:Taxa_från_edp:243;Utedass Okänd ÅRKV UTEDASS | Utedass | ÅRKV | Utedass | ANTL
V;;V;;;;V;;RULE:Taxa_från_edp:244;VATTEN BOSTADSHUS Okänd ÅRPR V | VATTEN BOSTADSHUS | ÅRPR | Vatten bostadshus | 
VA;;VA;;;;VA;;RULE:Taxa_från_edp:245;VA-AVGIFTER Okänd FÖRB VA | VA-AVGIFTER | FÖRB | Förbrukning | 
VA;;VA;;;;VA;;RULE:Taxa_från_edp:246;VA-AVGIFTER Okänd ÅRPR VA | VA-AVGIFTER | ÅRPR | Grund och mätaravgift | 
VAF;;VAF;;;;VAF;;RULE:Taxa_från_edp:247;VA-ENDAST FÖRBRUKNING Okänd FÖRB VAF | VA-ENDAST FÖRBRUKNING | FÖRB | Förbrukning | 
VAFP;;VAFP|FRITID;;;;VAFP;FRITID;RULE:Taxa_från_edp:248;VA FRITIDSHUS PARHUS Okänd ÅRPR VAFP | VA FRITIDSHUS PARHUS | ÅRPR | Vatten och avlopp | 
VAK;;VAK;;;;VAK;;RULE:Taxa_från_edp:249;VA MAX 200 kvm Okänd ÅRPR VAK | VA MAX 200 kvm | ÅRPR | Vatten och avlopp | 
VAOBF;;VAOBF;;;;VAOBF;;RULE:Taxa_från_edp:255;VA, OBEBYGGD FASTIGHET INOM DETALJLAGT OMRÅDE Okänd ÅRPR VAOBF | VA, OBEBYGGD FASTIGHET INOM DETALJLAGT OMRÅDE | ÅRPR | VA inom detaljplan obebyggd | 
VAOB;;VAOB|PERMANENT;;;;VAOB;PERMANENT;RULE:Taxa_från_edp:254;PERMANENTHUS, OBEBOTT LÄNGRE ÄN 3 MÅN Okänd ÅRPR VAOB | PERMANENTHUS, OBEBOTT LÄNGRE ÄN 3 MÅN | ÅRPR | Vatten avlopp obebott | 
VATILLAV;;VATILLAV;;;;VATILLAV;;RULE:Taxa_från_edp:256;VA, tillägg-avdrag Okänd KVAN VATILLAV | VA, tillägg-avdrag | KVAN | VA, tillägg-avdrag | 
VAUMC;;VAUMC|FRITID;;;;VAUMC;FRITID;RULE:Taxa_från_edp:258;VA FRITIDSHUS CAMPING Okänd ÅRPR VAUMC | VA FRITIDSHUS CAMPING | ÅRPR | Fast avgift camping | 
VAUMC;;VAUMC|FRITID;;;;VAUMC;FRITID;RULE:Taxa_från_edp:259;VA FRITIDSHUS CAMPING Okänd ÅRKV VAUMC | VA FRITIDSHUS CAMPING | ÅRKV | Extra för varje stuga | STUG
VAUMF;;VAUMF|FRITID;;;;VAUMF;FRITID;RULE:Taxa_från_edp:260;VA FRITIDSHUS Okänd ÅRPR VAUMF | VA FRITIDSHUS | ÅRPR | Fast avgift va fritidshus | 
VAUM;;VAUM|PERMANENT;;;;VAUM;PERMANENT;RULE:Taxa_från_edp:257;VA Permanentboende Okänd ÅRPR VAUM | VA Permanentboende | ÅRPR | VA Fast avgift - permanentbo. | 
BDT03SLORD;;VERKSAMHET;;;;;VERKSAMHET;RULE:Taxepunkter:170;Bad-, disk- och tvättbrunn upp till 3 m3 Flerbostad/verksamhet Volym ÅRKV §3.1.1 | §3.1.1 | Bad-, disk- och tvättbrunn upp till 3 m3 |  | kr/tömning | BDT03SLORD | BDT03SLORD | ÅRKV |  |  |  | 
BDT36SLORD;;VERKSAMHET;;;;;VERKSAMHET;RULE:Taxepunkter:167;Mellan 3 m3 och 6 m3 Flerbostad/verksamhet Volym ÅRKV §3.1.1 | §3.1.1 | Mellan 3 m3 och 6 m3 |  | kr/tömning | BDT36SLORD | BDT36SLORD | ÅRKV |  |  |  | 
BRN03SLORD;;VERKSAMHET;;;;;VERKSAMHET;RULE:Taxepunkter:166;Upp till 3 m3 Flerbostad/verksamhet Volym ÅRKV §3.1.1 | §3.1.1 | Upp till 3 m3 |  | kr/tömning | BRN03SLORD | BRN03SLORD | ÅRKV |  |  |  | 
BRNÖ6SLORD;;VERKSAMHET;;;;;VERKSAMHET;RULE:Taxepunkter:168;Mellan 6 m3 och 9 m3 Flerbostad/verksamhet Volym ÅRKV §3.1.1 | §3.1.1 | Mellan 6 m3 och 9 m3 |  | kr/tömning | BRNÖ6SLORD | BRNÖ6SLORD | ÅRKV |  |  |  | 
VF;;VF|FRITID;;;;VF;FRITID;RULE:Taxa_från_edp:261;VATTEN FRITIDSHUS Okänd ÅRPR VF | VATTEN FRITIDSHUS | ÅRPR | Vatten fritidshus | 
VIKTGF;;VIKTGF;;;;VIKTGF;;RULE:Taxa_från_edp:262;Vikt, glasförpackningar färgat Okänd KVAN VIKTGF | Vikt, glasförpackningar färgat | KVAN | Vikt, glasförpackningar färgat | VIKG
VIKTGO;;VIKTGO;;;;VIKTGO;;RULE:Taxa_från_edp:263;Vikt, glasförpackningar ofärgat Okänd KVAN VIKTGO | Vikt, glasförpackningar ofärgat | KVAN | Vikt, glasförpackningar ofärgat | VIKG
VIKTMAREST;;VIKTMAREST;;;;VIKTMAREST;;RULE:Taxa_från_edp:265;Vikt hushållsavfall ma/rest Okänd KVAN VIKTMAREST | Vikt hushållsavfall ma/rest | KVAN | Viktavgift hushållsavfall | VIKG
VOBF;;VOBF;;;;VOBF;;RULE:Taxa_från_edp:275;V, OBEBYGGD FASTIGHET Okänd ÅRPR VOBF | V, OBEBYGGD FASTIGHET | ÅRPR | Vatten obebygg. inom detaljp. | 
ÄNDRAVG;;ÄNDRAVG;;;;ÄNDRAVG;;STANDARD:Standard Avfall:300;Ändringsavgift KVAN ANTL
ÄNDRING;;ÄNDRING;;;;ÄNDRING;;RULE:Taxa_från_edp:277;Ändring på kund Okänd KVAN ÄNDRING | Ändring på kund | KVAN | Ändring på kund | ANTL
ÅBEHGF;;ÅBEHGF;;;;ÅBEHGF;;STANDARD:Standard ÅVS:12;ÅVS behandling glasförpackningar, färgade KVAN ANTL
ÅBEHGO;;ÅBEHGO;;;;ÅBEHGO;;STANDARD:Standard ÅVS:14;ÅVS behandling glasförpackningar, ofärgade KVAN ANTL
ÅBUDGF;;ÅBUDGF;;;;ÅBUDGF;;STANDARD:Standard ÅVS:25;ÅVS budad tömning glasförpackningar, färgade KVAN ANTL
ÅBUDGO;;ÅBUDGO;;;;ÅBUDGO;;STANDARD:Standard ÅVS:26;ÅVS budad tömning glasförpackningar, ofärgade KVAN ANTL
ÅBUDRE;;ÅBUDRE;;;;ÅBUDRE;;STANDARD:Standard ÅVS:30;ÅVS budad renhållning KVAN ANTL
ÅBUDVI;;ÅBUDVI;;;;ÅBUDVI;;STANDARD:Standard ÅVS:31;ÅVS budad vinterhållning KVAN ANTL
ÅFYLL;;ÅFYLL;;;;ÅFYLL;;STANDARD:Standard ÅVS:23;ÅVS fyllnadsgrad x - y KVAN ANTL
ÅRENH;;ÅRENH;;;;ÅRENH;;STANDARD:Standard ÅVS:21;ÅVS renhållning KVAN ANTL
ÅTÖMGF;;ÅTÖMGF;;;;ÅTÖMGF;;STANDARD:Standard ÅVS:11;ÅVS tömning glasförpackningar, färgade KVAN ANTL
ÅTÖMGO;;ÅTÖMGO;;;;ÅTÖMGO;;STANDARD:Standard ÅVS:13;ÅVS tömning glasförpackningar, ofärgade KVAN ANTL
ÅVINH;;ÅVINH;;;;ÅVINH;;STANDARD:Standard ÅVS:22;ÅVS vinterhållning KVAN ANTL
ÅVSGF;;ÅVSGF;;;;ÅVSGF;;STANDARD:Standard ÅVS:3;ÅVS glasförpackningar, färgade. Tjänsttaxa ÅRKV ANTB
ÅVSGO;;ÅVSGO;;;;ÅVSGO;;STANDARD:Standard ÅVS:4;ÅVS glasförpackningar, ofärgade. Tjänsttaxa ÅRKV ANTB
ÅVSRE;;ÅVSRE;;;;ÅVSRE;;STANDARD:Standard ÅVS:8;ÅVS renhållning. Tjänsttaxa ÅRKV ANTB
ÅVSVI;;ÅVSVI;;;;ÅVSVI;;STANDARD:Standard ÅVS:9;ÅVS vinterhållning. Tjänsttaxa ÅRKV ANTB
CONT10ASBUD;CON;BASE;;;;;;RULE:Taxa_från_edp:39;Container 10m3 Aska Okänd ÅRKV CONT10ASBUD | Container 10m3 Aska | ÅRKV | Container 10m3 Aska | ANTB
CONT12SLBUD;CON;BASE;;;;;;RULE:Taxa_från_edp:41;Container 12 m3, Slam Slam Slam Volym ÅRKV CONT12SLBUD | Container 12 m3, Slam | ÅRKV | Container 12 m3, Slam | ANTB
CONT12_6FREBUD;CON;RE;;RE;;;;RULE:Taxa_från_edp:40;Container 12m3 6-fack Restavfall Okänd Restavfall ÅRKV CONT12_6FREBUD | Container 12m3 6-fack Restavfall | ÅRKV | Container 12m3 6-fack | ANTB
FARLIGTBUD;FA;RLIGTBUD;;;;RLIGTBUD;;RULE:Taxa_från_edp:49;Budning av farligt avfall, pris per tillfälle Okänd Farligt avfall Tillfälle KVAN FARLIGTBUD | Budning av farligt avfall, pris per tillfälle | KVAN | Budning av farligt avfall, pris per tillfälle | ANTL
FASTFE;FA;STFE;;;;STFE;;STANDARD:Standard Slam:4;Fast grundavgift, fett ÅRKV FAST/GRUND/ANTL
FASTFLB;FA;STFLB;;;;STFLB;;STANDARD:Standard Avfall:4;Fast grundavgift,  flerbostadshus per bostadsenhet ÅRKV FAST
FASTFRI;FA;STFRI|FRITID;;;;STFRI;FRITID;STANDARD:Standard Avfall:5;Fast grundavgift, fritidshus ÅRKV FAST
FASTSL;FA;STSL;;;;STSL;;STANDARD:Standard Slam:3;Fast grundavgift, slam ÅRKV FAST/GRUND/ANTL
FASTSMÅ;FA;STSMÅ;;;;STSMÅ;;STANDARD:Standard Avfall:3;Fast grundavgift, småhus ÅRKV FAST
FASTVHT;FA;STVHT|VERKSAMHET;;;;STVHT;VERKSAMHET;STANDARD:Standard Avfall:6;Fast grundavgift, verksamheter ÅRKV FAST
KÄRLBYTE240;KÄ;240|1;240;;1;;;RULE:Taxa_från_edp:130;Byte/återtag av behållare 140–240 L, 1 ggr/år Okänd Behållarvolym KVAN KÄRLBYTE240 | Byte/återtag av behållare 140–240 L, 1 ggr/år | KVAN | Byte/återtag av behållare 140–240 L, 1 ggr/år | ANTL
KÄRLBYTE660;KÄ;660|1;660;;1;;;RULE:Taxa_från_edp:131;Byte/återtag av behållare 370–660 L, 1 ggr/år Okänd Behållarvolym KVAN KÄRLBYTE660 | Byte/återtag av behållare 370–660 L, 1 ggr/år | KVAN | Byte/återtag av behållare 370–660 L, 1 ggr/år | ANTL
KÄOSBUD;KÄ;660|OSBUD;660;;;OSBUD;;STANDARD:Standard Avfall:184;Kärl 140-660 L, osort. avfall. Budning KVAN ANTL
KÄEXTORD;KÄ;EX;;;;EX;;STANDARD:Standard Avfall:301;Tömning extra kärl/säck, ordinarie tur KVAN ANTB
KÄLABUD;KÄ;LABUD;;;;LABUD;;STANDARD:Standard Avfall:207;Kärl, latrin. Budning KVAN ANTL
KÄLAEXTORD;KÄ;LAEXTORD;;;;LAEXTORD;;STANDARD:Standard Avfall:208;Kärl, latrin. Extrakärl, ordinarie hämtning KVAN ANTL
KÄRLBYTEFLER;KÄ;RLBYTEFLER;;;;RLBYTEFLER;;RULE:Taxa_från_edp:132;Ytterligare byte av kärl under kalenderåret Okänd KVAN KÄRLBYTEFLER | Ytterligare byte av kärl under kalenderåret | KVAN | Ytterligare byte av kärl under kalenderåret | ANTL
KÄRLTVÄTT;KÄ;RLTVÄTT;;;;RLTVÄTT;;STANDARD:Standard Avfall:299;Kärltvätt, pris per kärl ÅRKV eller KVAN ANTB eller ANTL
KÄ140OS11S;KÄ140;140;140;;;;;STANDARD:Standard Avfall:127;Kärl 140 L, osort. avfall. Var 14:e dag säsong ÅRKV ANTB
KÄ140OS13;KÄ140;140;140;;;;;STANDARD:Standard Avfall:124;Kärl 140 L, osort. avfall. Var 4:e vecka ÅRKV ANTB
KÄ140OS22S;KÄ140;140;140;;;;;STANDARD:Standard Avfall:126;Kärl 140 L, osort. avfall. Varje vecka säsong ÅRKV ANTB
KÄ140OS26;KÄ140;140;140;;;;;STANDARD:Standard Avfall:123;Kärl 140 L, osort. avfall. Var 14:e dag ÅRKV ANTB
KÄ140OS52;KÄ140;140;140;;;;;STANDARD:Standard Avfall:122;Kärl 140 L, osort. avfall. Varje vecka ÅRKV ANTB
KÄ140OS6S;KÄ140;140;140;;;;;STANDARD:Standard Avfall:128;Kärl 140 L, osort. avfall. Var 4:e vecka säsong ÅRKV ANTB
KÄ140OS104;KÄ140;140|2;140;;2;;;STANDARD:Standard Avfall:121;Kärl 140 L, osort. avfall. 2ggr/ vecka ÅRKV ANTB
KÄ140OS44S;KÄ140;140|2;140;;2;;;STANDARD:Standard Avfall:125;Kärl 140 L, osort. avfall. 2ggr/ vecka säsong ÅRKV ANTB
KÄ140OS156;KÄ140;140|3;140;;3;;;STANDARD:Standard Avfall:120;Kärl 140 L, osort. avfall. 3ggr/ vecka ÅRKV ANTB
KÄ140MA104;KÄ140MA;140|MA|104;140;MA;104;;;STANDARD:Standard Avfall:78;Kärl 140 L, matavfall. 2ggr/ vecka ÅRKV ANTB
KÄ140MA11S;KÄ140MA;140|MA|11|S;140;MA;11;S;;STANDARD:Standard Avfall:84;Kärl 140 L, matavfall. Var 14:e dag säsong ÅRKV ANTB
KÄ140MA13;KÄ140MA;140|MA|13;140;MA;13;;;STANDARD:Standard Avfall:81;Kärl 140 L, matavfall. Var 4:e vecka ÅRKV ANTB
KÄ140MA156;KÄ140MA;140|MA|156;140;MA;156;;;STANDARD:Standard Avfall:77;Kärl 140 L, matavfall. 3ggr/ vecka ÅRKV ANTB
KÄ140MA22S;KÄ140MA;140|MA|22|S;140;MA;22;S;;STANDARD:Standard Avfall:83;Kärl 140 L, matavfall. Varje vecka säsong ÅRKV ANTB
KÄ140MA26;KÄ140MA;140|MA|26;140;MA;26;;;STANDARD:Standard Avfall:80;Kärl 140 L, matavfall. Var 14:e dag ÅRKV ANTB
KÄ140MA26FV;KÄ140MA;140|MA|26|FV|FRITID;140;MA;26;FV;FRITID;RULE:Taxepunkter:48;Kärl 140 l (matavfall) Hushåll Matavfall Behållarvolym ÅRKV 140 §2.2.4 | §2.2.4 | Kärl 140 l (matavfall) | Hämtning var 14:e dag | st/år | KÄ140MA26FV | KÄ140MA26FV | ÅRKV |  |  |  | 
KÄ140MA26FV;KÄ140MA;140|MA|26|FV|FRITID;140;MA;26;FV;FRITID;RULE:Taxepunkter:79;Kärl 140 l (matavfall) Hushåll Matavfall Behållarvolym ÅRKV 140 §2.2.5 | §2.2.5 | Kärl 140 l (matavfall) | Hämtning var 14:e dag | st/år | KÄ140MA26FV | KÄ140MA26FV | ÅRKV |  |  |  | 
KÄ140MA26FV;KÄ140MA;140|MA|26|FV|FRITID;140;MA;26;FV;FRITID;RULE:Taxa_från_edp:103;Kärl 140 L, matavfall. Var 14:e dag. FLB/VHT Okänd Matavfall Behållarvolym ÅRKV KÄ140MA26FV | Kärl 140 L, matavfall. Var 14:e dag. FLB/VHT | ÅRKV | Kärl 140 L matavfall FLB/VHT | ANTB
KÄ140MA26FV;KÄ140MA;140|MA|26|FV|FRITID;140;MA;26;FV;FRITID;RULE:Taxa_från_edp:104;Kärl 140 L, matavfall. Var 14:e dag. FLB/VHT Okänd Matavfall Behållarvolym KVAN KÄ140MA26FV | Kärl 140 L, matavfall. Var 14:e dag. FLB/VHT | KVAN | Viktavgift matavfall kr/kg | VIKG,MAX60
KÄ140MA26FV;KÄ140MA;140|MA|26|FV|FRITID;140;MA;26;FV;FRITID;RULE:Taxa_från_edp:105;Kärl 140 L, matavfall. Var 14:e dag. FLB/VHT Okänd Matavfall Behållarvolym KVAN KÄ140MA26FV | Kärl 140 L, matavfall. Var 14:e dag. FLB/VHT | KVAN | Vikt över 60 kg, matavfall | VIKG-60,MIN0
KÄ140MA26FV_old;KÄ140MA;140|MA|26|FV|FRITID;140;MA;26;FV;FRITID;RULE:Taxa_från_edp:106;Kärl 140 L, matavfall. Var 14:e dag. FLB/VHT Okänd Matavfall Behållarvolym ÅRKV KÄ140MA26FV_old | Kärl 140 L, matavfall. Var 14:e dag. FLB/VHT | ÅRKV | Kärlavgift 140 L kärl, matavfall. Var 14:e dag | ANTB
KÄ140MA26FV_old;KÄ140MA;140|MA|26|FV|FRITID;140;MA;26;FV;FRITID;RULE:Taxa_från_edp:107;Kärl 140 L, matavfall. Var 14:e dag. FLB/VHT Okänd Matavfall Behållarvolym KVAN KÄ140MA26FV_old | Kärl 140 L, matavfall. Var 14:e dag. FLB/VHT | KVAN | Viktavgift restavfall kr/kg | 0
KÄ140MA26FV_old;KÄ140MA;140|MA|26|FV|FRITID;140;MA;26;FV;FRITID;RULE:Taxa_från_edp:108;Kärl 140 L, matavfall. Var 14:e dag. FLB/VHT Okänd Matavfall Behållarvolym KVAN KÄ140MA26FV_old | Kärl 140 L, matavfall. Var 14:e dag. FLB/VHT | KVAN | Viktavgift matavfall kr/kg | VIKG
KÄ140MA44S;KÄ140MA;140|MA|44|S;140;MA;44;S;;STANDARD:Standard Avfall:82;Kärl 140 L, matavfall. 2ggr/ vecka säsong ÅRKV ANTB
KÄ140MA52;KÄ140MA;140|MA|52;140;MA;52;;;STANDARD:Standard Avfall:79;Kärl 140 L, matavfall. Varje vecka ÅRKV ANTB
KÄ140MA6S;KÄ140MA;140|MA|6|S;140;MA;6;S;;STANDARD:Standard Avfall:85;Kärl 140 L, matavfall. Var 4:e vecka säsong ÅRKV ANTB
KÄ140MAEXTRA;KÄ140MA;140|MA|EX;140;MA;;EX;;RULE:Taxa_från_edp:109;Kärlavgift för extra kärl 140 L, matavfall. Var 14:e dag Okänd Matavfall Behållarvolym ÅRKV KÄ140MAEXTRA | Kärlavgift för extra kärl 140 L, matavfall. Var 14:e dag | ÅRKV | Extra kärl 140 L, matavfall | ANTB
KÄ140MAEXTRA;KÄ140MA;140|MA|EX;140;MA;;EX;;RULE:Taxa_från_edp:110;Kärlavgift för extra kärl 140 L, matavfall. Var 14:e dag Okänd Matavfall Behållarvolym KVAN KÄ140MAEXTRA | Kärlavgift för extra kärl 140 L, matavfall. Var 14:e dag | KVAN | Viktavgift matavfall kr/kg | VIKG,MAX60
KÄ140MAEXTRA;KÄ140MA;140|MA|EX;140;MA;;EX;;RULE:Taxa_från_edp:111;Kärlavgift för extra kärl 140 L, matavfall. Var 14:e dag Okänd Matavfall Behållarvolym KVAN KÄ140MAEXTRA | Kärlavgift för extra kärl 140 L, matavfall. Var 14:e dag | KVAN | Vikt över 60 kg, matavfall | VIKG-60,MIN0
KÄ140RE104;KÄ140RE;140|RE|104;140;RE;104;;;STANDARD:Standard Avfall:26;Kärl 140 L, restavfall. 2ggr/ vecka ÅRKV ANTB
KÄ140RE11S;KÄ140RE;140|RE|11|S;140;RE;11;S;;STANDARD:Standard Avfall:32;Kärl 140 L, restavfall. Var 14:e dag säsong ÅRKV ANTB
KÄ140RE13;KÄ140RE;140|RE|13;140;RE;13;;;STANDARD:Standard Avfall:29;Kärl 140 L, restavfall. Var 4:e vecka ÅRKV ANTB
KÄ140RE156;KÄ140RE;140|RE|156;140;RE;156;;;STANDARD:Standard Avfall:22;Kärl 140 L, restavfall. 3ggr/ vecka ÅRKV ANTB
KÄ140RE22S;KÄ140RE;140|RE|22|S;140;RE;22;S;;STANDARD:Standard Avfall:31;Kärl 140 L, restavfall. Varje vecka säsong ÅRKV ANTB
KÄ140RE26;KÄ140RE;140|RE|26;140;RE;26;;;STANDARD:Standard Avfall:28;Kärl 140 L, restavfall. Var 14:e dag ÅRKV ANTB
KÄ140RE26F;KÄ140RE;140|RE|26|F;140;RE;26;F;;STANDARD:Standard Avfall:15;Kärl 140 L, restavfall. Var 14:e dag. Flerbostadshus ÅRKV ANTB
KÄ140RE26H;KÄ140RE;140|RE|26|H;140;RE;26;H;;STANDARD:Standard Avfall:19;Kärl 140 L, restavfall. Var 14:e dag. Hemkomposterare ÅRKV ANTB
KÄ140RE26V;KÄ140RE;140|RE|26|V|VERKSAMHET;140;RE;26;V;VERKSAMHET;STANDARD:Standard Avfall:13;Kärl 140 L, restavfall. Var 14:e dag. Verksamheter ÅRKV ANTB
KÄ140RE44S;KÄ140RE;140|RE|44|S;140;RE;44;S;;STANDARD:Standard Avfall:30;Kärl 140 L, restavfall. 2ggr/ vecka säsong ÅRKV ANTB
KÄ140RE52;KÄ140RE;140|RE|52;140;RE;52;;;STANDARD:Standard Avfall:27;Kärl 140 L, restavfall. Varje vecka ÅRKV ANTB
KÄ140RE6S;KÄ140RE;140|RE|6|S;140;RE;6;S;;STANDARD:Standard Avfall:33;Kärl 140 L, restavfall. Var 4:e vecka säsong ÅRKV ANTB
KÄ140REEXTRA;KÄ140RE;140|RE|EX;140;RE;;EX;;RULE:Taxa_från_edp:112;Kärlavgift för extra kärl 140 L, restavfall. Var 14:e dag Okänd Restavfall Behållarvolym ÅRKV KÄ140REEXTRA | Kärlavgift för extra kärl 140 L, restavfall. Var 14:e dag | ÅRKV | Extra kärl 140 L, restavfall | ANTB
KÄ140REEXTRA;KÄ140RE;140|RE|EX;140;RE;;EX;;RULE:Taxa_från_edp:113;Kärlavgift för extra kärl 140 L, restavfall. Var 14:e dag Okänd Restavfall Behållarvolym KVAN KÄ140REEXTRA | Kärlavgift för extra kärl 140 L, restavfall. Var 14:e dag | KVAN | Viktavgift restavfall kr/kg | VIKG,MAX60
KÄ140REEXTRA;KÄ140RE;140|RE|EX;140;RE;;EX;;RULE:Taxa_från_edp:114;Kärlavgift för extra kärl 140 L, restavfall. Var 14:e dag Okänd Restavfall Behållarvolym KVAN KÄ140REEXTRA | Kärlavgift för extra kärl 140 L, restavfall. Var 14:e dag | KVAN | Vikt över 60 kg, restavfall | VIKG-60,MIN0
KÄ190OS11S;KÄ190;190;190;;;;;STANDARD:Standard Avfall:147;Kärl 190 L, osort. avfall. Var 14:e dag säsong ÅRKV ANTB
KÄ190OS13;KÄ190;190;190;;;;;STANDARD:Standard Avfall:144;Kärl 190 L, osort. avfall. Var 4:e vecka ÅRKV ANTB
KÄ190OS22S;KÄ190;190;190;;;;;STANDARD:Standard Avfall:146;Kärl 190 L, osort. avfall. Varje vecka säsong ÅRKV ANTB
KÄ190OS26;KÄ190;190;190;;;;;STANDARD:Standard Avfall:143;Kärl 190 L, osort. avfall. Var 14:e dag ÅRKV ANTB
KÄ190OS52;KÄ190;190;190;;;;;STANDARD:Standard Avfall:142;Kärl 190 L, osort. avfall. Varje vecka ÅRKV ANTB
KÄ190OS6S;KÄ190;190;190;;;;;STANDARD:Standard Avfall:148;Kärl 190 L, osort. avfall. Var 4:e vecka säsong ÅRKV ANTB
KÄ190WE13;KÄ190;190;190;;;;;STANDARD:Standard Avfall:328;Kärl 190 L, wellpapp. Var 4:e vecka ÅRKV ANTB
KÄ190WE26;KÄ190;190;190;;;;;STANDARD:Standard Avfall:327;Kärl 190 L, wellpapp. Var 14:e dag ÅRKV ANTB
KÄ190WE26F;KÄ190;190;190;;;;;STANDARD:Standard Avfall:323;Kärl 190 L, wellpapp. Var 14:e dag. FLB ÅRKV ANTB
KÄ190WE26V;KÄ190;190;190;;;;;STANDARD:Standard Avfall:321;Kärl 190 L, wellpapp. Var 14:e dag. VHT ÅRKV ANTB
KÄ190WE52;KÄ190;190;190;;;;;STANDARD:Standard Avfall:326;Kärl 190 L, wellpapp. Varje vecka ÅRKV ANTB
KÄ190OS104;KÄ190;190|2;190;;2;;;STANDARD:Standard Avfall:141;Kärl 190 L, osort. avfall. 2ggr/ vecka ÅRKV ANTB
KÄ190OS44S;KÄ190;190|2;190;;2;;;STANDARD:Standard Avfall:145;Kärl 190 L, osort. avfall. 2ggr/ vecka säsong ÅRKV ANTB
KÄ190WE104;KÄ190;190|2;190;;2;;;STANDARD:Standard Avfall:325;Kärl 190 L, wellpapp. 2ggr/ vecka ÅRKV ANTB
KÄ190OS156;KÄ190;190|3;190;;3;;;STANDARD:Standard Avfall:140;Kärl 190 L, osort. avfall. 3ggr/ vecka ÅRKV ANTB
KÄ190XRM26;KÄ190;190|RE|EX;190;RE;;EX;;RULE:Taxepunkter:22;Extrakärl 190 l (restavfall) Hushåll Restavfall Behållarvolym VOLYM/BEHÅLLARE 190 §2.2.1 | §2.2.1 | Extrakärl 190 l (restavfall) | Hämtning var 14:e dag | st/år | KÄ190XRM26 | KÄ190XRM26 |  |  |  |  | 
KÄ190XRM26FRI;KÄ190;190|RE|EX|FRITID;190;RE;;EX;FRITID;RULE:Taxepunkter:28;Extrakärl 190 l (restavfall) Hushåll Restavfall Behållarvolym VOLYM/BEHÅLLARE 190 §2.2.2 | §2.2.2 | Extrakärl 190 l (restavfall) | Hämtning var 14:e dag | st/år | KÄ190XRM26FRI | KÄ190XRM26FRI |  |  |  |  | 
KÄ190WEBUD;KÄ190;190|WEBUD;190;;;WEBUD;;STANDARD:Standard Avfall:329;Kärl 190 L, wellpapp. Budning KVAN ANTL
KÄ190MA104;KÄ190MA;190|MA|104;190;MA;104;;;STANDARD:Standard Avfall:88;Kärl 190 L, matavfall. 2ggr/ vecka ÅRKV ANTB
KÄ190MA11S;KÄ190MA;190|MA|11|S;190;MA;11;S;;STANDARD:Standard Avfall:94;Kärl 190 L, matavfall. Var 14:e dag säsong ÅRKV ANTB
KÄ190MA13;KÄ190MA;190|MA|13;190;MA;13;;;STANDARD:Standard Avfall:91;Kärl 190 L, matavfall. Var 4:e vecka ÅRKV ANTB
KÄ190MA156;KÄ190MA;190|MA|156;190;MA;156;;;STANDARD:Standard Avfall:87;Kärl 190 L, matavfall. 3ggr/ vecka ÅRKV ANTB
KÄ190MA22S;KÄ190MA;190|MA|22|S;190;MA;22;S;;STANDARD:Standard Avfall:93;Kärl 190 L, matavfall. Varje vecka säsong ÅRKV ANTB
KÄ190MA26;KÄ190MA;190|MA|26;190;MA;26;;;STANDARD:Standard Avfall:90;Kärl 190 L, matavfall. Var 14:e dag ÅRKV ANTB
KÄ190MA44S;KÄ190MA;190|MA|44|S;190;MA;44;S;;STANDARD:Standard Avfall:92;Kärl 190 L, matavfall. 2ggr/ vecka säsong ÅRKV ANTB
KÄ190MA52;KÄ190MA;190|MA|52;190;MA;52;;;STANDARD:Standard Avfall:89;Kärl 190 L, matavfall. Varje vecka ÅRKV ANTB
KÄ190MA6S;KÄ190MA;190|MA|6|S;190;MA;6;S;;STANDARD:Standard Avfall:95;Kärl 190 L, matavfall. Var 4:e vecka säsong ÅRKV ANTB
KÄ190ME104;KÄ190ME;190|ME|104;190;ME;104;;;STANDARD:Standard Avfall:343;Kärl 190 L, metallförpackningar. 2ggr/ vecka ÅRKV ANTB
KÄ190ME13;KÄ190ME;190|ME|13;190;ME;13;;;STANDARD:Standard Avfall:346;Kärl 190 L, metallförpackningar. Var 4:e vecka ÅRKV ANTB
KÄ190ME26;KÄ190ME;190|ME|26;190;ME;26;;;STANDARD:Standard Avfall:345;Kärl 190 L, metallförpackningar. Var 14:e dag ÅRKV ANTB
KÄ190ME52;KÄ190ME;190|ME|52;190;ME;52;;;STANDARD:Standard Avfall:344;Kärl 190 L, metallförpackningar. Varje vecka ÅRKV ANTB
KÄ190MEBUD;KÄ190ME;190|ME|BUD;190;ME;;BUD;;STANDARD:Standard Avfall:347;Kärl 190 L, metallförpackningar. Budning KVAN ANTL
KÄ190PA104;KÄ190PA;190|PA|104;190;PA;104;;;STANDARD:Standard Avfall:337;Kärl 190 L, pappersförpackningar. 2ggr/ vecka ÅRKV ANTB
KÄ190PA13;KÄ190PA;190|PA|13;190;PA;13;;;STANDARD:Standard Avfall:340;Kärl 190 L, pappersförpackningar. Var 4:e vecka ÅRKV ANTB
KÄ190PA26;KÄ190PA;190|PA|26;190;PA;26;;;STANDARD:Standard Avfall:339;Kärl 190 L, pappersförpackningar. Var 14:e dag ÅRKV ANTB
KÄ190PA52;KÄ190PA;190|PA|52;190;PA;52;;;STANDARD:Standard Avfall:338;Kärl 190 L, pappersförpackningar. Varje vecka ÅRKV ANTB
KÄ190PABUD;KÄ190PA;190|PA|BUD;190;PA;;BUD;;STANDARD:Standard Avfall:341;Kärl 190 L, pappersförpackningar. Budning KVAN ANTL
KÄ190PL104;KÄ190PL;190|PL|104|LÅS;190;PL;104;LÅS;;STANDARD:Standard Avfall:349;Kärl 190 L, plastförpackningar. 2ggr/ vecka ÅRKV ANTB
KÄ190PL13;KÄ190PL;190|PL|13|LÅS;190;PL;13;LÅS;;STANDARD:Standard Avfall:352;Kärl 190 L, plastförpackningar. Var 4:e vecka ÅRKV ANTB
KÄ190PL26;KÄ190PL;190|PL|26|LÅS;190;PL;26;LÅS;;STANDARD:Standard Avfall:351;Kärl 190 L, plastförpackningar. Var 14:e dag ÅRKV ANTB
KÄ190PL52;KÄ190PL;190|PL|52|LÅS;190;PL;52;LÅS;;STANDARD:Standard Avfall:350;Kärl 190 L, plastförpackningar. Varje vecka ÅRKV ANTB
KÄ190PLBUD;KÄ190PL;190|PL|BUD;190;PL;;BUD;;STANDARD:Standard Avfall:353;Kärl 190 L, plastförpackningar. Budning KVAN ANTL
KÄ190RE104;KÄ190RE;190|RE|104;190;RE;104;;;STANDARD:Standard Avfall:36;Kärl 190 L, restavfall. 2ggr/ vecka ÅRKV ANTB
KÄ190RE11S;KÄ190RE;190|RE|11|S;190;RE;11;S;;STANDARD:Standard Avfall:42;Kärl 190 L, restavfall. Var 14:e dag säsong ÅRKV ANTB
KÄ190RE13;KÄ190RE;190|RE|13;190;RE;13;;;STANDARD:Standard Avfall:39;Kärl 190 L, restavfall. Var 4:e vecka ÅRKV ANTB
KÄ190RE156;KÄ190RE;190|RE|156;190;RE;156;;;STANDARD:Standard Avfall:35;Kärl 190 L, restavfall. 3ggr/ vecka ÅRKV ANTB
KÄ190RE22S;KÄ190RE;190|RE|22|S;190;RE;22;S;;STANDARD:Standard Avfall:41;Kärl 190 L, restavfall. Varje vecka säsong ÅRKV ANTB
KÄ190RE26;KÄ190RE;190|RE|26;190;RE;26;;;STANDARD:Standard Avfall:38;Kärl 190 L, restavfall. Var 14:e dag ÅRKV ANTB
KÄ190RE44S;KÄ190RE;190|RE|44|S;190;RE;44;S;;STANDARD:Standard Avfall:40;Kärl 190 L, restavfall. 2ggr/ vecka säsong ÅRKV ANTB
KÄ190RE52;KÄ190RE;190|RE|52;190;RE;52;;;STANDARD:Standard Avfall:37;Kärl 190 L, restavfall. Varje vecka ÅRKV ANTB
KÄ190RE6S;KÄ190RE;190|RE|6|S;190;RE;6;S;;STANDARD:Standard Avfall:43;Kärl 190 L, restavfall. Var 4:e vecka säsong ÅRKV ANTB
KÄ190TI104;KÄ190TI;190|TI|104;190;TI;104;;;STANDARD:Standard Avfall:331;Kärl 190 L, tidningar. 2ggr/ vecka ÅRKV ANTB
KÄ190TI13;KÄ190TI;190|TI|13;190;TI;13;;;STANDARD:Standard Avfall:334;Kärl 190 L, tidningar. Var 4:e vecka ÅRKV ANTB
KÄ190TI26;KÄ190TI;190|TI|26;190;TI;26;;;STANDARD:Standard Avfall:333;Kärl 190 L, tidningar. Var 14:e dag ÅRKV ANTB
KÄ190TI52;KÄ190TI;190|TI|52;190;TI;52;;;STANDARD:Standard Avfall:332;Kärl 190 L, tidningar. Varje vecka ÅRKV ANTB
KÄ190TIBUD;KÄ190TI;190|TI|BUD;190;TI;;BUD;;STANDARD:Standard Avfall:335;Kärl 190 L, tidningar. Budning KVAN ANTB
KÄ240OS11S;KÄ240;240;240;;;;;STANDARD:Standard Avfall:157;Kärl 240 L, osort. avfall. Var 14:e dag säsong ÅRKV ANTB
KÄ240OS13;KÄ240;240;240;;;;;STANDARD:Standard Avfall:154;Kärl 240 L, osort. avfall. Var 4:e vecka ÅRKV ANTB
KÄ240OS22S;KÄ240;240;240;;;;;STANDARD:Standard Avfall:156;Kärl 240 L, osort. avfall. Varje vecka säsong ÅRKV ANTB
KÄ240OS26;KÄ240;240;240;;;;;STANDARD:Standard Avfall:153;Kärl 240 L, osort. avfall. Var 14:e dag ÅRKV ANTB
KÄ240OS52;KÄ240;240;240;;;;;STANDARD:Standard Avfall:152;Kärl 240 L, osort. avfall. Varje vecka ÅRKV ANTB
KÄ240OS6S;KÄ240;240;240;;;;;STANDARD:Standard Avfall:158;Kärl 240 L, osort. avfall. Var 4:e vecka säsong ÅRKV ANTB
KÄ240OS104;KÄ240;240|2;240;;2;;;STANDARD:Standard Avfall:151;Kärl 240 L, osort. avfall. 2ggr/ vecka ÅRKV ANTB
KÄ240OS44S;KÄ240;240|2;240;;2;;;STANDARD:Standard Avfall:155;Kärl 240 L, osort. avfall. 2ggr/vecka säsong ÅRKV ANTB
KÄ240OS156;KÄ240;240|3;240;;3;;;STANDARD:Standard Avfall:150;Kärl 240 L, osort. avfall. 3ggr/ vecka ÅRKV ANTB
KÄ240RK26;KÄ240;240|RE;240;RE;;;;RULE:Taxa_från_edp:115;Tvåfackskärl, rest/kompost. Okänd ÅRKV KÄ240RK26 | Tvåfackskärl, rest/kompost. | ÅRKV | Kärl 240L , restavfall/kompost | ANTB
KÄ240RK26;KÄ240;240|RE;240;RE;;;;RULE:Taxa_från_edp:116;Tvåfackskärl, rest/kompost. Okänd KVAN KÄ240RK26 | Tvåfackskärl, rest/kompost. | KVAN | Viktavgift restavfall kr/kg | VIKG
KÄ240MA104;KÄ240MA;240|MA|104;240;MA;104;;;STANDARD:Standard Avfall:98;Kärl 240 L, matavfall. 2ggr/ vecka ÅRKV ANTB
KÄ240MA11S;KÄ240MA;240|MA|11|S;240;MA;11;S;;STANDARD:Standard Avfall:104;Kärl 240 L, matavfall. Var 14:e dag säsong ÅRKV ANTB
KÄ240MA13;KÄ240MA;240|MA|13;240;MA;13;;;STANDARD:Standard Avfall:101;Kärl 240 L, matavfall. Var 4:e vecka ÅRKV ANTB
KÄ240MA156;KÄ240MA;240|MA|156;240;MA;156;;;STANDARD:Standard Avfall:97;Kärl 240 L, matavfall. 3ggr/ vecka ÅRKV ANTB
KÄ240MA22S;KÄ240MA;240|MA|22|S;240;MA;22;S;;STANDARD:Standard Avfall:103;Kärl 240 L, matavfall. Varje vecka säsong ÅRKV ANTB
KÄ240MA26;KÄ240MA;240|MA|26;240;MA;26;;;STANDARD:Standard Avfall:100;Kärl 240 L, matavfall. Var 14:e dag ÅRKV ANTB
KÄ240MA44S;KÄ240MA;240|MA|44|S;240;MA;44;S;;STANDARD:Standard Avfall:102;Kärl 240 L, matavfall. 2ggr/ vecka säsong ÅRKV ANTB
KÄ240MA52;KÄ240MA;240|MA|52;240;MA;52;;;STANDARD:Standard Avfall:99;Kärl 240 L, matavfall. Varje vecka ÅRKV ANTB
KÄ240MA6S;KÄ240MA;240|MA|6|S;240;MA;6;S;;STANDARD:Standard Avfall:105;Kärl 240 L, matavfall. Var 4:e vecka säsong ÅRKV ANTB
KÄ240RE104;KÄ240RE;240|RE|104;240;RE;104;;;STANDARD:Standard Avfall:46;Kärl 240 L, restavfall. 2ggr/ vecka ÅRKV ANTB
KÄ240RE11S;KÄ240RE;240|RE|11|S;240;RE;11;S;;STANDARD:Standard Avfall:52;Kärl 240 L, restavfall. Var 14:e dag säsong ÅRKV ANTB
KÄ240RE13;KÄ240RE;240|RE|13;240;RE;13;;;STANDARD:Standard Avfall:49;Kärl 240 L, restavfall. Var 4:e vecka ÅRKV ANTB
KÄ240RE156;KÄ240RE;240|RE|156;240;RE;156;;;STANDARD:Standard Avfall:45;Kärl 240 L, restavfall. 3ggr/ vecka ÅRKV ANTB
KÄ240RE22S;KÄ240RE;240|RE|22|S;240;RE;22;S;;STANDARD:Standard Avfall:51;Kärl 240 L, restavfall. Varje vecka säsong ÅRKV ANTB
KÄ240RE26;KÄ240RE;240|RE|26;240;RE;26;;;STANDARD:Standard Avfall:48;Kärl 240 L, restavfall. Var 14:e dag ÅRKV ANTB
KÄ240RE44S;KÄ240RE;240|RE|44|S;240;RE;44;S;;STANDARD:Standard Avfall:50;Kärl 240 L, restavfall. 2ggr/ vecka säsong ÅRKV ANTB
KÄ240RE52;KÄ240RE;240|RE|52;240;RE;52;;;STANDARD:Standard Avfall:47;Kärl 240 L, restavfall. Varje vecka ÅRKV ANTB
KÄ240RE6S;KÄ240RE;240|RE|6|S;240;RE;6;S;;STANDARD:Standard Avfall:53;Kärl 240 L, restavfall. Var 4:e vecka säsong ÅRKV ANTB
KÄ240RM26;KÄ240RM;240|RM|26;240;RM;26;;;RULE:Taxepunkter:20;Kärl 240 l (mat-/restavfall) Hushåll Restavfall Behållarvolym ÅRKV 240 §2.2.1 | §2.2.1 | Kärl 240 l (mat-/restavfall) | Hämtning var 14:e dag | st/år | KÄ240RM26 | KÄ240RM26 | ÅRKV |  |  |  | 
KÄ240RM26;KÄ240RM;240|RM|26;240;RM;26;;;RULE:Taxepunkter:26;Kärl 240 l (mat-/restavfall) Hushåll Restavfall Behållarvolym ÅRKV 240 §2.2.2 | §2.2.2 | Kärl 240 l (mat-/restavfall) | Hämtning var 14:e dag | st/år | KÄ240RM26 | KÄ240RM26 | ÅRKV |  |  |  | 
KÄ240RM26;KÄ240RM;240|RM|26;240;RM;26;;;RULE:Taxa_från_edp:117;Tvåfackskärl , rest/matavfall. Okänd Matavfall ÅRKV KÄ240RM26 | Tvåfackskärl , rest/matavfall. | ÅRKV | Tvåfackskärl , rest/matavfall. | ANTB
KÄ240RM26;KÄ240RM;240|RM|26;240;RM;26;;;RULE:Taxa_från_edp:118;Tvåfackskärl , rest/matavfall. Okänd Matavfall KVAN KÄ240RM26 | Tvåfackskärl , rest/matavfall. | KVAN | Viktavgift restavfall kr/kg | 0
KÄ240RM26;KÄ240RM;240|RM|26;240;RM;26;;;RULE:Taxa_från_edp:119;Tvåfackskärl , rest/matavfall. Okänd Matavfall KVAN KÄ240RM26 | Tvåfackskärl , rest/matavfall. | KVAN | Viktavgift matavfall kr/kg | 0
KÄ240RM26FV;KÄ240RM;240|RM|26|FV|FRITID;240;RM;26;FV;FRITID;RULE:Taxepunkter:39;Kärl 240 l (mat-/restavfall) Hushåll Restavfall Behållarvolym ÅRKV 240 §2.2.4 | §2.2.4 | Kärl 240 l (mat-/restavfall) | Hämtning var 14:e dag | st/år | KÄ240RM26FV | KÄ240RM26FV | ÅRKV |  |  |  | 
KÄ240RM26FV;KÄ240RM;240|RM|26|FV|FRITID;240;RM;26;FV;FRITID;RULE:Taxepunkter:70;Kärl 240 l (mat-/restavfall) Hushåll Restavfall Behållarvolym ÅRKV 240 §2.2.5 | §2.2.5 | Kärl 240 l (mat-/restavfall) | Hämtning var 14:e dag | st/år | KÄ240RM26FV | KÄ240RM26FV | ÅRKV |  |  |  | 
KÄ240RM26FV;KÄ240RM;240|RM|26|FV|FRITID;240;RM;26;FV;FRITID;RULE:Taxa_från_edp:120;Tvåfackskärl, rest/mat FLB/VHT Okänd ÅRKV KÄ240RM26FV | Tvåfackskärl, rest/mat FLB/VHT | ÅRKV | Kärl 240L , rest/mat FLB/VHT | ANTB
KÄ240RM26FV;KÄ240RM;240|RM|26|FV|FRITID;240;RM;26;FV;FRITID;RULE:Taxa_från_edp:121;Tvåfackskärl, rest/mat FLB/VHT Okänd KVAN KÄ240RM26FV | Tvåfackskärl, rest/mat FLB/VHT | KVAN | Viktavgift restavfall kr/kg | 0
KÄ240RM26FV;KÄ240RM;240|RM|26|FV|FRITID;240;RM;26;FV;FRITID;RULE:Taxa_från_edp:122;Tvåfackskärl, rest/mat FLB/VHT Okänd KVAN KÄ240RM26FV | Tvåfackskärl, rest/mat FLB/VHT | KVAN | Viktavgift matavfall kr/kg | 0
KÄ37LA11S;KÄ37;37;37;;;;;STANDARD:Standard Avfall:205;Kärl 37 L, latrin. Var 14:e dag, säsong ÅRKV ANTB
KÄ37LA12;KÄ37;37;37;;;;;STANDARD:Standard Avfall:204;Kärl 37 L, latrin. Var 4:e vecka ÅRKV ANTB
KÄ37LA26;KÄ37;37;37;;;;;STANDARD:Standard Avfall:203;Kärl 37 L, latrin. Var 14:e dag ÅRKV ANTB
KÄ37LA6S;KÄ37;37;37;;;;;STANDARD:Standard Avfall:206;Kärl 37 L, latrin. Var 4:e vecka, säsong ÅRKV ANTB
KÄ370FF111S;KÄ370;370;370;;;;;STANDARD:Standard Avfall:192;Kärl, 370 L fyrfack. Kärl 1, var 14:e dag säsong ÅRKV ANTB
KÄ370FF111S;KÄ370;370;370;;;;;STANDARD:Standard Avfall:193;Kärl, 370 L fyrfack. Kärl 1, var 14:e dag säsong ÅRKV ANTB
KÄ370FF113;KÄ370;370;370;;;;;STANDARD:Standard Avfall:189;Kärl, 370 L fyrfack. kärl 1. Var 4:e vecka ÅRKV ANTB
KÄ370FF126;KÄ370;370;370;;;;;STANDARD:Standard Avfall:187;Kärl, 370 L fyrfack. Kärl 1. Var 14:e dag ÅRKV ANTB
KÄ370FF16S;KÄ370;370;370;;;;;STANDARD:Standard Avfall:194;Kärl, 370 L fyrfack. Kärl 1. Var 4:e vecka säsong ÅRKV ANTB
KÄ370FF213;KÄ370;370;370;;;;;STANDARD:Standard Avfall:190;Kärl, 370 L fyrfack. kärl 2. Var 4:e vecka ÅRKV ANTB
KÄ370FF226;KÄ370;370;370;;;;;STANDARD:Standard Avfall:188;Kärl, 370 L fyrfack. Kärl 2. Var 14:e dag ÅRKV ANTB
KÄ370FF26S;KÄ370;370;370;;;;;STANDARD:Standard Avfall:195;Kärl, 370 L fyrfack. Kärl 2. Var 4:e vecka säsong ÅRKV ANTB
KÄ370OS11S;KÄ370;370;370;;;;;STANDARD:Standard Avfall:167;Kärl 370 L, osort. avfall. Var 14:e dag säsong ÅRKV ANTB
KÄ370OS13;KÄ370;370;370;;;;;STANDARD:Standard Avfall:164;Kärl 370 L, osort. avfall. Var 4:e vecka ÅRKV ANTB
KÄ370OS22S;KÄ370;370;370;;;;;STANDARD:Standard Avfall:166;Kärl 370 L, osort. avfall. Varje vecka säsong ÅRKV ANTB
KÄ370OS26;KÄ370;370;370;;;;;STANDARD:Standard Avfall:163;Kärl 370 L, osort. avfall. Var 14:e dag ÅRKV ANTB
KÄ370OS52;KÄ370;370;370;;;;;STANDARD:Standard Avfall:162;Kärl 370 L, osort. avfall. Varje vecka ÅRKV ANTB
KÄ370OS6S;KÄ370;370;370;;;;;STANDARD:Standard Avfall:168;Kärl 370 L, osort. avfall. Var 4:e vecka säsong ÅRKV ANTB
KÄ370WE13;KÄ370;370;370;;;;;STANDARD:Standard Avfall:358;Kärl 370 L, wellpapp. Var 4:e vecka ÅRKV ANTB
KÄ370WE26;KÄ370;370;370;;;;;STANDARD:Standard Avfall:357;Kärl 370 L, wellpapp. Var 14:e dag ÅRKV ANTB
KÄ370WE52;KÄ370;370;370;;;;;STANDARD:Standard Avfall:356;Kärl 370 L, wellpapp. Varje vecka ÅRKV ANTB
KÄ370OS104;KÄ370;370|2;370;;2;;;STANDARD:Standard Avfall:161;Kärl 370 L, osort. avfall. 2ggr/ vecka ÅRKV ANTB
KÄ370OS44S;KÄ370;370|2;370;;2;;;STANDARD:Standard Avfall:165;Kärl 370 L, osort. avfall. 2ggr/vecka säsong ÅRKV ANTB
KÄ370WE104;KÄ370;370|2;370;;2;;;STANDARD:Standard Avfall:355;Kärl 370 L, wellpapp. 2ggr/ vecka ÅRKV ANTB
KÄ370OS156;KÄ370;370|3;370;;3;;;STANDARD:Standard Avfall:160;Kärl 370 L, osort. avfall. 3ggr/ vecka ÅRKV ANTB
KÄ370WEBUD;KÄ370;370|WEBUD;370;;;WEBUD;;STANDARD:Standard Avfall:359;Kärl 370 L, wellpapp. Budning KVAN ANTL
KÄ370MA104;KÄ370MA;370|MA|104;370;MA;104;;;STANDARD:Standard Avfall:108;Kärl 370 L, matavfall. 2ggr/ vecka ÅRKV ANTB
KÄ370MA11S;KÄ370MA;370|MA|11|S;370;MA;11;S;;STANDARD:Standard Avfall:114;Kärl 370 L, matavfall. Var 14:e dag säsong ÅRKV ANTB
KÄ370MA13;KÄ370MA;370|MA|13;370;MA;13;;;STANDARD:Standard Avfall:111;Kärl 370 L, matavfall. Var 4:e vecka ÅRKV ANTB
KÄ370MA156;KÄ370MA;370|MA|156;370;MA;156;;;STANDARD:Standard Avfall:107;Kärl 370 L, matavfall. 3ggr/ vecka ÅRKV ANTB
KÄ370MA22S;KÄ370MA;370|MA|22|S;370;MA;22;S;;STANDARD:Standard Avfall:113;Kärl 370 L, matavfall. Varje vecka säsong ÅRKV ANTB
KÄ370MA26;KÄ370MA;370|MA|26;370;MA;26;;;STANDARD:Standard Avfall:110;Kärl 370 L, matavfall. Var 14:e dag ÅRKV ANTB
KÄ370MA44S;KÄ370MA;370|MA|44|S;370;MA;44;S;;STANDARD:Standard Avfall:112;Kärl 370 L, matavfall. 2ggr/ vecka säsong ÅRKV ANTB
KÄ370MA52;KÄ370MA;370|MA|52;370;MA;52;;;STANDARD:Standard Avfall:109;Kärl 370 L, matavfall. Varje vecka ÅRKV ANTB
KÄ370MA6S;KÄ370MA;370|MA|6|S;370;MA;6;S;;STANDARD:Standard Avfall:115;Kärl 370 L, matavfall. Var 4:e vecka säsong ÅRKV ANTB
KÄ370ME104;KÄ370ME;370|ME|104;370;ME;104;;;STANDARD:Standard Avfall:373;Kärl 370 L, metallförpackningar. 2ggr/ vecka ÅRKV ANTB
KÄ370ME13;KÄ370ME;370|ME|13;370;ME;13;;;STANDARD:Standard Avfall:376;Kärl 370 L, metallförpackningar. Var 4:e vecka ÅRKV ANTB
KÄ370ME26;KÄ370ME;370|ME|26;370;ME;26;;;STANDARD:Standard Avfall:375;Kärl 370 L, metallförpackningar. Var 14:e dag ÅRKV ANTB
KÄ370ME52;KÄ370ME;370|ME|52;370;ME;52;;;STANDARD:Standard Avfall:374;Kärl 370 L, metallförpackningar. Varje vecka ÅRKV ANTB
KÄ370MEBUD;KÄ370ME;370|ME|BUD;370;ME;;BUD;;STANDARD:Standard Avfall:377;Kärl 370 L, metallförpackningar. Budning KVAN ANTL
KÄ370PA104;KÄ370PA;370|PA|104;370;PA;104;;;STANDARD:Standard Avfall:367;Kärl 370 L, pappersförpackningar. 2ggr/ vecka ÅRKV ANTB
KÄ370PA13;KÄ370PA;370|PA|13;370;PA;13;;;STANDARD:Standard Avfall:370;Kärl 370 L, pappersförpackningar. Var 4:e vecka ÅRKV ANTB
KÄ370PA26;KÄ370PA;370|PA|26;370;PA;26;;;STANDARD:Standard Avfall:369;Kärl 370 L, pappersförpackningar. Var 14:e dag ÅRKV ANTB
KÄ370PA52;KÄ370PA;370|PA|52;370;PA;52;;;STANDARD:Standard Avfall:368;Kärl 370 L, pappersförpackningar. Varje vecka ÅRKV ANTB
KÄ370PABUD;KÄ370PA;370|PA|BUD;370;PA;;BUD;;STANDARD:Standard Avfall:371;Kärl 370 L, pappersförpackningar. Budning KVAN ANTL
KÄ370PL104;KÄ370PL;370|PL|104|LÅS;370;PL;104;LÅS;;STANDARD:Standard Avfall:379;Kärl 370 L, plastförpackningar. 2ggr/ vecka ÅRKV ANTB
KÄ370PL13;KÄ370PL;370|PL|13|LÅS;370;PL;13;LÅS;;STANDARD:Standard Avfall:382;Kärl 370 L, plastförpackningar. Var 4:e vecka ÅRKV ANTB
KÄ370PL26;KÄ370PL;370|PL|26|LÅS;370;PL;26;LÅS;;STANDARD:Standard Avfall:381;Kärl 370 L, plastförpackningar. Var 14:e dag ÅRKV ANTB
KÄ370PL52;KÄ370PL;370|PL|52|LÅS;370;PL;52;LÅS;;STANDARD:Standard Avfall:380;Kärl 370 L, plastförpackningar. Varje vecka ÅRKV ANTB
KÄ370PLBUD;KÄ370PL;370|PL|BUD;370;PL;;BUD;;STANDARD:Standard Avfall:383;Kärl 370 L, plastförpackningar. Budning KVAN ANTL
KÄ370RE104;KÄ370RE;370|RE|104;370;RE;104;;;STANDARD:Standard Avfall:56;Kärl 370 L, restavfall. 2ggr/ vecka ÅRKV ANTB
KÄ370RE11S;KÄ370RE;370|RE|11|S;370;RE;11;S;;STANDARD:Standard Avfall:62;Kärl 370 L, restavfall. Var 14:e dag säsong ÅRKV ANTB
KÄ370RE13;KÄ370RE;370|RE|13;370;RE;13;;;STANDARD:Standard Avfall:59;Kärl 370 L, restavfall. Var 4:e vecka ÅRKV ANTB
KÄ370RE156;KÄ370RE;370|RE|156;370;RE;156;;;STANDARD:Standard Avfall:55;Kärl 370 L, restavfall. 3ggr/ vecka ÅRKV ANTB
KÄ370RE22S;KÄ370RE;370|RE|22|S;370;RE;22;S;;STANDARD:Standard Avfall:61;Kärl 370 L, restavfall. Varje vecka säsong ÅRKV ANTB
KÄ370RE26;KÄ370RE;370|RE|26;370;RE;26;;;STANDARD:Standard Avfall:58;Kärl 370 L, restavfall. Var 14:e dag ÅRKV ANTB
KÄ370RE26FV;KÄ370RE;370|RE|26|FV|FRITID;370;RE;26;FV;FRITID;RULE:Taxepunkter:42;Kärl 370 l (restavfall) Hushåll Restavfall Behållarvolym ÅRKV 370 §2.2.4 | §2.2.4 | Kärl 370 l (restavfall) | Hämtning var 14:e dag | st/år | KÄ370RE26FV | KÄ370RE26FV | ÅRKV |  |  |  | 
KÄ370RE26FV;KÄ370RE;370|RE|26|FV|FRITID;370;RE;26;FV;FRITID;RULE:Taxepunkter:73;Kärl 370 l (restavfall) Hushåll Restavfall Behållarvolym ÅRKV 370 §2.2.5 | §2.2.5 | Kärl 370 l (restavfall) | Hämtning var 14:e dag | st/år | KÄ370RE26FV | KÄ370RE26FV | ÅRKV |  |  |  | 
KÄ370RE26FV;KÄ370RE;370|RE|26|FV|FRITID;370;RE;26;FV;FRITID;RULE:Taxa_från_edp:123;Kärl 370 L, rest. FLB/VHT Okänd Behållarvolym ÅRKV KÄ370RE26FV | Kärl 370 L, rest. FLB/VHT | ÅRKV | Kärl 370 L kärl, rest. FLB/VHT | ANTB
KÄ370RE26FV;KÄ370RE;370|RE|26|FV|FRITID;370;RE;26;FV;FRITID;RULE:Taxa_från_edp:124;Kärl 370 L, rest. FLB/VHT Okänd Behållarvolym KVAN KÄ370RE26FV | Kärl 370 L, rest. FLB/VHT | KVAN | Viktavgift restavfall kr/kg | VIKG,MAX60
KÄ370RE26FV;KÄ370RE;370|RE|26|FV|FRITID;370;RE;26;FV;FRITID;RULE:Taxa_från_edp:125;Kärl 370 L, rest. FLB/VHT Okänd Behållarvolym KVAN KÄ370RE26FV | Kärl 370 L, rest. FLB/VHT | KVAN | Avgift över 60 kg, restavfall | VIKG-60,MIN0
KÄ370RE44S;KÄ370RE;370|RE|44|S;370;RE;44;S;;STANDARD:Standard Avfall:60;Kärl 370 L, restavfall. 2ggr/ vecka säsong ÅRKV ANTB
KÄ370RE52;KÄ370RE;370|RE|52;370;RE;52;;;STANDARD:Standard Avfall:57;Kärl 370 L, restavfall. Varje vecka ÅRKV ANTB
KÄ370RE6S;KÄ370RE;370|RE|6|S;370;RE;6;S;;STANDARD:Standard Avfall:63;Kärl 370 L, restavfall. Var 4:e vecka säsong ÅRKV ANTB
KÄ370TI104;KÄ370TI;370|TI|104;370;TI;104;;;STANDARD:Standard Avfall:361;Kärl 370 L, tidningar. 2ggr/ vecka ÅRKV ANTB
KÄ370TI13;KÄ370TI;370|TI|13;370;TI;13;;;STANDARD:Standard Avfall:364;Kärl 370 L, tidningar. Var 4:e vecka ÅRKV ANTB
KÄ370TI26;KÄ370TI;370|TI|26;370;TI;26;;;STANDARD:Standard Avfall:363;Kärl 370 L, tidningar. Var 14:e dag ÅRKV ANTB
KÄ370TI52;KÄ370TI;370|TI|52;370;TI;52;;;STANDARD:Standard Avfall:362;Kärl 370 L, tidningar. Varje vecka ÅRKV ANTB
KÄ370TIBUD;KÄ370TI;370|TI|BUD;370;TI;;BUD;;STANDARD:Standard Avfall:365;Kärl 370 L, tidningar. Budning KVAN ANTL
KÄ660OS11S;KÄ660;660;660;;;;;STANDARD:Standard Avfall:181;Kärl 660 L, osort. avfall. Var 14:e dag säsong ÅRKV ANTB
KÄ660OS13;KÄ660;660;660;;;;;STANDARD:Standard Avfall:178;Kärl 660 L, osort. avfall. Var 4:e vecka ÅRKV ANTB
KÄ660OS22S;KÄ660;660;660;;;;;STANDARD:Standard Avfall:180;Kärl 660 L, osort. avfall. Varje vecka säsong ÅRKV ANTB
KÄ660OS26;KÄ660;660;660;;;;;STANDARD:Standard Avfall:177;Kärl 660 L, osort. avfall. Var 14:e dag ÅRKV ANTB
KÄ660OS52;KÄ660;660;660;;;;;STANDARD:Standard Avfall:176;Kärl 660 L, osort. avfall. Varje vecka ÅRKV ANTB
KÄ660OS6S;KÄ660;660;660;;;;;STANDARD:Standard Avfall:182;Kärl 660 L, osort. avfall. Var 4:e vecka säsong ÅRKV ANTB
KÄ660WE13;KÄ660;660;660;;;;;STANDARD:Standard Avfall:388;Kärl 660 L, wellpapp. Var 4:e vecka ÅRKV ANTB
KÄ660WE26;KÄ660;660;660;;;;;STANDARD:Standard Avfall:387;Kärl 660 L, wellpapp. Var 14:e dag ÅRKV ANTB
KÄ660WE52;KÄ660;660;660;;;;;STANDARD:Standard Avfall:386;Kärl 660 L, wellpapp. Varje vecka ÅRKV ANTB
KÄ660OS104;KÄ660;660|2;660;;2;;;STANDARD:Standard Avfall:175;Kärl 660 L, osort. avfall. 2ggr/ vecka ÅRKV ANTB
KÄ660OS44S;KÄ660;660|2;660;;2;;;STANDARD:Standard Avfall:179;Kärl 660 L, osort. avfall. 2ggr/vecka säsong ÅRKV ANTB
KÄ660WE104;KÄ660;660|2;660;;2;;;STANDARD:Standard Avfall:385;Kärl 660 L, wellpapp. 2ggr/ vecka ÅRKV ANTB
KÄ660OS156;KÄ660;660|3;660;;3;;;STANDARD:Standard Avfall:174;Kärl 660 L, osort. avfall. 3ggr/ vecka ÅRKV ANTB
KÄ660WEBUD;KÄ660;660|WEBUD;660;;;WEBUD;;STANDARD:Standard Avfall:389;Kärl 660 L, wellpapp. Budning KVAN ANTL
KÄ660ÖVRIGT;KÄ660;660|ÖVRIGT;660;;;ÖVRIGT;;RULE:Taxa_från_edp:129;Kärl 660 kommunens egna kärl för tex akutsäck Okänd ÅRKV KÄ660ÖVRIGT | Kärl 660 kommunens egna kärl för tex akutsäck | ÅRKV | Kärl 660 L, rest. FLB/VHT | ANTB
KÄ660ME104;KÄ660ME;660|ME|104;660;ME;104;;;STANDARD:Standard Avfall:403;Kärl 660 L, metallförpackningar. 2ggr/ vecka ÅRKV ANTB
KÄ660ME13;KÄ660ME;660|ME|13;660;ME;13;;;STANDARD:Standard Avfall:406;Kärl 660 L, metallförpackningar. Var 4:e vecka ÅRKV ANTB
KÄ660ME26;KÄ660ME;660|ME|26;660;ME;26;;;STANDARD:Standard Avfall:405;Kärl 660 L, metallförpackningar. Var 14:e dag ÅRKV ANTB
KÄ660ME52;KÄ660ME;660|ME|52;660;ME;52;;;STANDARD:Standard Avfall:404;Kärl 660 L, metallförpackningar. Varje vecka ÅRKV ANTB
KÄ660MEBUD;KÄ660ME;660|ME|BUD;660;ME;;BUD;;STANDARD:Standard Avfall:407;Kärl 660 L, metallförpackningar. Budning KVAN ANTL
KÄ660PA104;KÄ660PA;660|PA|104;660;PA;104;;;STANDARD:Standard Avfall:397;Kärl 660 L, pappersförpackningar. 2ggr/ vecka ÅRKV ANTB
KÄ660PA13;KÄ660PA;660|PA|13;660;PA;13;;;STANDARD:Standard Avfall:400;Kärl 660 L, pappersförpackningar. Var 4:e vecka ÅRKV ANTB
KÄ660PA26;KÄ660PA;660|PA|26;660;PA;26;;;STANDARD:Standard Avfall:399;Kärl 660 L, pappersförpackningar. Var 14:e dag ÅRKV ANTB
KÄ660PA52;KÄ660PA;660|PA|52;660;PA;52;;;STANDARD:Standard Avfall:398;Kärl 660 L, pappersförpackningar. Varje vecka ÅRKV ANTB
KÄ660PABUD;KÄ660PA;660|PA|BUD;660;PA;;BUD;;STANDARD:Standard Avfall:401;Kärl 660 L, pappersförpackningar. Budning KVAN ANTL
KÄ660PL104;KÄ660PL;660|PL|104|LÅS;660;PL;104;LÅS;;STANDARD:Standard Avfall:409;Kärl 660 L, plastförpackningar. 2ggr/ vecka ÅRKV ANTB
KÄ660PL13;KÄ660PL;660|PL|13|LÅS;660;PL;13;LÅS;;STANDARD:Standard Avfall:412;Kärl 660 L, plastförpackningar. Var 4:e vecka ÅRKV ANTB
KÄ660PL26;KÄ660PL;660|PL|26|LÅS;660;PL;26;LÅS;;STANDARD:Standard Avfall:411;Kärl 660 L, plastförpackningar. Var 14:e dag ÅRKV ANTB
KÄ660PL52;KÄ660PL;660|PL|52|LÅS;660;PL;52;LÅS;;STANDARD:Standard Avfall:410;Kärl 660 L, plastförpackningar. Varje vecka ÅRKV ANTB
KÄ660PLBUD;KÄ660PL;660|PL|BUD;660;PL;;BUD;;STANDARD:Standard Avfall:413;Kärl 660 L, plastförpackningar. Budning KVAN ANTL
KÄ660RE026;KÄ660RE;660|RE|026;660;RE;026;;;STANDARD:Standard Avfall:68;Kärl 660 L, restavfall. Var 14:e dag ÅRKV ANTB
KÄ660RE104;KÄ660RE;660|RE|104;660;RE;104;;;STANDARD:Standard Avfall:66;Kärl 660 L, restavfall. 2ggr/ vecka ÅRKV ANTB
KÄ660RE11S;KÄ660RE;660|RE|11|S;660;RE;11;S;;STANDARD:Standard Avfall:72;Kärl 660 L, restavfall. Var 14:e dag säsong ÅRKV ANTB
KÄ660RE13;KÄ660RE;660|RE|13;660;RE;13;;;STANDARD:Standard Avfall:69;Kärl 660 L, restavfall. Var 4:e vecka ÅRKV ANTB
KÄ660RE13D2;KÄ660RE;660|RE|13;660;RE;13;;;STANDARD:Standard Avfall:9;Kärl 660 L, restavfall. Var 4:e vecka. 2 hh ÅRKV ANTB
KÄ660RE156;KÄ660RE;660|RE|156;660;RE;156;;;STANDARD:Standard Avfall:65;Kärl 660 L, restavfall. 3ggr/ vecka ÅRKV ANTB
KÄ660RE22S;KÄ660RE;660|RE|22|S;660;RE;22;S;;STANDARD:Standard Avfall:71;Kärl 660 L, restavfall. Varje vecka säsong ÅRKV ANTB
KÄ660RE26FV;KÄ660RE;660|RE|26|FV|FRITID;660;RE;26;FV;FRITID;RULE:Taxepunkter:45;Kärl 660 l (restavfall) Hushåll Restavfall Behållarvolym ÅRKV 660 §2.2.4 | §2.2.4 | Kärl 660 l (restavfall) | Hämtning var 14:e dag | st/år | KÄ660RE26FV | KÄ660RE26FV | ÅRKV |  |  |  | 
KÄ660RE26FV;KÄ660RE;660|RE|26|FV|FRITID;660;RE;26;FV;FRITID;RULE:Taxepunkter:76;Kärl 660 l (restavfall) Hushåll Restavfall Behållarvolym ÅRKV 660 §2.2.5 | §2.2.5 | Kärl 660 l (restavfall) | Hämtning var 14:e dag | st/år | KÄ660RE26FV | KÄ660RE26FV | ÅRKV |  |  |  | 
KÄ660RE26FV;KÄ660RE;660|RE|26|FV|FRITID;660;RE;26;FV;FRITID;RULE:Taxa_från_edp:126;Kärl 660 L, rest. FLB/VHT Okänd Behållarvolym ÅRKV KÄ660RE26FV | Kärl 660 L, rest. FLB/VHT | ÅRKV | Kärl 660 L, rest. FLB/VHT | ANTB
KÄ660RE26FV;KÄ660RE;660|RE|26|FV|FRITID;660;RE;26;FV;FRITID;RULE:Taxa_från_edp:127;Kärl 660 L, rest. FLB/VHT Okänd Behållarvolym KVAN KÄ660RE26FV | Kärl 660 L, rest. FLB/VHT | KVAN | Viktavgift restavfall kr/kg | VIKG,MAX60
KÄ660RE26FV;KÄ660RE;660|RE|26|FV|FRITID;660;RE;26;FV;FRITID;RULE:Taxa_från_edp:128;Kärl 660 L, rest. FLB/VHT Okänd Behållarvolym KVAN KÄ660RE26FV | Kärl 660 L, rest. FLB/VHT | KVAN | Avgift över 60 kg, restavfall | VIKG-60,MIN0
KÄ660RE44SD4;KÄ660RE;660|RE|44;660;RE;44;;;STANDARD:Standard Avfall:11;Kärl 660 L, restavfall. 2ggr/vecka säsong. 4 hh ÅRKV ANTB
KÄ660RE44S;KÄ660RE;660|RE|44|S;660;RE;44;S;;STANDARD:Standard Avfall:70;Kärl 660 L, restavfall. 2ggr/vecka säsong ÅRKV ANTB
KÄ660RE52;KÄ660RE;660|RE|52;660;RE;52;;;STANDARD:Standard Avfall:67;Kärl 660 L, restavfall. Varje vecka ÅRKV ANTB
KÄ660RE52FV;KÄ660RE;660|RE|52|FV|VERKSAMHET;660;RE;52;FV;VERKSAMHET;STANDARD:Standard Avfall:17;Kärl 660 L, restavfall. Varje vecka. Flerb.hus/Verksamheter ÅRKV ANTB
KÄ660RE6S;KÄ660RE;660|RE|6|S;660;RE;6;S;;STANDARD:Standard Avfall:73;Kärl 660 L, restavfall. Var 4:e vecka säsong ÅRKV ANTB
KÄ660TI104;KÄ660TI;660|TI|104;660;TI;104;;;STANDARD:Standard Avfall:391;Kärl 660 L, tidningar. 2ggr/ vecka ÅRKV ANTB
KÄ660TI13;KÄ660TI;660|TI|13;660;TI;13;;;STANDARD:Standard Avfall:394;Kärl 660 L, tidningar. Var 4:e vecka ÅRKV ANTB
KÄ660TI26;KÄ660TI;660|TI|26;660;TI;26;;;STANDARD:Standard Avfall:393;Kärl 660 L, tidningar. Var 14:e dag ÅRKV ANTB
KÄ660TI52;KÄ660TI;660|TI|52;660;TI;52;;;STANDARD:Standard Avfall:392;Kärl 660 L, tidningar. Varje vecka ÅRKV ANTB
KÄ660TIBUD;KÄ660TI;660|TI|BUD;660;TI;;BUD;;STANDARD:Standard Avfall:395;Kärl 660 L, tidningar. Budning KVAN ANTL
KÄMABUD;KÄMA;370|MA|BUD;370;MA;;BUD;;STANDARD:Standard Avfall:117;Kärl 140-370 L, matavfall. Budning KVAN ANTL
KÄREBUD;KÄRE;660|RE|BUD;660;RE;;BUD;;STANDARD:Standard Avfall:74;Kärl 140-660 L, restavfall. Budning KVAN ANTL
MANLASTBIL;MA;MA|NLASTBIL;;MA;;NLASTBIL;;RULE:Taxa_från_edp:135;MAN Lastbil- externa tjänster Okänd KVAN MANLASTBIL | MAN Lastbil- externa tjänster | KVAN | MAN Lastbil | TIMT
METALLSKROT;ME;ME|TALLSKROT;;ME;;TALLSKROT;;RULE:Taxa_från_edp:154;Metallskrot- rent Okänd KVAN METALLSKROT | Metallskrot- rent | KVAN | Metallskrot- rent | VITO
RES;RE;660|RE|S;660;RE;;S;;RULE:Taxa_från_edp:173;660 L RESURSKÄRL Okänd Behållarvolym KVAN RES | 660 L RESURSKÄRL | KVAN | Tömning av resurskärl | ANTL
RENH0;RE;RE;;RE;;;;STANDARD:Standard Avfall:307;Dummytaxa för tjänst ÅRKV 0
RESTSKULD;RE;RE|STSKULD;;RE;;STSKULD;;RULE:Taxa_från_edp:174;Restskuld Okänd KVAN RESTSKULD | Restskuld | KVAN | Restskuld | 
SAML;SA;ML;;;;ML;;RULE:Taxa_från_edp:178;SAMLINGSKÄRL Okänd ÅRPR SAML | SAMLINGSKÄRL | ÅRPR | Sophämtning samlingskärl | 
SAML;SA;ML;;;;ML;;RULE:Taxa_från_edp:179;SAMLINGSKÄRL Okänd ÅRPR SAML | SAMLINGSKÄRL | ÅRPR | Grundavgift | 
SAMLB;SA;MLB|FRITID;;;;MLB;FRITID;RULE:Taxa_från_edp:180;FRITIDSHUS BRÄSKAFORS Okänd ÅRPR SAMLB | FRITIDSHUS BRÄSKAFORS | ÅRPR | Sophämtning samlingskärl | 
SAMLB;SA;MLB|FRITID;;;;MLB;FRITID;RULE:Taxa_från_edp:181;FRITIDSHUS BRÄSKAFORS Okänd ÅRPR SAMLB | FRITIDSHUS BRÄSKAFORS | ÅRPR | Grundavgift | 
SAMLF;SA;MLF|FRITID;;;;MLF;FRITID;RULE:Taxa_från_edp:182;SAMLINGSKÄRL FRITIDSHUS Okänd ÅRPR SAMLF | SAMLINGSKÄRL FRITIDSHUS | ÅRPR | Sophämtning samlingskärl | 
SAMLF;SA;MLF|FRITID;;;;MLF;FRITID;RULE:Taxa_från_edp:183;SAMLINGSKÄRL FRITIDSHUS Okänd ÅRPR SAMLF | SAMLINGSKÄRL FRITIDSHUS | ÅRPR | Grundavgift | 
SAMAM;SAMA;MA|M;;MA;;M;;RULE:Taxa_från_edp:176;SAMLINGSKÄRL AMMARNÄS Okänd ÅRPR SAMAM | SAMLINGSKÄRL AMMARNÄS | ÅRPR | Sophämtning samlingskärl | 
SAMAM;SAMA;MA|M;;MA;;M;;RULE:Taxa_från_edp:177;SAMLINGSKÄRL AMMARNÄS Okänd ÅRPR SAMAM | SAMLINGSKÄRL AMMARNÄS | ÅRPR | Grundavgift | 
SLT03SL;SL;BASE;;;;;;STANDARD:Standard Slam:79;Sluten tank 0-3 m³, slam KVAN ANTL
SLT03SLB;SL;BASE;;;;;;STANDARD:Standard Slam:62;Sluten tank 0-3 m³, slam. Budning KVAN ANTL
SLT03SLBUD;SL;BASE;;;;;;STANDARD:Standard Slam:29;Sluten tank 0-3 m³, slam. Budning ÅRKV 0
SLT03SLBUD;SL;BASE;;;;;;RULE:Taxa_från_edp:203;Sluten tank 0-3 m³, slam. Budning Slam Slam ÅRKV SLT03SLBUD | Sluten tank 0-3 m³, slam. Budning | ÅRKV | Sluten tank 0-3 m³, slam. Bud | ANTB
SLT03SLO;SL;BASE;;;;;;STANDARD:Standard Slam:46;Sluten tank 0-3 m³, slam. Ordinarie tur KVAN ANTL
SLT03SLORD;SL;BASE;;;;;;STANDARD:Standard Slam:13;Sluten tank 0-3 m³, slam. Ordinarie tur ÅRKV 0
SLT03SLORD;SL;BASE;;;;;;RULE:Taxa_från_edp:204;Sluten tank 0-3 m³, slam. Ordinarie tur Slam Slam ÅRKV SLT03SLORD | Sluten tank 0-3 m³, slam. Ordinarie tur | ÅRKV | Sluten tank 0-3 m³, slam. Ord | ANTB
SLT36SL;SL;BASE;;;;;;STANDARD:Standard Slam:80;Sluten tank 3,1-6 m³, slam KVAN ANTL
SLT36SLB;SL;BASE;;;;;;STANDARD:Standard Slam:63;Sluten tank 3,1-6 m³, slam. Budning KVAN ANTL
SLT36SLBUD;SL;BASE;;;;;;STANDARD:Standard Slam:30;Sluten tank 3,1-6 m³, slam. Budning ÅRKV 0
SLT36SLBUD;SL;BASE;;;;;;RULE:Taxa_från_edp:205;Sluten tank 3,1-6 m³, slam. Budning Slam Slam ÅRKV SLT36SLBUD | Sluten tank 3,1-6 m³, slam. Budning | ÅRKV | Sluten tank 3,1-6 m³, slam. Bud | ANTB
SLT36SLO;SL;BASE;;;;;;STANDARD:Standard Slam:47;Sluten tank 3,1-6 m³, slam. Ordinarie tur KVAN ANTL
SLT36SLORD;SL;BASE;;;;;;STANDARD:Standard Slam:14;Sluten tank 3,1-6 m³, slam. Ordinarie tur ÅRKV 0
SLT36SLORD;SL;BASE;;;;;;RULE:Taxa_från_edp:206;Sluten tank 3,1-6 m³, slam. Ordinarie tur Slam Slam ÅRKV SLT36SLORD | Sluten tank 3,1-6 m³, slam. Ordinarie tur | ÅRKV | Sluten tank 3,1-6 m³, slam. Ord | ANTB
SLTÖ6SL;SL;BASE;;;;;;STANDARD:Standard Slam:81;Sluten tank över 6 m³, slam KVAN ANTL
SLTÖ6SLB;SL;BASE;;;;;;STANDARD:Standard Slam:64;Sluten tank över 6 m³, slam. Budning KVAN ANTL
SLTÖ6SLBUD;SL;BASE;;;;;;STANDARD:Standard Slam:31;Sluten tank över 6 m³, slam. Budning ÅRKV 1
SLTÖ6SLBUD;SL;BASE;;;;;;RULE:Taxa_från_edp:210;Sluten tank över 6 m³, slam. Budning Slam Slam ÅRKV SLTÖ6SLBUD | Sluten tank över 6 m³, slam. Budning | ÅRKV | Sluten tank över 6 m³, slam. Bud | ANTB
SLTÖ6SLO;SL;BASE;;;;;;STANDARD:Standard Slam:48;Sluten tank över 6 m³, slam. Ordinarie tur KVAN ANTL
SLTÖ6SLORD;SL;BASE;;;;;;STANDARD:Standard Slam:15;Sluten tank över 6 m³, slam. Ordinarie tur ÅRKV 0
SLTÖ6SLORD;SL;BASE;;;;;;RULE:Taxa_från_edp:211;Sluten tank över 6 m³, slam. Ordinarie tur Slam Slam ÅRKV SLTÖ6SLORD | Sluten tank över 6 m³, slam. Ordinarie tur | ÅRKV | Sluten tank över 6 m³, slam. Ord | ANTB
SLBEHAVG;SL;BEHAVG;;;;BEHAVG;;STANDARD:Standard Slam:93;Slam, behandlingsavgift KVAN VITO/KBMS
SLBOM;SL;BOM;;;;BOM;;STANDARD:Standard Slam:92;Slam, bomkörning KVAN ANTL
SLBUD;SL;BUD;;;;BUD;;STANDARD:Standard Slam:90;Slam, tillägg budning KVAN ANTL
SLFRAMKÖR;SL;FRAMKÖR;;;;FRAMKÖR;;RULE:Taxa_från_edp:199;Slam, framkörningsavgift Slam Slam KVAN SLFRAMKÖR | Slam, framkörningsavgift | KVAN | Framkörningsavgift slam | ANTL
SLSLANG;SL;SLANG;;;;SLANG;;STANDARD:Standard Slam:95;Slam, tillägg slanglängd KVAN SLNG
SLSLANG;SL;SLANG;;;;SLANG;;RULE:Taxa_från_edp:201;Slam, tillägg för slangdragning Slam Slam KVAN SLSLANG | Slam, tillägg för slangdragning | KVAN | Slam, tillägg för slangdragning | ANTL
SLSLANGSTAT;SL;SLANGSTAT;;;;SLANGSTAT;;RULE:Taxa_från_edp:202;Slam, tillägg för slangdragning Slam Slam KVAN SLSLANGSTAT | Slam, tillägg för slangdragning | KVAN | Slam, tillägg för slangdragning | SLNG
SLTOAVAGN;SL;TOAVAGN;;;;TOAVAGN;;RULE:Taxa_från_edp:208;Tömning av toalettvagn eller liknande Okänd KVAN SLTOAVAGN | Tömning av toalettvagn eller liknande | KVAN | Tömning av toalettvagn eller liknande | ANTL
SLTUNGTL;SL;TUNGTL;;;;TUNGTL;;STANDARD:Standard Slam:96;Slam, tillägg tungt lock KVAN ANTL
SLTUNGTLOCK;SL;TUNGTLOCK;;;;TUNGTLOCK;;RULE:Taxa_från_edp:209;Lyft av tungt brunnslock över 15 kg Okänd KVAN SLTUNGTLOCK | Lyft av tungt brunnslock över 15 kg | KVAN | Lyft av tungt brunnslock över 15 kg | ANTL
SLÖVERKBM;SL;ÖVERKBM;;;;ÖVERKBM;;STANDARD:Standard Slam:94;Slam, tillägg överkbm KVAN KBMÖ
SLAM3;SLA;BASE;;;;;;RULE:Taxa_från_edp:186;SLAM MER ÄN 3 kbm Slam Slam KVAN SLAM3 | SLAM MER ÄN 3 kbm | KVAN | Tömning av slambrunn | ANTL
SLAM3D;SLA;BASE;;;;;;RULE:Taxa_från_edp:187;Slam3 dummy Okänd KVAN SLAM3D | Slam3 dummy | KVAN | Slam >3 kbm | ANTB
SLAM6;SLA;BASE;;;;;;RULE:Taxa_från_edp:189;SLAMBRUNN ÖVER 6 KBM Okänd KVAN SLAM6 | SLAMBRUNN ÖVER 6 KBM | KVAN | Tömn av slambrunn över 6 kbm | ANTL
SLAM6D;SLA;BASE;;;;;;RULE:Taxa_från_edp:190;Slam6 dummy Okänd KVAN SLAM6D | Slam6 dummy | KVAN | Slam >6 kbm | ANTB
SLAM3D;SLA;EX;;;;EX;;RULE:Taxa_från_edp:188;Slam3 dummy Okänd KVAN SLAM3D | Slam3 dummy | KVAN | Extra slang > 5 m | SLNG
SLAM6D;SLA;EX;;;;EX;;RULE:Taxa_från_edp:191;Slam6 dummy Okänd KVAN SLAM6D | Slam6 dummy | KVAN | Extra slang > 5 m | SLNG
SLAKUT;SLA;KUT;;;;KUT;;STANDARD:Standard Slam:91;Slam, tillägg akuttömning KVAN ANTL
SLAKUT;SLA;KUT;;;;KUT;;RULE:Taxa_från_edp:184;Slam, tillägg för akut tömning Slam Slam KVAN SLAKUT | Slam, tillägg för akut tömning | KVAN | Tillägg för akut tömning | ANTL
SLAM;SLA;M;;;;M;;RULE:Taxa_från_edp:185;SLAM Slam Slam KVAN SLAM | SLAM | KVAN | Tömning av slambrunn | ANTL
SLAMD;SLA;MD;;;;MD;;RULE:Taxa_från_edp:192;Slam dummy Slam Slam KVAN SLAMD | Slam dummy | KVAN | Slam <3 kbm | ANTB
SLAMD;SLA;MD;;;;MD;;RULE:Taxa_från_edp:193;Slam dummy Slam Slam KVAN SLAMD | Slam dummy | KVAN | Extra slang > 5 m | SLNG
SlamInfo;SLA;MINFO;;;;MINFO;;RULE:Taxa_från_edp:194;SLAM Slam Slam KVAN SlamInfo | SLAM | KVAN | Tömning av slambrunn | ANTL
SlamInfo;SLA;MINFO;;;;MINFO;;RULE:Taxa_från_edp:195;SLAM Slam Slam KVAN SlamInfo | SLAM | KVAN | Slanglängd | SLNG
SLAMKOMP;SLA;MKOMP;;;;MKOMP;;STANDARD:Standard Avfall:316;Dummytaxa slamkompost ÅRKV 0
SLAMTUNNA;SLA;MTUNNA;;;;MTUNNA;;RULE:Taxa_från_edp:196;Rolba slamtunna- externa tjänster Okänd KVAN SLAMTUNNA | Rolba slamtunna- externa tjänster | KVAN | Rolba slamtunna | TIMT
SLAVROP;SLA;VROP;;;;VROP;;RULE:Taxa_från_edp:197;Slam, tillägg för avropad/budad tömning Slam Slam KVAN SLAVROP | Slam, tillägg för avropad/budad tömning | KVAN | Tillägg för avropad/budad tömning | ANTL
SLAVSTEG;SLA;VSTEG;;;;VSTEG;;RULE:Taxa_från_edp:198;Slam, avgift avsteg från gällande abonnemang Slam Slam KVAN SLAVSTEG | Slam, avgift avsteg från gällande abonnemang | KVAN | Avgift avsteg från gällande abonnemang | ANTL
SLMEDDELANDE;SLME;ME|DDELANDE;;ME;;DDELANDE;;RULE:Taxa_från_edp:200;Avgift för ej uppfyllt meddelaransvar Okänd KVAN SLMEDDELANDE | Avgift för ej uppfyllt meddelaransvar | KVAN | Avgift för ej uppfyllt meddelaransvar | ANTL
SLTIMTID;SLTI;TI|MTID;;TI;;MTID;;RULE:Taxa_från_edp:207;Slam, tillägg timtid för tömning överstigande 1 timme Slam Slam KVAN SLTIMTID | Slam, tillägg timtid för tömning överstigande 1 timme | KVAN | Tömning överstigande 1 timme | TIMT
SÄ160OS11S;SÄ160;160;160;;;;;STANDARD:Standard Avfall:137;Säck 160 L, osort. avfall. Var 14:e dag säsong ÅRKV ANTB
SÄ160OS13;SÄ160;160;160;;;;;STANDARD:Standard Avfall:134;Säck 160 L, osort. avfall. Var 4:e vecka ÅRKV ANTB
SÄ160OS22S;SÄ160;160;160;;;;;STANDARD:Standard Avfall:136;Säck 160 L, osort. avfall. Varje vecka säsong ÅRKV ANTB
SÄ160OS26;SÄ160;160;160;;;;;STANDARD:Standard Avfall:133;Säck 160 L, osort. avfall. Var 14:e dag ÅRKV ANTB
SÄ160OS52;SÄ160;160;160;;;;;STANDARD:Standard Avfall:132;Säck 160 L, osort. avfall. Varje vecka ÅRKV ANTB
SÄ160OS6S;SÄ160;160;160;;;;;STANDARD:Standard Avfall:138;Säck 160 L, osort. avfall. Var 4:e vecka säsong ÅRKV ANTB
SÄ160OS104;SÄ160;160|2;160;;2;;;STANDARD:Standard Avfall:131;Säck 160 L, osort. avfall. 2ggr/ vecka ÅRKV ANTB
SÄ160OS44S;SÄ160;160|2;160;;2;;;STANDARD:Standard Avfall:135;Säck 160 L, osort. avfall. 2ggr/ vecka säsong ÅRKV ANTB
SÄ160OS156;SÄ160;160|3;160;;3;;;STANDARD:Standard Avfall:130;Säck 160 L, osort. avfall. 3ggr/ vecka ÅRKV ANTB
TILLGODO;TI;TI|LLGODO;;TI;;LLGODO;;RULE:Taxa_från_edp:220;Kreditavdrag Okänd KRED TILLGODO | Kreditavdrag | KRED | Kreditavdrag | 
TINTAGCO;TI;TI|NTAGCO;;TI;;NTAGCO;;STANDARD:Standard Avfall:437;Transport, intagskostnad container KVAN ANTL
TINTAGKÄ;TI;TI|NTAGKÄ;;TI;;NTAGKÄ;;STANDARD:Standard Avfall:435;Transport, intagskostnad kärl KVAN ANTL
TRÄBEHANDL;TR;TR|ÄBEHANDL;;TR;;ÄBEHANDL;;RULE:Taxa_från_edp:221;Träavfall- behandlat utan tapet, plastmatta, tjärpapp Okänd KVAN TRÄBEHANDL | Träavfall- behandlat utan tapet, plastmatta, tjärpapp | KVAN | Träavfall- behandlat | VITO
TRÄDGÅRDBUD;TR;TR|ÄDGÅRDBUD;;TR;;ÄDGÅRDBUD;;RULE:Taxa_från_edp:222;Budning av trädgårdsavfall, pris per tillfälle Okänd Tillfälle KVAN TRÄDGÅRDBUD | Budning av trädgårdsavfall, pris per tillfälle | KVAN | Budning av trädgårdsavfall, pris per tillfälle | ANTL
TRÄRENT;TR;TR|ÄRENT;;TR;;ÄRENT;;RULE:Taxa_från_edp:223;Träavfall- rent utan tapet, plastmatta, tjärpapp Okänd KVAN TRÄRENT | Träavfall- rent utan tapet, plastmatta, tjärpapp | KVAN | Träavfall- rent | VITO
